This is pdfTeX, Version 3.141592653-2.6-1.40.28 (MiKTeX 25.12) (preloaded format=pdflatex 2026.3.26)  27 MAR 2026 10:10
entering extended mode
 restricted \write18 enabled.
 %&-line parsing enabled.
**./main.tex
(main.tex
LaTeX2e <2025-11-01>
L3 programming layer <2025-12-24>
(C:\Users\Bristol\AppData\Local\Programs\MiKTeX\tex/latex/base\article.cls
Document Class: article 2025/01/22 v1.4n Standard LaTeX document class
(C:\Users\Bristol\AppData\Local\Programs\MiKTeX\tex/latex/base\size10.clo
File: size10.clo 2025/01/22 v1.4n Standard LaTeX file (size option)
)
\c@part=\count275
\c@section=\count276
\c@subsection=\count277
\c@subsubsection=\count278
\c@paragraph=\count279
\c@subparagraph=\count280
\c@figure=\count281
\c@table=\count282
\abovecaptionskip=\skip49
\belowcaptionskip=\skip50
\bibindent=\dimen148
)
(C:\Users\Bristol\AppData\Local\Programs\MiKTeX\tex/latex/geometry\geometry.sty
Package: geometry 2026/03/07 v6.0 Page Geometry
(C:\Users\Bristol\AppData\Local\Programs\MiKTeX\tex/latex/graphics\keyval.sty
Package: keyval 2022/05/29 v1.15 key=value parser (DPC)
\KV@toks@=\toks17
)
(C:\Users\Bristol\AppData\Local\Programs\MiKTeX\tex/generic/iftex\ifvtex.sty
Package: ifvtex 2019/10/25 v1.7 ifvtex legacy package. Use iftex instead.

(C:\Users\Bristol\AppData\Local\Programs\MiKTeX\tex/generic/iftex\iftex.sty
Package: iftex 2024/12/12 v1.0g TeX engine tests
))
\Gm@cnth=\count283
\Gm@cntv=\count284
\c@Gm@tempcnt=\count285
\Gm@bindingoffset=\dimen149
\Gm@wd@mp=\dimen150
\Gm@odd@mp=\dimen151
\Gm@even@mp=\dimen152
\Gm@layoutwidth=\dimen153
\Gm@layoutheight=\dimen154
\Gm@layouthoffset=\dimen155
\Gm@layoutvoffset=\dimen156
\Gm@dimlist=\toks18

(C:\Users\Bristol\AppData\Local\Programs\MiKTeX\tex/latex/geometry\geometry.cfg
))
(C:\Users\Bristol\AppData\Local\Programs\MiKTeX\tex/latex/microtype\microtype.s
ty
Package: microtype 2026/03/01 v3.2d Micro-typographical refinements (RS)

(C:\Users\Bristol\AppData\Local\Programs\MiKTeX\tex/latex/etoolbox\etoolbox.sty
Package: etoolbox 2025/10/02 v2.5m e-TeX tools for LaTeX (JAW)
\etb@tempcnta=\count286
)
\MT@toks=\toks19
\MT@tempbox=\box53
\MT@count=\count287
LaTeX Info: Redefining \noprotrusionifhmode on input line 1084.
LaTeX Info: Redefining \leftprotrusion on input line 1085.
\MT@prot@toks=\toks20
LaTeX Info: Redefining \rightprotrusion on input line 1104.
LaTeX Info: Redefining \textls on input line 1449.
\MT@outer@kern=\dimen157
LaTeX Info: Redefining \microtypecontext on input line 2053.
LaTeX Info: Redefining \textmicrotypecontext on input line 2070.
\MT@listname@count=\count288

(C:\Users\Bristol\AppData\Local\Programs\MiKTeX\tex/latex/microtype\microtype-p
dftex.def
File: microtype-pdftex.def 2026/03/01 v3.2d Definitions specific to pdftex (RS)

LaTeX Info: Redefining \lsstyle on input line 944.
LaTeX Info: Redefining \lslig on input line 944.
\MT@outer@space=\skip51
)
Package microtype Info: Loading configuration file microtype.cfg.

(C:\Users\Bristol\AppData\Local\Programs\MiKTeX\tex/latex/microtype\microtype.c
fg
File: microtype.cfg 2026/03/01 v3.2d microtype main configuration file (RS)
)
LaTeX Info: Redefining \microtypesetup on input line 3065.
) (C:\Users\Bristol\AppData\Local\Programs\MiKTeX\tex/latex/lm\lmodern.sty
Package: lmodern 2015/05/01 v1.6.1 Latin Modern Fonts
LaTeX Font Info:    Overwriting symbol font `operators' in version `normal'
(Font)                  OT1/cmr/m/n --> OT1/lmr/m/n on input line 22.
LaTeX Font Info:    Overwriting symbol font `letters' in version `normal'
(Font)                  OML/cmm/m/it --> OML/lmm/m/it on input line 23.
LaTeX Font Info:    Overwriting symbol font `symbols' in version `normal'
(Font)                  OMS/cmsy/m/n --> OMS/lmsy/m/n on input line 24.
LaTeX Font Info:    Overwriting symbol font `largesymbols' in version `normal'
(Font)                  OMX/cmex/m/n --> OMX/lmex/m/n on input line 25.
LaTeX Font Info:    Overwriting symbol font `operators' in version `bold'
(Font)                  OT1/cmr/bx/n --> OT1/lmr/bx/n on input line 26.
LaTeX Font Info:    Overwriting symbol font `letters' in version `bold'
(Font)                  OML/cmm/b/it --> OML/lmm/b/it on input line 27.
LaTeX Font Info:    Overwriting symbol font `symbols' in version `bold'
(Font)                  OMS/cmsy/b/n --> OMS/lmsy/b/n on input line 28.
LaTeX Font Info:    Overwriting symbol font `largesymbols' in version `bold'
(Font)                  OMX/cmex/m/n --> OMX/lmex/m/n on input line 29.
LaTeX Font Info:    Overwriting math alphabet `\mathbf' in version `normal'
(Font)                  OT1/cmr/bx/n --> OT1/lmr/bx/n on input line 31.
LaTeX Font Info:    Overwriting math alphabet `\mathsf' in version `normal'
(Font)                  OT1/cmss/m/n --> OT1/lmss/m/n on input line 32.
LaTeX Font Info:    Overwriting math alphabet `\mathit' in version `normal'
(Font)                  OT1/cmr/m/it --> OT1/lmr/m/it on input line 33.
LaTeX Font Info:    Overwriting math alphabet `\mathtt' in version `normal'
(Font)                  OT1/cmtt/m/n --> OT1/lmtt/m/n on input line 34.
LaTeX Font Info:    Overwriting math alphabet `\mathbf' in version `bold'
(Font)                  OT1/cmr/bx/n --> OT1/lmr/bx/n on input line 35.
LaTeX Font Info:    Overwriting math alphabet `\mathsf' in version `bold'
(Font)                  OT1/cmss/bx/n --> OT1/lmss/bx/n on input line 36.
LaTeX Font Info:    Overwriting math alphabet `\mathit' in version `bold'
(Font)                  OT1/cmr/bx/it --> OT1/lmr/bx/it on input line 37.
LaTeX Font Info:    Overwriting math alphabet `\mathtt' in version `bold'
(Font)                  OT1/cmtt/m/n --> OT1/lmtt/m/n on input line 38.
)
(C:\Users\Bristol\AppData\Local\Programs\MiKTeX\tex/latex/setspace\setspace.sty
Package: setspace 2022/12/04 v6.7b set line spacing
)
(C:\Users\Bristol\AppData\Local\Programs\MiKTeX\tex/latex/graphics\graphicx.sty
Package: graphicx 2024/12/31 v1.2e Enhanced LaTeX Graphics (DPC,SPQR)

(C:\Users\Bristol\AppData\Local\Programs\MiKTeX\tex/latex/graphics\graphics.sty
Package: graphics 2024/08/06 v1.4g Standard LaTeX Graphics (DPC,SPQR)
(C:\Users\Bristol\AppData\Local\Programs\MiKTeX\tex/latex/graphics\trig.sty
Package: trig 2023/12/02 v1.11 sin cos tan (DPC)
)
(C:\Users\Bristol\AppData\Local\Programs\MiKTeX\tex/latex/graphics-cfg\graphics
.cfg
File: graphics.cfg 2016/06/04 v1.11 sample graphics configuration
)
Package graphics Info: Driver file: pdftex.def on input line 106.

(C:\Users\Bristol\AppData\Local\Programs\MiKTeX\tex/latex/graphics-def\pdftex.d
ef
File: pdftex.def 2025/09/29 v1.2d Graphics/color driver for pdftex
))
\Gin@req@height=\dimen158
\Gin@req@width=\dimen159
)
(C:\Users\Bristol\AppData\Local\Programs\MiKTeX\tex/latex/wrapfig\wrapfig.sty
\wrapoverhang=\dimen160
\WF@size=\dimen161
\c@WF@wrappedlines=\count289
\WF@box=\box54
\WF@everypar=\toks21
Package: wrapfig 2003/01/31  v 3.6
)
(C:\Users\Bristol\AppData\Local\Programs\MiKTeX\tex/latex/caption\subcaption.st
y
Package: subcaption 2023/07/28 v1.6b Sub-captions (AR)
 (C:\Users\Bristol\AppData\Local\Programs\MiKTeX\tex/latex/caption\caption.sty
Package: caption 2023/08/05 v3.6o Customizing captions (AR)
(C:\Users\Bristol\AppData\Local\Programs\MiKTeX\tex/latex/caption\caption3.sty
Package: caption3 2023/07/31 v2.4d caption3 kernel (AR)
\caption@tempdima=\dimen162
\captionmargin=\dimen163
\caption@leftmargin=\dimen164
\caption@rightmargin=\dimen165
\caption@width=\dimen166
\caption@indent=\dimen167
\caption@parindent=\dimen168
\caption@hangindent=\dimen169
Package caption Info: Standard document class detected.
)
\c@caption@flags=\count290
\c@continuedfloat=\count291
Package caption Info: wrapfig package is loaded.
)
Package caption Info: New subtype `subfigure' on input line 238.
\c@subfigure=\count292
Package caption Info: New subtype `subtable' on input line 238.
\c@subtable=\count293
) (C:\Users\Bristol\AppData\Local\Programs\MiKTeX\tex/latex/float\float.sty
Package: float 2001/11/08 v1.3d Float enhancements (AL)
\c@float@type=\count294
\float@exts=\toks22
\float@box=\box55
\@float@everytoks=\toks23
\@floatcapt=\box56
)
(C:\Users\Bristol\AppData\Local\Programs\MiKTeX\tex/latex/placeins\placeins.sty
Package: placeins 2005/04/18  v 2.2
)
(C:\Users\Bristol\AppData\Local\Programs\MiKTeX\tex/latex/booktabs\booktabs.sty
Package: booktabs 2020/01/12 v1.61803398 Publication quality tables
\heavyrulewidth=\dimen170
\lightrulewidth=\dimen171
\cmidrulewidth=\dimen172
\belowrulesep=\dimen173
\belowbottomsep=\dimen174
\aboverulesep=\dimen175
\abovetopsep=\dimen176
\cmidrulesep=\dimen177
\cmidrulekern=\dimen178
\defaultaddspace=\dimen179
\@cmidla=\count295
\@cmidlb=\count296
\@aboverulesep=\dimen180
\@belowrulesep=\dimen181
\@thisruleclass=\count297
\@lastruleclass=\count298
\@thisrulewidth=\dimen182
) (C:\Users\Bristol\AppData\Local\Programs\MiKTeX\tex/latex/tools\array.sty
Package: array 2025/09/25 v2.6n Tabular extension package (FMi)
\col@sep=\dimen183
\ar@mcellbox=\box57
\extrarowheight=\dimen184
\NC@list=\toks24
\extratabsurround=\skip52
\backup@length=\skip53
\ar@cellbox=\box58
)
(C:\Users\Bristol\AppData\Local\Programs\MiKTeX\tex/latex/tools\tabularx.sty
Package: tabularx 2023/12/11 v2.12a `tabularx' package (DPC)
\TX@col@width=\dimen185
\TX@old@table=\dimen186
\TX@old@col=\dimen187
\TX@target=\dimen188
\TX@delta=\dimen189
\TX@cols=\count299
\TX@ftn=\toks25
)
(C:\Users\Bristol\AppData\Local\Programs\MiKTeX\tex/latex/ltablex\ltablex.sty
Package: ltablex 2014/08/13 v1.1 Modified tabularx

(C:\Users\Bristol\AppData\Local\Programs\MiKTeX\tex/latex/tools\longtable.sty
Package: longtable 2025-10-13 v4.24 Multi-page Table package (DPC)
\LTleft=\skip54
\LTright=\skip55
\LTpre=\skip56
\LTpost=\skip57
\LTchunksize=\count300
\LTcapwidth=\dimen190
\LT@head=\box59
\LT@firsthead=\box60
\LT@foot=\box61
\LT@lastfoot=\box62
\LT@gbox=\box63
\LT@cols=\count301
\LT@rows=\count302
\c@LT@tables=\count303
\c@LT@chunks=\count304
\LT@p@ftn=\toks26
)) (C:\Users\Bristol\AppData\Local\Programs\MiKTeX\tex/latex/siunitx\siunitx.st
y
Package: siunitx 2025-07-09 v3.4.14 A comprehensive (SI) units package
\l__siunitx_number_uncert_offset_int=\count305
\l__siunitx_number_exponent_fixed_int=\count306
\l__siunitx_number_min_decimal_int=\count307
\l__siunitx_number_min_integer_int=\count308
\l__siunitx_number_round_precision_int=\count309
\l__siunitx_number_lower_threshold_int=\count310
\l__siunitx_number_upper_threshold_int=\count311
\l__siunitx_number_group_first_int=\count312
\l__siunitx_number_group_size_int=\count313
\l__siunitx_number_group_minimum_int=\count314
\l__siunitx_angle_tmp_dim=\dimen191
\l__siunitx_angle_marker_box=\box64
\l__siunitx_angle_unit_box=\box65
\l__siunitx_compound_count_int=\count315

(C:\Users\Bristol\AppData\Local\Programs\MiKTeX\tex/latex/translations\translat
ions.sty
Package: translations 2022/02/05 v1.12 internationalization of LaTeX2e packages
 (CN)

(C:\Users\Bristol\AppData\Local\Programs\MiKTeX\tex/generic/pdftexcmds\pdftexcm
ds.sty
Package: pdftexcmds 2020-06-27 v0.33 Utility functions of pdfTeX for LuaTeX (HO
)

(C:\Users\Bristol\AppData\Local\Programs\MiKTeX\tex/generic/infwarerr\infwarerr
.sty
Package: infwarerr 2019/12/03 v1.5 Providing info/warning/error messages (HO)
)
(C:\Users\Bristol\AppData\Local\Programs\MiKTeX\tex/generic/ltxcmds\ltxcmds.sty
Package: ltxcmds 2023-12-04 v1.26 LaTeX kernel commands for general use (HO)
)
Package pdftexcmds Info: \pdf@primitive is available.
Package pdftexcmds Info: \pdf@ifprimitive is available.
Package pdftexcmds Info: \pdfdraftmode found.
))
(C:\Users\Bristol\AppData\Local\Programs\MiKTeX\tex/latex/amsmath\amstext.sty
Package: amstext 2024/11/17 v2.01 AMS text

(C:\Users\Bristol\AppData\Local\Programs\MiKTeX\tex/latex/amsmath\amsgen.sty
File: amsgen.sty 1999/11/30 v2.0 generic functions
\@emptytoks=\toks27
\ex@=\dimen192
))
\l__siunitx_table_tmp_box=\box66
\l__siunitx_table_tmp_dim=\dimen193
\l__siunitx_table_column_width_dim=\dimen194
\l__siunitx_table_integer_box=\box67
\l__siunitx_table_decimal_box=\box68
\l__siunitx_table_uncert_box=\box69
\l__siunitx_table_before_box=\box70
\l__siunitx_table_after_box=\box71
\l__siunitx_table_before_dim=\dimen195
\l__siunitx_table_carry_dim=\dimen196
\l__siunitx_unit_tmp_int=\count316
\l__siunitx_unit_position_int=\count317
\l__siunitx_unit_total_int=\count318
)
(C:\Users\Bristol\AppData\Local\Programs\MiKTeX\tex/latex/multirow\multirow.sty
Package: multirow 2024/11/12 v2.9 Span multiple rows of a table
\multirow@colwidth=\skip58
\multirow@cntb=\count319
\multirow@dima=\skip59
\bigstrutjot=\dimen197
) (C:\Users\Bristol\AppData\Local\Programs\MiKTeX\tex/latex/amsmath\amsmath.sty
Package: amsmath 2025/07/09 v2.17z AMS math features
\@mathmargin=\skip60
For additional information on amsmath, use the `?' option.
(C:\Users\Bristol\AppData\Local\Programs\MiKTeX\tex/latex/amsmath\amsbsy.sty
Package: amsbsy 1999/11/29 v1.2d Bold Symbols
\pmbraise@=\dimen198
)
(C:\Users\Bristol\AppData\Local\Programs\MiKTeX\tex/latex/amsmath\amsopn.sty
Package: amsopn 2022/04/08 v2.04 operator names
)
\inf@bad=\count320
LaTeX Info: Redefining \frac on input line 233.
\uproot@=\count321
\leftroot@=\count322
LaTeX Info: Redefining \overline on input line 398.
LaTeX Info: Redefining \colon on input line 409.
\classnum@=\count323
\DOTSCASE@=\count324
LaTeX Info: Redefining \ldots on input line 495.
LaTeX Info: Redefining \dots on input line 498.
LaTeX Info: Redefining \cdots on input line 619.
\Mathstrutbox@=\box72
\strutbox@=\box73
LaTeX Info: Redefining \big on input line 721.
LaTeX Info: Redefining \Big on input line 722.
LaTeX Info: Redefining \bigg on input line 723.
LaTeX Info: Redefining \Bigg on input line 724.
\big@size=\dimen199
LaTeX Font Info:    Redeclaring font encoding OML on input line 742.
LaTeX Font Info:    Redeclaring font encoding OMS on input line 743.
\macc@depth=\count325
LaTeX Info: Redefining \bmod on input line 904.
LaTeX Info: Redefining \pmod on input line 909.
LaTeX Info: Redefining \smash on input line 939.
LaTeX Info: Redefining \relbar on input line 969.
LaTeX Info: Redefining \Relbar on input line 970.
\c@MaxMatrixCols=\count326
\dotsspace@=\muskip17
\c@parentequation=\count327
\dspbrk@lvl=\count328
\tag@help=\toks28
\row@=\count329
\column@=\count330
\maxfields@=\count331
\andhelp@=\toks29
\eqnshift@=\dimen256
\alignsep@=\dimen257
\tagshift@=\dimen258
\tagwidth@=\dimen259
\totwidth@=\dimen260
\lineht@=\dimen261
\@envbody=\toks30
\multlinegap=\skip61
\multlinetaggap=\skip62
\mathdisplay@stack=\toks31
LaTeX Info: Redefining \[ on input line 2950.
LaTeX Info: Redefining \] on input line 2951.
)
(C:\Users\Bristol\AppData\Local\Programs\MiKTeX\tex/latex/amsfonts\amssymb.sty
Package: amssymb 2013/01/14 v3.01 AMS font symbols

(C:\Users\Bristol\AppData\Local\Programs\MiKTeX\tex/latex/amsfonts\amsfonts.sty
Package: amsfonts 2013/01/14 v3.01 Basic AMSFonts support
\symAMSa=\mathgroup4
\symAMSb=\mathgroup5
LaTeX Font Info:    Redeclaring math symbol \hbar on input line 98.
LaTeX Font Info:    Overwriting math alphabet `\mathfrak' in version `bold'
(Font)                  U/euf/m/n --> U/euf/b/n on input line 106.
)) (C:\Users\Bristol\AppData\Local\Programs\MiKTeX\tex/latex/xcolor\xcolor.sty
Package: xcolor 2024/09/29 v3.02 LaTeX color extensions (UK)

(C:\Users\Bristol\AppData\Local\Programs\MiKTeX\tex/latex/graphics-cfg\color.cf
g
File: color.cfg 2016/01/02 v1.6 sample color configuration
)
Package xcolor Info: Driver file: pdftex.def on input line 274.

(C:\Users\Bristol\AppData\Local\Programs\MiKTeX\tex/latex/graphics\mathcolor.lt
x)
Package xcolor Info: Model `cmy' substituted by `cmy0' on input line 1349.
Package xcolor Info: Model `hsb' substituted by `rgb' on input line 1353.
Package xcolor Info: Model `RGB' extended on input line 1365.
Package xcolor Info: Model `HTML' substituted by `rgb' on input line 1367.
Package xcolor Info: Model `Hsb' substituted by `hsb' on input line 1368.
Package xcolor Info: Model `tHsb' substituted by `hsb' on input line 1369.
Package xcolor Info: Model `HSB' substituted by `hsb' on input line 1370.
Package xcolor Info: Model `Gray' substituted by `gray' on input line 1371.
Package xcolor Info: Model `wave' substituted by `hsb' on input line 1372.
)
(C:\Users\Bristol\AppData\Local\Programs\MiKTeX\tex/latex/graphics\dvipsnam.def
File: dvipsnam.def 2016/06/17 v3.0m Driver-dependent file (DPC,SPQR)
)
(C:\Users\Bristol\AppData\Local\Programs\MiKTeX\tex/latex/titlesec\titlesec.sty
Package: titlesec 2025/01/04 v2.17 Sectioning titles
\ttl@box=\box74
\beforetitleunit=\skip63
\aftertitleunit=\skip64
\ttl@plus=\dimen262
\ttl@minus=\dimen263
\ttl@toksa=\toks32
\titlewidth=\dimen264
\titlewidthlast=\dimen265
\titlewidthfirst=\dimen266
)
(C:\Users\Bristol\AppData\Local\Programs\MiKTeX\tex/latex/fancyhdr\fancyhdr.sty
Package: fancyhdr 2025/02/07 v5.2 Extensive control of page headers and footers

\f@nch@headwidth=\skip65
\f@nch@offset@elh=\skip66
\f@nch@offset@erh=\skip67
\f@nch@offset@olh=\skip68
\f@nch@offset@orh=\skip69
\f@nch@offset@elf=\skip70
\f@nch@offset@erf=\skip71
\f@nch@offset@olf=\skip72
\f@nch@offset@orf=\skip73
\f@nch@height=\skip74
\f@nch@footalignment=\skip75
\f@nch@widthL=\skip76
\f@nch@widthC=\skip77
\f@nch@widthR=\skip78
\@temptokenb=\toks33
)
(C:\Users\Bristol\AppData\Local\Programs\MiKTeX\tex/latex/enumitem\enumitem.sty
Package: enumitem 2025/02/06 v3.11 Customized lists
\labelindent=\skip79
\enit@outerparindent=\dimen267
\enit@toks=\toks34
\enit@inbox=\box75
\enit@count@id=\count332

! LaTeX Error: Unknown option `nosep' for package `enumitem'.

See the LaTeX manual or LaTeX Companion for explanation.
Type  H <return>  for immediate help.
 ...                                              
                                                  
l.1835 
       
The option `nosep' was not declared in package `enumitem', perhaps you
misspelled its name. Try typing  <return>  to proceed.

\enitdp@description=\count333
)
(C:\Users\Bristol\AppData\Local\Programs\MiKTeX\tex/latex/mdframed\mdframed.sty
Package: mdframed 2013/07/01 1.9b: mdframed

(C:\Users\Bristol\AppData\Local\Programs\MiKTeX\tex/latex/kvoptions\kvoptions.s
ty
Package: kvoptions 2022-06-15 v3.15 Key value format for package options (HO)

(C:\Users\Bristol\AppData\Local\Programs\MiKTeX\tex/latex/kvsetkeys\kvsetkeys.s
ty
Package: kvsetkeys 2022-10-05 v1.19 Key value parser (HO)
))
(C:\Users\Bristol\AppData\Local\Programs\MiKTeX\tex/latex/l3packages/xparse\xpa
rse.sty
(C:\Users\Bristol\AppData\Local\Programs\MiKTeX\tex/latex/l3kernel\expl3.sty
Package: expl3 2025-12-24 L3 programming layer (loader) 

(C:\Users\Bristol\AppData\Local\Programs\MiKTeX\tex/latex/l3backend\l3backend-p
dftex.def
File: l3backend-pdftex.def 2025-10-09 L3 backend support: PDF output (pdfTeX)
\l__color_backend_stack_int=\count334
))
Package: xparse 2025-10-09 L3 Experimental document command parser
)
(C:\Users\Bristol\AppData\Local\Programs\MiKTeX\tex/latex/zref\zref-abspage.sty
Package: zref-abspage 2026-03-07 v2.37 Module abspage for zref (HO)
(C:\Users\Bristol\AppData\Local\Programs\MiKTeX\tex/latex/zref\zref-base.sty
Package: zref-base 2026-03-07 v2.37 Module base for zref (HO)

(C:\Users\Bristol\AppData\Local\Programs\MiKTeX\tex/generic/kvdefinekeys\kvdefi
nekeys.sty
Package: kvdefinekeys 2019-12-19 v1.6 Define keys (HO)
)
(C:\Users\Bristol\AppData\Local\Programs\MiKTeX\tex/generic/etexcmds\etexcmds.s
ty
Package: etexcmds 2019/12/15 v1.7 Avoid name clashes with e-TeX commands (HO)
)
(C:\Users\Bristol\AppData\Local\Programs\MiKTeX\tex/latex/auxhook\auxhook.sty
Package: auxhook 2019-12-17 v1.6 Hooks for auxiliary files (HO)
)
Package zref Info: New property list: main on input line 767.
Package zref Info: New property: default on input line 768.
Package zref Info: New property: page on input line 769.
)
\c@abspage=\count335
Package zref Info: New property: abspage on input line 67.
)
(C:\Users\Bristol\AppData\Local\Programs\MiKTeX\tex/latex/needspace\needspace.s
ty
Package: needspace 2025/03/13 v1.3e reserve vertical space
)
\mdf@templength=\skip80
\c@mdf@globalstyle@cnt=\count336
\mdf@skipabove@length=\skip81
\mdf@skipbelow@length=\skip82
\mdf@leftmargin@length=\skip83
\mdf@rightmargin@length=\skip84
\mdf@innerleftmargin@length=\skip85
\mdf@innerrightmargin@length=\skip86
\mdf@innertopmargin@length=\skip87
\mdf@innerbottommargin@length=\skip88
\mdf@splittopskip@length=\skip89
\mdf@splitbottomskip@length=\skip90
\mdf@outermargin@length=\skip91
\mdf@innermargin@length=\skip92
\mdf@linewidth@length=\skip93
\mdf@innerlinewidth@length=\skip94
\mdf@middlelinewidth@length=\skip95
\mdf@outerlinewidth@length=\skip96
\mdf@roundcorner@length=\skip97
\mdf@footenotedistance@length=\skip98
\mdf@userdefinedwidth@length=\skip99
\mdf@needspace@length=\skip100
\mdf@frametitleaboveskip@length=\skip101
\mdf@frametitlebelowskip@length=\skip102
\mdf@frametitlerulewidth@length=\skip103
\mdf@frametitleleftmargin@length=\skip104
\mdf@frametitlerightmargin@length=\skip105
\mdf@shadowsize@length=\skip106
\mdf@extratopheight@length=\skip107
\mdf@subtitleabovelinewidth@length=\skip108
\mdf@subtitlebelowlinewidth@length=\skip109
\mdf@subtitleaboveskip@length=\skip110
\mdf@subtitlebelowskip@length=\skip111
\mdf@subtitleinneraboveskip@length=\skip112
\mdf@subtitleinnerbelowskip@length=\skip113
\mdf@subsubtitleabovelinewidth@length=\skip114
\mdf@subsubtitlebelowlinewidth@length=\skip115
\mdf@subsubtitleaboveskip@length=\skip116
\mdf@subsubtitlebelowskip@length=\skip117
\mdf@subsubtitleinneraboveskip@length=\skip118
\mdf@subsubtitleinnerbelowskip@length=\skip119

(C:\Users\Bristol\AppData\Local\Programs\MiKTeX\tex/latex/pgf/frontendlayer\tik
z.sty
(C:\Users\Bristol\AppData\Local\Programs\MiKTeX\tex/latex/pgf/basiclayer\pgf.st
y
(C:\Users\Bristol\AppData\Local\Programs\MiKTeX\tex/latex/pgf/utilities\pgfrcs.
sty
(C:\Users\Bristol\AppData\Local\Programs\MiKTeX\tex/generic/pgf/utilities\pgfut
il-common.tex
\pgfutil@everybye=\toks35
\pgfutil@tempdima=\dimen268
\pgfutil@tempdimb=\dimen269
)
(C:\Users\Bristol\AppData\Local\Programs\MiKTeX\tex/generic/pgf/utilities\pgfut
il-latex.def
\pgfutil@abb=\box76
)
(C:\Users\Bristol\AppData\Local\Programs\MiKTeX\tex/generic/pgf/utilities\pgfrc
s.code.tex
(C:\Users\Bristol\AppData\Local\Programs\MiKTeX\tex/generic/pgf\pgf.revision.te
x)
Package: pgfrcs 2025-08-29 v3.1.11a (3.1.11a)
))
Package: pgf 2025-08-29 v3.1.11a (3.1.11a)

(C:\Users\Bristol\AppData\Local\Programs\MiKTeX\tex/latex/pgf/basiclayer\pgfcor
e.sty
(C:\Users\Bristol\AppData\Local\Programs\MiKTeX\tex/latex/pgf/systemlayer\pgfsy
s.sty
(C:\Users\Bristol\AppData\Local\Programs\MiKTeX\tex/generic/pgf/systemlayer\pgf
sys.code.tex
Package: pgfsys 2025-08-29 v3.1.11a (3.1.11a)

(C:\Users\Bristol\AppData\Local\Programs\MiKTeX\tex/generic/pgf/utilities\pgfke
ys.code.tex
\pgfkeys@pathtoks=\toks36
\pgfkeys@temptoks=\toks37

(C:\Users\Bristol\AppData\Local\Programs\MiKTeX\tex/generic/pgf/utilities\pgfke
yslibraryfiltered.code.tex
\pgfkeys@tmptoks=\toks38
))
\pgf@x=\dimen270
\pgf@y=\dimen271
\pgf@xa=\dimen272
\pgf@ya=\dimen273
\pgf@xb=\dimen274
\pgf@yb=\dimen275
\pgf@xc=\dimen276
\pgf@yc=\dimen277
\pgf@xd=\dimen278
\pgf@yd=\dimen279
\w@pgf@writea=\write3
\r@pgf@reada=\read2
\c@pgf@counta=\count337
\c@pgf@countb=\count338
\c@pgf@countc=\count339
\c@pgf@countd=\count340
\t@pgf@toka=\toks39
\t@pgf@tokb=\toks40
\t@pgf@tokc=\toks41
\pgf@sys@id@count=\count341

(C:\Users\Bristol\AppData\Local\Programs\MiKTeX\tex/generic/pgf/systemlayer\pgf
.cfg
File: pgf.cfg 2025-08-29 v3.1.11a (3.1.11a)
)
Driver file for pgf: pgfsys-pdftex.def

(C:\Users\Bristol\AppData\Local\Programs\MiKTeX\tex/generic/pgf/systemlayer\pgf
sys-pdftex.def
File: pgfsys-pdftex.def 2025-08-29 v3.1.11a (3.1.11a)

(C:\Users\Bristol\AppData\Local\Programs\MiKTeX\tex/generic/pgf/systemlayer\pgf
sys-common-pdf.def
File: pgfsys-common-pdf.def 2025-08-29 v3.1.11a (3.1.11a)
)))
(C:\Users\Bristol\AppData\Local\Programs\MiKTeX\tex/generic/pgf/systemlayer\pgf
syssoftpath.code.tex
File: pgfsyssoftpath.code.tex 2025-08-29 v3.1.11a (3.1.11a)
\pgfsyssoftpath@smallbuffer@items=\count342
\pgfsyssoftpath@bigbuffer@items=\count343
)
(C:\Users\Bristol\AppData\Local\Programs\MiKTeX\tex/generic/pgf/systemlayer\pgf
sysprotocol.code.tex
File: pgfsysprotocol.code.tex 2025-08-29 v3.1.11a (3.1.11a)
))
(C:\Users\Bristol\AppData\Local\Programs\MiKTeX\tex/generic/pgf/basiclayer\pgfc
ore.code.tex
Package: pgfcore 2025-08-29 v3.1.11a (3.1.11a)

(C:\Users\Bristol\AppData\Local\Programs\MiKTeX\tex/generic/pgf/math\pgfmath.co
de.tex
(C:\Users\Bristol\AppData\Local\Programs\MiKTeX\tex/generic/pgf/math\pgfmathuti
l.code.tex)
(C:\Users\Bristol\AppData\Local\Programs\MiKTeX\tex/generic/pgf/math\pgfmathpar
ser.code.tex
\pgfmath@dimen=\dimen280
\pgfmath@count=\count344
\pgfmath@box=\box77
\pgfmath@toks=\toks42
\pgfmath@stack@operand=\toks43
\pgfmath@stack@operation=\toks44
)
(C:\Users\Bristol\AppData\Local\Programs\MiKTeX\tex/generic/pgf/math\pgfmathfun
ctions.code.tex)
(C:\Users\Bristol\AppData\Local\Programs\MiKTeX\tex/generic/pgf/math\pgfmathfun
ctions.basic.code.tex)
(C:\Users\Bristol\AppData\Local\Programs\MiKTeX\tex/generic/pgf/math\pgfmathfun
ctions.trigonometric.code.tex)
(C:\Users\Bristol\AppData\Local\Programs\MiKTeX\tex/generic/pgf/math\pgfmathfun
ctions.random.code.tex)
(C:\Users\Bristol\AppData\Local\Programs\MiKTeX\tex/generic/pgf/math\pgfmathfun
ctions.comparison.code.tex)
(C:\Users\Bristol\AppData\Local\Programs\MiKTeX\tex/generic/pgf/math\pgfmathfun
ctions.base.code.tex)
(C:\Users\Bristol\AppData\Local\Programs\MiKTeX\tex/generic/pgf/math\pgfmathfun
ctions.round.code.tex)
(C:\Users\Bristol\AppData\Local\Programs\MiKTeX\tex/generic/pgf/math\pgfmathfun
ctions.misc.code.tex)
(C:\Users\Bristol\AppData\Local\Programs\MiKTeX\tex/generic/pgf/math\pgfmathfun
ctions.integerarithmetics.code.tex)
(C:\Users\Bristol\AppData\Local\Programs\MiKTeX\tex/generic/pgf/math\pgfmathcal
c.code.tex)
(C:\Users\Bristol\AppData\Local\Programs\MiKTeX\tex/generic/pgf/math\pgfmathflo
at.code.tex
\c@pgfmathroundto@lastzeros=\count345
))
(C:\Users\Bristol\AppData\Local\Programs\MiKTeX\tex/generic/pgf/math\pgfint.cod
e.tex)
(C:\Users\Bristol\AppData\Local\Programs\MiKTeX\tex/generic/pgf/basiclayer\pgfc
orepoints.code.tex
File: pgfcorepoints.code.tex 2025-08-29 v3.1.11a (3.1.11a)
\pgf@picminx=\dimen281
\pgf@picmaxx=\dimen282
\pgf@picminy=\dimen283
\pgf@picmaxy=\dimen284
\pgf@pathminx=\dimen285
\pgf@pathmaxx=\dimen286
\pgf@pathminy=\dimen287
\pgf@pathmaxy=\dimen288
\pgf@xx=\dimen289
\pgf@xy=\dimen290
\pgf@yx=\dimen291
\pgf@yy=\dimen292
\pgf@zx=\dimen293
\pgf@zy=\dimen294
)
(C:\Users\Bristol\AppData\Local\Programs\MiKTeX\tex/generic/pgf/basiclayer\pgfc
orepathconstruct.code.tex
File: pgfcorepathconstruct.code.tex 2025-08-29 v3.1.11a (3.1.11a)
\pgf@path@lastx=\dimen295
\pgf@path@lasty=\dimen296
)
(C:\Users\Bristol\AppData\Local\Programs\MiKTeX\tex/generic/pgf/basiclayer\pgfc
orepathusage.code.tex
File: pgfcorepathusage.code.tex 2025-08-29 v3.1.11a (3.1.11a)
\pgf@shorten@end@additional=\dimen297
\pgf@shorten@start@additional=\dimen298
)
(C:\Users\Bristol\AppData\Local\Programs\MiKTeX\tex/generic/pgf/basiclayer\pgfc
orescopes.code.tex
File: pgfcorescopes.code.tex 2025-08-29 v3.1.11a (3.1.11a)
\pgfpic=\box78
\pgf@hbox=\box79
\pgf@layerbox@main=\box80
\pgf@picture@serial@count=\count346
)
(C:\Users\Bristol\AppData\Local\Programs\MiKTeX\tex/generic/pgf/basiclayer\pgfc
oregraphicstate.code.tex
File: pgfcoregraphicstate.code.tex 2025-08-29 v3.1.11a (3.1.11a)
\pgflinewidth=\dimen299
)
(C:\Users\Bristol\AppData\Local\Programs\MiKTeX\tex/generic/pgf/basiclayer\pgfc
oretransformations.code.tex
File: pgfcoretransformations.code.tex 2025-08-29 v3.1.11a (3.1.11a)
\pgf@pt@x=\dimen300
\pgf@pt@y=\dimen301
\pgf@pt@temp=\dimen302
)
(C:\Users\Bristol\AppData\Local\Programs\MiKTeX\tex/generic/pgf/basiclayer\pgfc
orequick.code.tex
File: pgfcorequick.code.tex 2025-08-29 v3.1.11a (3.1.11a)
)
(C:\Users\Bristol\AppData\Local\Programs\MiKTeX\tex/generic/pgf/basiclayer\pgfc
oreobjects.code.tex
File: pgfcoreobjects.code.tex 2025-08-29 v3.1.11a (3.1.11a)
)
(C:\Users\Bristol\AppData\Local\Programs\MiKTeX\tex/generic/pgf/basiclayer\pgfc
orepathprocessing.code.tex
File: pgfcorepathprocessing.code.tex 2025-08-29 v3.1.11a (3.1.11a)
)
(C:\Users\Bristol\AppData\Local\Programs\MiKTeX\tex/generic/pgf/basiclayer\pgfc
orearrows.code.tex
File: pgfcorearrows.code.tex 2025-08-29 v3.1.11a (3.1.11a)
\pgfarrowsep=\dimen303
)
(C:\Users\Bristol\AppData\Local\Programs\MiKTeX\tex/generic/pgf/basiclayer\pgfc
oreshade.code.tex
File: pgfcoreshade.code.tex 2025-08-29 v3.1.11a (3.1.11a)
\pgf@max=\dimen304
\pgf@sys@shading@range@num=\count347
\pgf@shadingcount=\count348
)
(C:\Users\Bristol\AppData\Local\Programs\MiKTeX\tex/generic/pgf/basiclayer\pgfc
oreimage.code.tex
File: pgfcoreimage.code.tex 2025-08-29 v3.1.11a (3.1.11a)
)
(C:\Users\Bristol\AppData\Local\Programs\MiKTeX\tex/generic/pgf/basiclayer\pgfc
oreexternal.code.tex
File: pgfcoreexternal.code.tex 2025-08-29 v3.1.11a (3.1.11a)
\pgfexternal@startupbox=\box81
)
(C:\Users\Bristol\AppData\Local\Programs\MiKTeX\tex/generic/pgf/basiclayer\pgfc
orelayers.code.tex
File: pgfcorelayers.code.tex 2025-08-29 v3.1.11a (3.1.11a)
)
(C:\Users\Bristol\AppData\Local\Programs\MiKTeX\tex/generic/pgf/basiclayer\pgfc
oretransparency.code.tex
File: pgfcoretransparency.code.tex 2025-08-29 v3.1.11a (3.1.11a)
)
(C:\Users\Bristol\AppData\Local\Programs\MiKTeX\tex/generic/pgf/basiclayer\pgfc
orepatterns.code.tex
File: pgfcorepatterns.code.tex 2025-08-29 v3.1.11a (3.1.11a)
)
(C:\Users\Bristol\AppData\Local\Programs\MiKTeX\tex/generic/pgf/basiclayer\pgfc
orerdf.code.tex
File: pgfcorerdf.code.tex 2025-08-29 v3.1.11a (3.1.11a)
)))
(C:\Users\Bristol\AppData\Local\Programs\MiKTeX\tex/generic/pgf/modules\pgfmodu
leshapes.code.tex
File: pgfmoduleshapes.code.tex 2025-08-29 v3.1.11a (3.1.11a)
\pgfnodeparttextbox=\box82
)
(C:\Users\Bristol\AppData\Local\Programs\MiKTeX\tex/generic/pgf/modules\pgfmodu
leplot.code.tex
File: pgfmoduleplot.code.tex 2025-08-29 v3.1.11a (3.1.11a)
)
(C:\Users\Bristol\AppData\Local\Programs\MiKTeX\tex/latex/pgf/compatibility\pgf
comp-version-0-65.sty
Package: pgfcomp-version-0-65 2025-08-29 v3.1.11a (3.1.11a)
\pgf@nodesepstart=\dimen305
\pgf@nodesepend=\dimen306
)
(C:\Users\Bristol\AppData\Local\Programs\MiKTeX\tex/latex/pgf/compatibility\pgf
comp-version-1-18.sty
Package: pgfcomp-version-1-18 2025-08-29 v3.1.11a (3.1.11a)
))
(C:\Users\Bristol\AppData\Local\Programs\MiKTeX\tex/latex/pgf/utilities\pgffor.
sty
(C:\Users\Bristol\AppData\Local\Programs\MiKTeX\tex/latex/pgf/utilities\pgfkeys
.sty
(C:\Users\Bristol\AppData\Local\Programs\MiKTeX\tex/generic/pgf/utilities\pgfke
ys.code.tex))
(C:\Users\Bristol\AppData\Local\Programs\MiKTeX\tex/latex/pgf/math\pgfmath.sty
(C:\Users\Bristol\AppData\Local\Programs\MiKTeX\tex/generic/pgf/math\pgfmath.co
de.tex))
(C:\Users\Bristol\AppData\Local\Programs\MiKTeX\tex/generic/pgf/utilities\pgffo
r.code.tex
Package: pgffor 2025-08-29 v3.1.11a (3.1.11a)
\pgffor@iter=\dimen307
\pgffor@skip=\dimen308
\pgffor@stack=\toks45
\pgffor@toks=\toks46
))
(C:\Users\Bristol\AppData\Local\Programs\MiKTeX\tex/generic/pgf/frontendlayer/t
ikz\tikz.code.tex
Package: tikz 2025-08-29 v3.1.11a (3.1.11a)

(C:\Users\Bristol\AppData\Local\Programs\MiKTeX\tex/generic/pgf/libraries\pgfli
braryplothandlers.code.tex
File: pgflibraryplothandlers.code.tex 2025-08-29 v3.1.11a (3.1.11a)
\pgf@plot@mark@count=\count349
\pgfplotmarksize=\dimen309
)
\tikz@lastx=\dimen310
\tikz@lasty=\dimen311
\tikz@lastxsaved=\dimen312
\tikz@lastysaved=\dimen313
\tikz@lastmovetox=\dimen314
\tikz@lastmovetoy=\dimen315
\tikzleveldistance=\dimen316
\tikzsiblingdistance=\dimen317
\tikz@figbox=\box83
\tikz@figbox@bg=\box84
\tikz@tempbox=\box85
\tikz@tempbox@bg=\box86
\tikztreelevel=\count350
\tikznumberofchildren=\count351
\tikznumberofcurrentchild=\count352
\tikz@fig@count=\count353

(C:\Users\Bristol\AppData\Local\Programs\MiKTeX\tex/generic/pgf/modules\pgfmodu
lematrix.code.tex
File: pgfmodulematrix.code.tex 2025-08-29 v3.1.11a (3.1.11a)
\pgfmatrixcurrentrow=\count354
\pgfmatrixcurrentcolumn=\count355
\pgf@matrix@numberofcolumns=\count356
)
\tikz@expandcount=\count357

(C:\Users\Bristol\AppData\Local\Programs\MiKTeX\tex/generic/pgf/frontendlayer/t
ikz/libraries\tikzlibrarytopaths.code.tex
File: tikzlibrarytopaths.code.tex 2025-08-29 v3.1.11a (3.1.11a)
)))
(C:\Users\Bristol\AppData\Local\Programs\MiKTeX\tex/latex/mdframed\md-frame-1.m
df
File: md-frame-1.mdf 2013/07/01\ 1.9b: md-frame-1
)
\mdf@frametitlebox=\box87
\mdf@footnotebox=\box88
\mdf@splitbox@one=\box89
\mdf@splitbox@two=\box90
\mdf@splitbox@save=\box91
\mdfsplitboxwidth=\skip120
\mdfsplitboxtotalwidth=\skip121
\mdfsplitboxheight=\skip122
\mdfsplitboxdepth=\skip123
\mdfsplitboxtotalheight=\skip124
\mdfframetitleboxwidth=\skip125
\mdfframetitleboxtotalwidth=\skip126
\mdfframetitleboxheight=\skip127
\mdfframetitleboxdepth=\skip128
\mdfframetitleboxtotalheight=\skip129
\mdffootnoteboxwidth=\skip130
\mdffootnoteboxtotalwidth=\skip131
\mdffootnoteboxheight=\skip132
\mdffootnoteboxdepth=\skip133
\mdffootnoteboxtotalheight=\skip134
\mdftotallinewidth=\skip135
\mdfboundingboxwidth=\skip136
\mdfboundingboxtotalwidth=\skip137
\mdfboundingboxheight=\skip138
\mdfboundingboxdepth=\skip139
\mdfboundingboxtotalheight=\skip140
\mdf@freevspace@length=\skip141
\mdf@horizontalwidthofbox@length=\skip142
\mdf@verticalmarginwhole@length=\skip143
\mdf@horizontalspaceofbox=\skip144
\mdfsubtitleheight=\skip145
\mdfsubsubtitleheight=\skip146
\c@mdfcountframes=\count358

****** mdframed patching \endmdf@trivlist

****** -- success******

\mdf@envdepth=\count359
\c@mdf@env@i=\count360
\c@mdf@env@ii=\count361
\c@mdf@zref@counter=\count362
Package zref Info: New property: mdf@pagevalue on input line 895.
)
(C:\Users\Bristol\AppData\Local\Programs\MiKTeX\tex/latex/listings\listings.sty
\lst@mode=\count363
\lst@gtempboxa=\box92
\lst@token=\toks47
\lst@length=\count364
\lst@currlwidth=\dimen318
\lst@column=\count365
\lst@pos=\count366
\lst@lostspace=\dimen319
\lst@width=\dimen320
\lst@newlines=\count367
\lst@lineno=\count368
\lst@maxwidth=\dimen321

(C:\Users\Bristol\AppData\Local\Programs\MiKTeX\tex/latex/listings\lstpatch.sty
File: lstpatch.sty 2025/11/14 1.11b (Carsten Heinz)
)
(C:\Users\Bristol\AppData\Local\Programs\MiKTeX\tex/latex/listings\lstmisc.sty
File: lstmisc.sty 2025/11/14 1.11b (Carsten Heinz)
\c@lstnumber=\count369
\lst@skipnumbers=\count370
\lst@framebox=\box93
)
(C:\Users\Bristol\AppData\Local\Programs\MiKTeX\tex/latex/listings\listings.cfg
File: listings.cfg 2025/11/14 1.11b listings configuration
))
Package: listings 2025/11/14 1.11b (Carsten Heinz)

==> First Aid for listings.sty no longer applied!
    Expected:
        2024/09/23 1.10c (Carsten Heinz)
    but found:
        2025/11/14 1.11b (Carsten Heinz)
    so I'm assuming it got fixed.

(C:\Users\Bristol\AppData\Local\Programs\MiKTeX\tex/latex/biblatex\biblatex.sty
Package: biblatex 2025/07/10 v3.21 programmable bibliographies (PK/MW)
(C:\Users\Bristol\AppData\Local\Programs\MiKTeX\tex/latex/logreq\logreq.sty
Package: logreq 2010/08/04 v1.0 xml request logger
\lrq@indent=\count371

(C:\Users\Bristol\AppData\Local\Programs\MiKTeX\tex/latex/logreq\logreq.def
File: logreq.def 2010/08/04 v1.0 logreq spec v1.0
))
(C:\Users\Bristol\AppData\Local\Programs\MiKTeX\tex/latex/base\ifthen.sty
Package: ifthen 2024/03/16 v1.1e Standard LaTeX ifthen package (DPC)
)
(C:\Users\Bristol\AppData\Local\Programs\MiKTeX\tex/latex/url\url.sty
\Urlmuskip=\muskip18
Package: url 2013/09/16  ver 3.4  Verb mode for urls, etc.
)
\c@tabx@nest=\count372
\c@listtotal=\count373
\c@listcount=\count374
\c@liststart=\count375
\c@liststop=\count376
\c@citecount=\count377
\c@citetotal=\count378
\c@multicitecount=\count379
\c@multicitetotal=\count380
\c@instcount=\count381
\c@maxnames=\count382
\c@minnames=\count383
\c@maxitems=\count384
\c@minitems=\count385
\c@citecounter=\count386
\c@maxcitecounter=\count387
\c@savedcitecounter=\count388
\c@uniquelist=\count389
\c@uniquename=\count390
\c@refsection=\count391
\c@refsegment=\count392
\c@maxextratitle=\count393
\c@maxextratitleyear=\count394
\c@maxextraname=\count395
\c@maxextradate=\count396
\c@maxextraalpha=\count397
\c@abbrvpenalty=\count398
\c@highnamepenalty=\count399
\c@lownamepenalty=\count400
\c@maxparens=\count401
\c@parenlevel=\count402
\blx@tempcnta=\count403
\blx@tempcntb=\count404
\blx@tempcntc=\count405
\c@blx@maxsection=\count406
\blx@maxsegment@0=\count407
\blx@notetype=\count408
\blx@parenlevel@text=\count409
\blx@parenlevel@foot=\count410
\blx@sectionciteorder@0=\count411
\blx@sectionciteorderinternal@0=\count412
\blx@entrysetcounter=\count413
\blx@biblioinstance=\count414
\labelnumberwidth=\skip147
\labelalphawidth=\skip148
\biblabelsep=\skip149
\bibitemsep=\skip150
\bibnamesep=\skip151
\bibinitsep=\skip152
\bibparsep=\skip153
\bibhang=\skip154
\blx@bcfin=\read3
\blx@bcfout=\write4
\blx@langwohyphens=\language79
\c@mincomprange=\count415
\c@maxcomprange=\count416
\c@mincompwidth=\count417
Package biblatex Info: Trying to load biblatex default data model...
Package biblatex Info: ... file 'blx-dm.def' found.

(C:\Users\Bristol\AppData\Local\Programs\MiKTeX\tex/latex/biblatex\blx-dm.def
File: blx-dm.def 2025/07/10 v3.21 biblatex datamodel (PK/MW)
)
Package biblatex Info: Trying to load biblatex style data model...
Package biblatex Info: ... file 'numeric.dbx' not found.
Package biblatex Info: Trying to load biblatex custom data model...
Package biblatex Info: ... file 'biblatex-dm.cfg' not found.
\c@afterword=\count418
\c@savedafterword=\count419
\c@annotator=\count420
\c@savedannotator=\count421
\c@author=\count422
\c@savedauthor=\count423
\c@bookauthor=\count424
\c@savedbookauthor=\count425
\c@commentator=\count426
\c@savedcommentator=\count427
\c@editor=\count428
\c@savededitor=\count429
\c@editora=\count430
\c@savededitora=\count431
\c@editorb=\count432
\c@savededitorb=\count433
\c@editorc=\count434
\c@savededitorc=\count435
\c@foreword=\count436
\c@savedforeword=\count437
\c@holder=\count438
\c@savedholder=\count439
\c@introduction=\count440
\c@savedintroduction=\count441
\c@namea=\count442
\c@savednamea=\count443
\c@nameb=\count444
\c@savednameb=\count445
\c@namec=\count446
\c@savednamec=\count447
\c@translator=\count448
\c@savedtranslator=\count449
\c@shortauthor=\count450
\c@savedshortauthor=\count451
\c@shorteditor=\count452
\c@savedshorteditor=\count453
\c@labelname=\count454
\c@savedlabelname=\count455
\c@institution=\count456
\c@savedinstitution=\count457
\c@lista=\count458
\c@savedlista=\count459
\c@listb=\count460
\c@savedlistb=\count461
\c@listc=\count462
\c@savedlistc=\count463
\c@listd=\count464
\c@savedlistd=\count465
\c@liste=\count466
\c@savedliste=\count467
\c@listf=\count468
\c@savedlistf=\count469
\c@location=\count470
\c@savedlocation=\count471
\c@organization=\count472
\c@savedorganization=\count473
\c@origlocation=\count474
\c@savedoriglocation=\count475
\c@origpublisher=\count476
\c@savedorigpublisher=\count477
\c@publisher=\count478
\c@savedpublisher=\count479
\c@language=\count480
\c@savedlanguage=\count481
\c@origlanguage=\count482
\c@savedoriglanguage=\count483
\c@pageref=\count484
\c@savedpageref=\count485
\shorthandwidth=\skip155
\shortjournalwidth=\skip156
\shortserieswidth=\skip157
\shorttitlewidth=\skip158
\shortauthorwidth=\skip159
\shorteditorwidth=\skip160
\locallabelnumberwidth=\skip161
\locallabelalphawidth=\skip162
\localshorthandwidth=\skip163
\localshortjournalwidth=\skip164
\localshortserieswidth=\skip165
\localshorttitlewidth=\skip166
\localshortauthorwidth=\skip167
\localshorteditorwidth=\skip168
Package biblatex Info: Trying to load compatibility code...
Package biblatex Info: ... file 'blx-compat.def' found.

(C:\Users\Bristol\AppData\Local\Programs\MiKTeX\tex/latex/biblatex\blx-compat.d
ef
File: blx-compat.def 2025/07/10 v3.21 biblatex compatibility (PK/MW)
)
Package biblatex Info: Trying to load generic definitions...
Package biblatex Info: ... file 'biblatex.def' found.

(C:\Users\Bristol\AppData\Local\Programs\MiKTeX\tex/latex/biblatex\biblatex.def
File: biblatex.def 2025/07/10 v3.21 biblatex compatibility (PK/MW)
\c@textcitecount=\count486
\c@textcitetotal=\count487
\c@textcitemaxnames=\count488
\c@biburlbigbreakpenalty=\count489
\c@biburlbreakpenalty=\count490
\c@biburlnumpenalty=\count491
\c@biburlucpenalty=\count492
\c@biburllcpenalty=\count493
\biburlbigskip=\muskip19
\biburlnumskip=\muskip20
\biburlucskip=\muskip21
\biburllcskip=\muskip22
\c@smartand=\count494
)
Package biblatex Info: Trying to load bibliography style 'numeric'...
Package biblatex Info: ... file 'numeric.bbx' found.

(C:\Users\Bristol\AppData\Local\Programs\MiKTeX\tex/latex/biblatex/bbx\numeric.
bbx
File: numeric.bbx 2025/07/10 v3.21 biblatex bibliography style (PK/MW)
Package biblatex Info: Trying to load bibliography style 'standard'...
Package biblatex Info: ... file 'standard.bbx' found.

(C:\Users\Bristol\AppData\Local\Programs\MiKTeX\tex/latex/biblatex/bbx\standard
.bbx
File: standard.bbx 2025/07/10 v3.21 biblatex bibliography style (PK/MW)
\c@bbx:relatedcount=\count495
\c@bbx:relatedtotal=\count496
))
Package biblatex Info: Trying to load citation style 'numeric'...
Package biblatex Info: ... file 'numeric.cbx' found.

(C:\Users\Bristol\AppData\Local\Programs\MiKTeX\tex/latex/biblatex/cbx\numeric.
cbx
File: numeric.cbx 2025/07/10 v3.21 biblatex citation style (PK/MW)
Package biblatex Info: Redefining '\cite'.
Package biblatex Info: Redefining '\parencite'.
Package biblatex Info: Redefining '\footcite'.
Package biblatex Info: Redefining '\footcitetext'.
Package biblatex Info: Redefining '\smartcite'.
Package biblatex Info: Redefining '\supercite'.
Package biblatex Info: Redefining '\textcite'.
Package biblatex Info: Redefining '\textcites'.
Package biblatex Info: Redefining '\cites'.
Package biblatex Info: Redefining '\parencites'.
Package biblatex Info: Redefining '\smartcites'.
)
Package biblatex Info: Trying to load configuration file...
Package biblatex Info: ... file 'biblatex.cfg' found.

(C:\Users\Bristol\AppData\Local\Programs\MiKTeX\tex/latex/biblatex\biblatex.cfg
File: biblatex.cfg 
)
Package biblatex Info: Input encoding 'utf8' detected.
Package biblatex Info: Document encoding is UTF8 ....
Package biblatex Info: ... and expl3
(biblatex)             2025-12-24 L3 programming layer (loader) 
(biblatex)             is new enough (at least 2020/04/06),
(biblatex)             setting 'casechanger=expl3'.

(C:\Users\Bristol\AppData\Local\Programs\MiKTeX\tex/latex/biblatex\blx-case-exp
l3.sty
Package: blx-case-expl3 2025/07/10 v3.21 expl3 case changing code for biblatex
))
(C:\Users\Bristol\AppData\Local\Programs\MiKTeX\tex/latex/hyperref\hyperref.sty
Package: hyperref 2025-07-12 v7.01o Hypertext links for LaTeX

(C:\Users\Bristol\AppData\Local\Programs\MiKTeX\tex/generic/pdfescape\pdfescape
.sty
Package: pdfescape 2019/12/09 v1.15 Implements pdfTeX's escape features (HO)
)
(C:\Users\Bristol\AppData\Local\Programs\MiKTeX\tex/latex/hycolor\hycolor.sty
Package: hycolor 2020-01-27 v1.10 Color options for hyperref/bookmark (HO)
)
(C:\Users\Bristol\AppData\Local\Programs\MiKTeX\tex/latex/hyperref\nameref.sty
Package: nameref 2025-06-21 v2.57 Cross-referencing by name of section

(C:\Users\Bristol\AppData\Local\Programs\MiKTeX\tex/latex/refcount\refcount.sty
Package: refcount 2019/12/15 v3.6 Data extraction from label references (HO)
)
(C:\Users\Bristol\AppData\Local\Programs\MiKTeX\tex/generic/gettitlestring\gett
itlestring.sty
Package: gettitlestring 2019/12/15 v1.6 Cleanup title references (HO)
)
\c@section@level=\count497
)
(C:\Users\Bristol\AppData\Local\Programs\MiKTeX\tex/generic/stringenc\stringenc
.sty
Package: stringenc 2019/11/29 v1.12 Convert strings between diff. encodings (HO
)
)
\@linkdim=\dimen322
\Hy@linkcounter=\count498
\Hy@pagecounter=\count499

(C:\Users\Bristol\AppData\Local\Programs\MiKTeX\tex/latex/hyperref\pd1enc.def
File: pd1enc.def 2025-07-12 v7.01o Hyperref: PDFDocEncoding definition (HO)
Now handling font encoding PD1 ...
... no UTF-8 mapping file for font encoding PD1
)
(C:\Users\Bristol\AppData\Local\Programs\MiKTeX\tex/generic/intcalc\intcalc.sty
Package: intcalc 2019/12/15 v1.3 Expandable calculations with integers (HO)
)
\Hy@SavedSpaceFactor=\count500
 (C:\Users\Bristol\AppData\Local\Programs\MiKTeX\tex/latex/hyperref\puenc.def
File: puenc.def 2025-07-12 v7.01o Hyperref: PDF Unicode definition (HO)
Now handling font encoding PU ...
... no UTF-8 mapping file for font encoding PU
)
Package hyperref Info: Option `colorlinks' set `true' on input line 4066.
Package hyperref Info: Hyper figures OFF on input line 4195.
Package hyperref Info: Link nesting OFF on input line 4200.
Package hyperref Info: Hyper index ON on input line 4203.
Package hyperref Info: Plain pages OFF on input line 4210.
Package hyperref Info: Backreferencing OFF on input line 4215.
Package hyperref Info: Implicit mode ON; LaTeX internals redefined.
Package hyperref Info: Bookmarks ON on input line 4462.
\c@Hy@tempcnt=\count501
LaTeX Info: Redefining \url on input line 4801.
\XeTeXLinkMargin=\dimen323
(C:\Users\Bristol\AppData\Local\Programs\MiKTeX\tex/generic/bitset\bitset.sty
Package: bitset 2019/12/09 v1.3 Handle bit-vector datatype (HO)

(C:\Users\Bristol\AppData\Local\Programs\MiKTeX\tex/generic/bigintcalc\bigintca
lc.sty
Package: bigintcalc 2019/12/15 v1.5 Expandable calculations on big integers (HO
)
))
\Fld@menulength=\count502
\Field@Width=\dimen324
\Fld@charsize=\dimen325
Package hyperref Info: Hyper figures OFF on input line 6078.
Package hyperref Info: Link nesting OFF on input line 6083.
Package hyperref Info: Hyper index ON on input line 6086.
Package hyperref Info: backreferencing OFF on input line 6093.
Package hyperref Info: Link coloring ON on input line 6096.
Package hyperref Info: Link coloring with OCG OFF on input line 6103.
Package hyperref Info: PDF/A mode OFF on input line 6108.
\Hy@abspage=\count503
\c@Item=\count504
\c@Hfootnote=\count505
)
Package hyperref Info: Driver (autodetected): hpdftex.

(C:\Users\Bristol\AppData\Local\Programs\MiKTeX\tex/latex/hyperref\hpdftex.def
File: hpdftex.def 2025-07-12 v7.01o Hyperref driver for pdfTeX
\HyAnn@Count=\count506
\Fld@listcount=\count507
\c@bookmark@seq@number=\count508

(C:\Users\Bristol\AppData\Local\Programs\MiKTeX\tex/latex/rerunfilecheck\rerunf
ilecheck.sty
Package: rerunfilecheck 2025-06-21 v1.11 Rerun checks for auxiliary files (HO)

(C:\Users\Bristol\AppData\Local\Programs\MiKTeX\tex/generic/uniquecounter\uniqu
ecounter.sty
Package: uniquecounter 2019/12/15 v1.4 Provide unlimited unique counter (HO)
)
Package uniquecounter Info: New unique counter `rerunfilecheck' on input line 2
84.
)
\Hy@SectionHShift=\skip169
)
(C:\Users\Bristol\AppData\Local\Programs\MiKTeX\tex/latex/csquotes\csquotes.sty
Package: csquotes 2024-04-04 v5.2o context-sensitive quotations (JAW)
\csq@reset=\count509
\csq@gtype=\count510
\csq@glevel=\count511
\csq@qlevel=\count512
\csq@maxlvl=\count513
\csq@tshold=\count514
\csq@ltx@everypar=\toks48

(C:\Users\Bristol\AppData\Local\Programs\MiKTeX\tex/latex/csquotes\csquotes.def
File: csquotes.def 2024-04-04 v5.2o csquotes generic definitions (JAW)
)
Package csquotes Info: Trying to load configuration file 'csquotes.cfg'...
Package csquotes Info: ... configuration file loaded successfully.

(C:\Users\Bristol\AppData\Local\Programs\MiKTeX\tex/latex/csquotes\csquotes.cfg
File: csquotes.cfg 
)) (C:\Users\Bristol\AppData\Local\Programs\MiKTeX\tex/latex/tools\multicol.sty
Package: multicol 2025/10/21 v2.0b multicolumn formatting (FMi)
\c@tracingmulticols=\count515
\mult@box=\box94
\multicol@leftmargin=\dimen326
\c@unbalance=\count516
\c@collectmore=\count517
\doublecol@number=\count518
\multicoltolerance=\count519
\multicolpretolerance=\count520
\full@width=\dimen327
\page@free=\dimen328
\premulticols=\dimen329
\postmulticols=\dimen330
\multicolsep=\skip170
\multicolbaselineskip=\skip171
\partial@page=\box95
\last@line=\box96
\mc@boxedresult=\box97
\maxbalancingoverflow=\dimen331
\mult@rightbox=\box98
\mult@grightbox=\box99
\mult@firstbox=\box100
\mult@gfirstbox=\box101
\@tempa=\box102
\@tempa=\box103
\@tempa=\box104
\@tempa=\box105
\@tempa=\box106
\@tempa=\box107
\@tempa=\box108
\@tempa=\box109
\@tempa=\box110
\@tempa=\box111
\@tempa=\box112
\@tempa=\box113
\@tempa=\box114
\@tempa=\box115
\@tempa=\box116
\@tempa=\box117
\@tempa=\box118
\@tempa=\box119
\@tempa=\box120
\@tempa=\box121
\@tempa=\box122
\@tempa=\box123
\@tempa=\box124
\@tempa=\box125
\@tempa=\box126
\@tempa=\box127
\@tempa=\box128
\@tempa=\box129
\@tempa=\box130
\@tempa=\box131
\@tempa=\box132
\@tempa=\box133
\@tempa=\box134
\@tempa=\box135
\@tempa=\box136
\@tempa=\box137
\c@minrows=\count521
\c@columnbadness=\count522
\c@finalcolumnbadness=\count523
\last@try=\dimen332
\multicolovershoot=\dimen333
\multicolundershoot=\dimen334
\mult@nat@firstbox=\box138
\colbreak@box=\box139
\mc@col@check@num=\count524
\g__mc_curr_col_int=\count525
)
Package translations Info: No language package found. I am going to use `englis
h' as default language. on input line 117.
Package csquotes Info: Checking for multilingual support...
Package csquotes Info: ... none found.
LaTeX Font Info:    Trying to load font information for OT1+lmr on input line 1
17.
 (C:\Users\Bristol\AppData\Local\Programs\MiKTeX\tex/latex/lm\ot1lmr.fd
File: ot1lmr.fd 2015/05/01 v1.6.1 Font defs for Latin Modern
)
No file main.aux.
\openout1 = `main.aux'.

LaTeX Font Info:    Checking defaults for OML/cmm/m/it on input line 117.
LaTeX Font Info:    ... okay on input line 117.
LaTeX Font Info:    Checking defaults for OMS/cmsy/m/n on input line 117.
LaTeX Font Info:    ... okay on input line 117.
LaTeX Font Info:    Checking defaults for OT1/cmr/m/n on input line 117.
LaTeX Font Info:    ... okay on input line 117.
LaTeX Font Info:    Checking defaults for T1/cmr/m/n on input line 117.
LaTeX Font Info:    ... okay on input line 117.
LaTeX Font Info:    Checking defaults for TS1/cmr/m/n on input line 117.
LaTeX Font Info:    ... okay on input line 117.
LaTeX Font Info:    Checking defaults for OMX/cmex/m/n on input line 117.
LaTeX Font Info:    ... okay on input line 117.
LaTeX Font Info:    Checking defaults for U/cmr/m/n on input line 117.
LaTeX Font Info:    ... okay on input line 117.
LaTeX Font Info:    Checking defaults for PD1/pdf/m/n on input line 117.
LaTeX Font Info:    ... okay on input line 117.
LaTeX Font Info:    Checking defaults for PU/pdf/m/n on input line 117.
LaTeX Font Info:    ... okay on input line 117.
*geometry* driver: auto-detecting
*geometry* detected driver: pdftex
*geometry* verbose mode - [ preamble ] result:
* driver: pdftex
* paper: a4paper
* layout: <same size as paper>
* layoutoffset:(h,v)=(0.0pt,0.0pt)
* modes: heightrounded 
* h-part:(L,W,R)=(42.67912pt, 512.14963pt, 42.67912pt)
* v-part:(T,H,B)=(42.67912pt, 759.6886pt, 42.67912pt)
* \paperwidth=597.50787pt
* \paperheight=845.04684pt
* \textwidth=512.14963pt
* \textheight=754.0pt
* \oddsidemargin=-29.59087pt
* \evensidemargin=-29.59087pt
* \topmargin=-66.59087pt
* \headheight=12.0pt
* \headsep=25.0pt
* \topskip=10.0pt
* \footskip=30.0pt
* \marginparwidth=57.0pt
* \marginparsep=11.0pt
* \columnsep=10.0pt
* \skip\footins=9.0pt plus 4.0pt minus 2.0pt
* \hoffset=0.0pt
* \voffset=0.0pt
* \mag=1000
* \@twocolumnfalse
* \@twosidefalse
* \@mparswitchfalse
* \@reversemarginfalse
* (1in=72.27pt=25.4mm, 1cm=28.453pt)

LaTeX Info: Redefining \microtypecontext on input line 117.
Package microtype Info: Applying patch `item' on input line 117.
Package microtype Info: Applying patch `toc' on input line 117.
Package microtype Info: Applying patch `eqnum' on input line 117.
Package microtype Info: Applying patch `footnote' on input line 117.
Package microtype Info: Applying patch `verbatim' on input line 117.
LaTeX Info: Redefining \microtypesetup on input line 117.
Package microtype Info: Generating PDF output.
Package microtype Info: Character protrusion enabled (level 2).
Package microtype Info: Using default protrusion set `alltext'.
Package microtype Info: Automatic font expansion enabled (level 2),
(microtype)             stretch: 20, shrink: 20, step: 1, non-selected.
Package microtype Info: Using default expansion set `alltext-nott'.
Package microtype Info: Patching command `\showhyphens'.
Package microtype Info: No adjustment of tracking.
Package microtype Info: No adjustment of interword spacing.
Package microtype Info: No adjustment of character kerning.
(C:\Users\Bristol\AppData\Local\Programs\MiKTeX\tex/latex/microtype\mt-cmr.cfg
File: mt-cmr.cfg 2013/05/19 v2.2 microtype config. file: Computer Modern Roman 
(RS)
)
(C:\Users\Bristol\AppData\Local\Programs\MiKTeX\tex/context/base/mkii\supp-pdf.
mkii
[Loading MPS to PDF converter (version 2006.09.02).]
\scratchcounter=\count526
\scratchdimen=\dimen335
\scratchbox=\box140
\nofMPsegments=\count527
\nofMParguments=\count528
\everyMPshowfont=\toks49
\MPscratchCnt=\count529
\MPscratchDim=\dimen336
\MPnumerator=\count530
\makeMPintoPDFobject=\count531
\everyMPtoPDFconversion=\toks50
)
(C:\Users\Bristol\AppData\Local\Programs\MiKTeX\tex/latex/epstopdf-pkg\epstopdf
-base.sty
Package: epstopdf-base 2020-01-24 v2.11 Base part for package epstopdf
Package epstopdf-base Info: Redefining graphics rule for `.eps' on input line 4
85.

(C:\Users\Bristol\AppData\Local\Programs\MiKTeX\tex/latex/00miktex\epstopdf-sys
.cfg
File: epstopdf-sys.cfg 2021/03/18 v2.0 Configuration of epstopdf for MiKTeX
))
Package caption Info: Begin \AtBeginDocument code.
Package caption Info: float package is loaded.
Package caption Info: hyperref package is loaded.
Package caption Info: listings package is loaded.
Package caption Info: longtable package is loaded.

(C:\Users\Bristol\AppData\Local\Programs\MiKTeX\tex/latex/caption\ltcaption.sty
Package: ltcaption 2021/01/08 v1.4c longtable captions (AR)
)
Package caption Info: End \AtBeginDocument code.

(C:\Users\Bristol\AppData\Local\Programs\MiKTeX\tex/latex/translations/dicts\tr
anslations-basic-dictionary-english.trsl
File: translations-basic-dictionary-english.trsl (english translation file `tra
nslations-basic-dictionary')
)
Package translations Info: loading dictionary `translations-basic-dictionary' f
or `english'. on input line 117.
\c@lstlisting=\count532
Package biblatex Info: Trying to load language 'english'...
Package biblatex Info: ... file 'english.lbx' found.

(C:\Users\Bristol\AppData\Local\Programs\MiKTeX\tex/latex/biblatex/lbx\english.
lbx
File: english.lbx 2025/07/10 v3.21 biblatex localization (PK/MW)
)
Package biblatex Info: Input encoding 'utf8' detected.
Package biblatex Info: Automatic encoding selection.
(biblatex)             Assuming data encoding 'utf8'.
\openout4 = `main.bcf'.

Package biblatex Info: Trying to load bibliographic data...
Package biblatex Info: ... file 'main.bbl' not found.

No file main.bbl.
Package biblatex Info: Reference section=0 on input line 117.
Package biblatex Info: Reference segment=0 on input line 117.
Package hyperref Info: Link coloring ON on input line 117.
\@outlinefile=\write5
\openout5 = `main.out'.

(sections/00_abstract.tex

LaTeX Warning: Citation 'goodrich2008' on page 1 undefined on input line 1.


LaTeX Warning: Citation 'yolov8' on page 1 undefined on input line 3.


LaTeX Warning: Citation 'tflite' on page 1 undefined on input line 3.

LaTeX Font Info:    Trying to load font information for OML+lmm on input line 5
.
(C:\Users\Bristol\AppData\Local\Programs\MiKTeX\tex/latex/lm\omllmm.fd
File: omllmm.fd 2015/05/01 v1.6.1 Font defs for Latin Modern
)
LaTeX Font Info:    Trying to load font information for OMS+lmsy on input line 
5.

(C:\Users\Bristol\AppData\Local\Programs\MiKTeX\tex/latex/lm\omslmsy.fd
File: omslmsy.fd 2015/05/01 v1.6.1 Font defs for Latin Modern
)
LaTeX Font Info:    Trying to load font information for OMX+lmex on input line 
5.

(C:\Users\Bristol\AppData\Local\Programs\MiKTeX\tex/latex/lm\omxlmex.fd
File: omxlmex.fd 2015/05/01 v1.6.1 Font defs for Latin Modern
)
LaTeX Font Info:    External font `lmex10' loaded for size
(Font)              <10> on input line 5.
LaTeX Font Info:    External font `lmex10' loaded for size
(Font)              <7> on input line 5.
LaTeX Font Info:    External font `lmex10' loaded for size
(Font)              <5> on input line 5.
LaTeX Font Info:    Trying to load font information for U+msa on input line 5.

(C:\Users\Bristol\AppData\Local\Programs\MiKTeX\tex/latex/amsfonts\umsa.fd
File: umsa.fd 2013/01/14 v3.01 AMS symbols A
)
(C:\Users\Bristol\AppData\Local\Programs\MiKTeX\tex/latex/microtype\mt-msa.cfg
File: mt-msa.cfg 2006/02/04 v1.1 microtype config. file: AMS symbols (a) (RS)
)
LaTeX Font Info:    Trying to load font information for U+msb on input line 5.
(C:\Users\Bristol\AppData\Local\Programs\MiKTeX\tex/latex/amsfonts\umsb.fd
File: umsb.fd 2013/01/14 v3.01 AMS symbols B
)
(C:\Users\Bristol\AppData\Local\Programs\MiKTeX\tex/latex/microtype\mt-msb.cfg
File: mt-msb.cfg 2005/06/01 v1.0 microtype config. file: AMS symbols (b) (RS)
)
LaTeX Font Info:    Trying to load font information for TS1+lmr on input line 5
.
(C:\Users\Bristol\AppData\Local\Programs\MiKTeX\tex/latex/lm\ts1lmr.fd
File: ts1lmr.fd 2015/05/01 v1.6.1 Font defs for Latin Modern
))
(sections/01_introduction.tex

LaTeX Warning: Citation 'goodrich2008' on page 1 undefined on input line 5.


LaTeX Warning: Citation 'mra2023' on page 1 undefined on input line 5.


LaTeX Warning: Citation 'goodrich2008' on page 1 undefined on input line 7.


LaTeX Warning: Citation 'murphy2014' on page 1 undefined on input line 7.


LaTeX Warning: Citation 'mra2023' on page 1 undefined on input line 7.


LaTeX Warning: Citation 'murphy2014' on page 1 undefined on input line 9.


LaTeX Warning: Citation 'yolohistory' on page 1 undefined on input line 9.


LaTeX Warning: Citation 'yolov8' on page 1 undefined on input line 9.


LaTeX Warning: Citation 'edgeai' on page 1 undefined on input line 9.


LaTeX Warning: Citation 'goodrich2008' on page 1 undefined on input line 15.


LaTeX Warning: Citation 'murphy2014' on page 1 undefined on input line 15.


LaTeX Warning: Citation 'sarreview' on page 1 undefined on input line 15.


LaTeX Warning: Citation 'dji_matrice' on page 1 undefined on input line 17.


LaTeX Warning: Citation 'sensefly_sar' on page 1 undefined on input line 17.


LaTeX Warning: Citation 'mishra2020' on page 1 undefined on input line 17.

[1

{C:/Users/Bristol/AppData/Local/MiKTeX/fonts/map/pdftex/pdftex.map}{C:/Users/Br
istol/AppData/Local/Programs/MiKTeX/fonts/enc/dvips/lm/lm-rm.enc}{C:/Users/Bris
tol/AppData/Local/Programs/MiKTeX/fonts/enc/dvips/lm/lm-mathsy.enc}{C:/Users/Br
istol/AppData/Local/Programs/MiKTeX/fonts/enc/dvips/lm/lm-ts1.enc}]

LaTeX Warning: Citation 'thermal_sar' on page 2 undefined on input line 19.


LaTeX Warning: Citation 'thermal_review' on page 2 undefined on input line 19.


LaTeX Warning: Citation 'thermal_sar' on page 2 undefined on input line 19.


LaTeX Warning: Citation 'alkaff2019' on page 2 undefined on input line 19.


LaTeX Warning: Citation 'thermal_review' on page 2 undefined on input line 19.


LaTeX Warning: Citation 'yolohistory' on page 2 undefined on input line 23.


LaTeX Warning: Citation 'yolohistory' on page 2 undefined on input line 23.


LaTeX Warning: Citation 'yolov3' on page 2 undefined on input line 23.


LaTeX Warning: Citation 'yolov8' on page 2 undefined on input line 23.


LaTeX Warning: Citation 'coco_dataset' on page 2 undefined on input line 25.


LaTeX Warning: Citation 'zhu2021' on page 2 undefined on input line 25.


LaTeX Warning: Citation 'zhu2021' on page 2 undefined on input line 25.


LaTeX Warning: Citation 'mandal2020' on page 2 undefined on input line 25.


LaTeX Warning: Citation 'visdrone2021' on page 2 undefined on input line 25.


LaTeX Warning: Citation 'edgeai' on page 2 undefined on input line 29.


LaTeX Warning: Citation 'tijtgat2017' on page 2 undefined on input line 31.


LaTeX Warning: Citation 'anwar2020' on page 2 undefined on input line 31.


LaTeX Warning: Citation 'tflite' on page 2 undefined on input line 33.


LaTeX Warning: Citation 'xnnpack' on page 2 undefined on input line 33.


LaTeX Warning: Citation 'raspberrypi5' on page 2 undefined on input line 33.


LaTeX Warning: Citation 'mazzia2022' on page 2 undefined on input line 33.


LaTeX Warning: Citation 'boustrophedon' on page 2 undefined on input line 37.


LaTeX Warning: Citation 'covpath' on page 2 undefined on input line 37.

[2]

LaTeX Warning: Citation 'multiuav' on page 3 undefined on input line 39.


LaTeX Warning: Citation 'goodrich2008' on page 3 undefined on input line 43.


LaTeX Warning: Citation 'thermal_sar' on page 3 undefined on input line 43.


LaTeX Warning: Citation 'sarreview' on page 3 undefined on input line 43.


LaTeX Warning: Citation 'tijtgat2017' on page 3 undefined on input line 43.


LaTeX Warning: Citation 'anwar2020' on page 3 undefined on input line 43.

[3]

LaTeX Warning: Citation 'ukcaa' on page 4 undefined on input line 82.


LaTeX Warning: Reference `sec:architecture' on page 4 undefined on input line 9
2.


LaTeX Warning: Reference `sec:hardware' on page 4 undefined on input line 92.


LaTeX Warning: Reference `sec:cv' on page 4 undefined on input line 92.


LaTeX Warning: Reference `sec:planning' on page 4 undefined on input line 92.


LaTeX Warning: Reference `sec:statemachine' on page 4 undefined on input line 9
2.


LaTeX Warning: Reference `sec:localisation' on page 4 undefined on input line 9
2.


LaTeX Warning: Reference `sec:groundstation' on page 4 undefined on input line 
92.


LaTeX Warning: Reference `sec:simulation' on page 4 undefined on input line 92.



LaTeX Warning: Reference `sec:testing' on page 4 undefined on input line 92.


LaTeX Warning: Reference `sec:results' on page 4 undefined on input line 92.


LaTeX Warning: Reference `sec:training' on page 4 undefined on input line 92.


LaTeX Warning: Reference `sec:safety' on page 4 undefined on input line 92.


LaTeX Warning: Reference `sec:future' on page 4 undefined on input line 92.


LaTeX Warning: Reference `sec:conclusion' on page 4 undefined on input line 92.


) (sections/02_system_architecture.tex
LaTeX Font Info:    Trying to load font information for OT1+lmtt on input line 
10.

(C:\Users\Bristol\AppData\Local\Programs\MiKTeX\tex/latex/lm\ot1lmtt.fd
File: ot1lmtt.fd 2015/05/01 v1.6.1 Font defs for Latin Modern
)
Package microtype Info: Loading generic protrusion settings for font family
(microtype)             `lmtt' (encoding: OT1).
(microtype)             For optimal results, create family-specific settings.
(microtype)             See the microtype manual for details.

[4{C:/Users/Bristol/AppData/Local/Programs/MiKTeX/fonts/enc/dvips/lm/lm-rmtt.en
c}]

LaTeX Warning: Reference `fig:architecture' on page 5 undefined on input line 2
1.


LaTeX Warning: Reference `fig:arch-block' on page 5 undefined on input line 21.



LaTeX Warning: Reference `sec:arch-deployment' on page 5 undefined on input lin
e 40.

[5{C:/Users/Bristol/AppData/Local/Programs/MiKTeX/fonts/enc/dvips/lm/lm-mathit.
enc}]
Overfull \hbox (7.06036pt too wide) in paragraph at lines 52--53
[]\OT1/lmr/bx/n/10 (-20) utils.py \OT1/lmr/m/n/10 (-20) (170 lines) pro-vides t
he \OT1/lmtt/m/n/10 GeoTransformer \OT1/lmr/m/n/10 (-20) class which con-verts 
be-tween GPS co-or-di-nates (lat-i-tude/longitude)
 []


LaTeX Warning: Reference `sec:arch-mavlink' on page 6 undefined on input line 5
6.

[6]

LaTeX Warning: Citation 'mavlink2' on page 7 undefined on input line 85.


LaTeX Warning: Reference `tab:mavlink-commands' on page 7 undefined on input li
ne 85.

LaTeX Font Info:    External font `lmex10' loaded for size
(Font)              <9> on input line 90.
LaTeX Font Info:    External font `lmex10' loaded for size
(Font)              <6> on input line 90.

LaTeX Warning: Citation 'mavlink2' on page 7 undefined on input line 110.


LaTeX Warning: Citation 'ardupilot_mavproxy' on page 7 undefined on input line 
112.


LaTeX Warning: Citation 'ardupilot' on page 7 undefined on input line 122.


LaTeX Warning: Reference `sec:arch-deployment' on page 7 undefined on input lin
e 122.

[7]

LaTeX Warning: Reference `tab:deployment-platforms' on page 8 undefined on inpu
t line 139.

) (sections/03_hardware_platform.tex

LaTeX Warning: Citation 'ardupilot' on page 8 undefined on input line 76.


LaTeX Warning: Citation 'cubepilot' on page 8 undefined on input line 84.


LaTeX Warning: Citation 'ardupilot' on page 8 undefined on input line 84.

[8]

LaTeX Warning: Citation 'rpi5' on page 9 undefined on input line 89.


LaTeX Warning: Citation 'mavproxy' on page 9 undefined on input line 91.


Overfull \hbox (12.65732pt too wide) in paragraph at lines 93--94
[]\OT1/lmr/m/n/10 (-20) Only four Python pack-ages are in-stalled on the Pi: \O
T1/lmtt/m/n/10 pymavlink\OT1/lmr/m/n/10 (-20) , \OT1/lmtt/m/n/10 opencv-python-
headless\OT1/lmr/m/n/10 (-20) , \OT1/lmtt/m/n/10 numpy<2\OT1/lmr/m/n/10 (-20) ,
 and \OT1/lmtt/m/n/10 ai-edge-litert\OT1/lmr/m/n/10 (-20) .
 []

[9]

LaTeX Warning: Citation 'picamera2' on page 10 undefined on input line 100.


LaTeX Warning: Command \textdegree invalid in math mode on input line 100.


LaTeX Warning: Command \textdegree invalid in math mode on input line 100.


LaTeX Warning: Command \textdegree invalid in math mode on input line 116.


LaTeX Warning: Command \textdegree invalid in math mode on input line 116.


LaTeX Warning: Reference `fig:hw-block' on page 10 undefined on input line 130.



LaTeX Warning: Reference `sec:hw-pi' on page 10 undefined on input line 135.


LaTeX Warning: Citation 'missionplanner' on page 10 undefined on input line 145
.

[10{C:/Users/Bristol/AppData/Local/Programs/MiKTeX/fonts/enc/dvips/lm/lm-mathex
.enc}]

LaTeX Warning: Reference `tab:hw-bom' on page 11 undefined on input line 150.

) (sections/04_computer_vision.tex

LaTeX Warning: Citation 'yolov8' on page 11 undefined on input line 7.


LaTeX Warning: Citation 'yolohistory' on page 11 undefined on input line 7.


LaTeX Warning: Citation 'fcos' on page 11 undefined on input line 9.


LaTeX Warning: Citation 'yolov3' on page 11 undefined on input line 9.


LaTeX Warning: Citation 'yolov8' on page 11 undefined on input line 13.


LaTeX Warning: Reference `tab:cv_benchmarks' on page 11 undefined on input line
 15.


LaTeX Warning: Citation 'imx296' on page 11 undefined on input line 19.


LaTeX Warning: Citation 'synthdata' on page 11 undefined on input line 19.


LaTeX Warning: Citation 'domainrand' on page 11 undefined on input line 19.


LaTeX Warning: Citation 'yolov8' on page 11 undefined on input line 21.

[11]

LaTeX Warning: Citation 'ncnn' on page 12 undefined on input line 37.


LaTeX Warning: Citation 'yolov8' on page 12 undefined on input line 39.


LaTeX Warning: Citation 'tflite' on page 12 undefined on input line 41.


LaTeX Warning: Citation 'xnnpack' on page 12 undefined on input line 41.


LaTeX Warning: Reference `fig:cv_pipeline' on page 12 undefined on input line 4
8.


LaTeX Warning: Citation 'lens_calibration' on page 12 undefined on input line 5
1.


LaTeX Warning: Reference `sec:cv:benchmarks' on page 12 undefined on input line
 51.


LaTeX Warning: Citation 'picamera2' on page 12 undefined on input line 54.

[12]

LaTeX Warning: Citation 'nms' on page 13 undefined on input line 71.


LaTeX Warning: Citation 'raspberrypi5' on page 13 undefined on input line 88.


LaTeX Warning: Citation 'xnnpack' on page 13 undefined on input line 88.


LaTeX Warning: Reference `tab:cv_benchmarks' on page 13 undefined on input line
 88.


Overfull \hbox (29.79843pt too wide) in paragraph at lines 88--89
\OT1/lmr/m/n/10 (-20) All bench-marks were con-ducted on the Rasp-berry Pi 5 (B
road-com BCM2712, quad-core Cortex-A76 at 2.4GHz) [[]]
 []

[13]

LaTeX Warning: Citation 'ncnn' on page 14 undefined on input line 114.

) (sections/05_path_planning.tex

LaTeX Warning: Citation 'galceran2013survey' on page 14 undefined on input line
 8.


Overfull \hbox (6.85406pt too wide) in paragraph at lines 8--9
\OT1/lmr/m/n/10 (-20) Coverage path plan-ning (CPP) seeks a route that passes a
 sen-sor over ev-ery point in a tar-get re-gion [[]].
 []


LaTeX Warning: Citation 'choset2001coverage' on page 14 undefined on input line
 11.


LaTeX Warning: Citation 'choset2001coverage' on page 14 undefined on input line
 16.


LaTeX Warning: Citation 'galceran2013survey' on page 14 undefined on input line
 16.


LaTeX Warning: Reference `sec:spiral' on page 14 undefined on input line 16.

[14]

LaTeX Warning: Reference `sec:lane-width' on page 15 undefined on input line 41
.

! Undefined control sequence.
<recently read> \nicefrac 
                          
l.43 ... endpoints, with a small inset ($\nicefrac
                                                  {1}{3}$ of the strip spaci...
The control sequence at the end of the top line
of your error message was never \def'ed. If you have
misspelled it (e.g., `\hobx'), type `I' and the correct
spelling (e.g., `I\hbox'). Otherwise just continue,
and I'll forget about whatever was undefined.

[15] [16]

LaTeX Warning: Reference `tab:cpp-comparison' on page 17 undefined on input lin
e 143.


LaTeX Warning: Citation 'choset2001coverage' on page 17 undefined on input line
 158.


LaTeX Warning: Citation 'gabriely2001spanning' on page 17 undefined on input li
ne 158.


LaTeX Warning: Reference `tab:flight-params' on page 17 undefined on input line
 166.


LaTeX Warning: Reference `sec:detection' on page 17 undefined on input line 166
.


LaTeX Warning: Reference `eq:lane-width' on page 17 undefined on input line 184
.

) (sections/06_state_machine.tex [17]

LaTeX Warning: Citation 'wagner2006fsm' on page 18 undefined on input line 3.

[18]

LaTeX Warning: Reference `subsec:operator' on page 19 undefined on input line 6
3.

[19{C:/Users/Bristol/AppData/Local/Programs/MiKTeX/fonts/enc/dvips/lm/lm-rmsc.e
nc}]

LaTeX Warning: Reference `subsec:safety' on page 20 undefined on input line 74.



LaTeX Warning: Reference `subsec:safety' on page 20 undefined on input line 77.



LaTeX Warning: Reference `tab:transitions' on page 20 undefined on input line 9
1.

[20]

LaTeX Warning: Citation 'murphy2014disaster' on page 21 undefined on input line
 148.

[21]

LaTeX Warning: Reference `sec:groundstation' on page 22 undefined on input line
 165.


LaTeX Warning: Citation 'goodrich2007human' on page 22 undefined on input line 
167.


Overfull \hbox (45.2638pt too wide) in paragraph at lines 167--168
[]\OT1/lmr/m/n/10 (-20) This tiered con-fir-ma-tion ap-proach re-flects the su-
per-vi-sory con-trol paradigm rec-om-mended for field robotics [[]],
 []


LaTeX Warning: Citation 'ardupilot_failsafe' on page 22 undefined on input line
 177.

[22]

LaTeX Warning: Citation 'ardupilot_failsafe' on page 23 undefined on input line
 194.

) (sections/07_target_localisation.tex
! Undefined control sequence.
<argument> \metre \per \pixel 
                              
l.11 ...}{f \cdot W} \qquad [\si{\metre\per\pixel}
                                                  ]
The control sequence at the end of the top line
of your error message was never \def'ed. If you have
misspelled it (e.g., `\hobx'), type `I' and the correct
spelling (e.g., `I\hbox'). Otherwise just continue,
and I'll forget about whatever was undefined.

! Undefined control sequence.
<argument> \metre \per \pixel 
                              
l.11 ...}{f \cdot W} \qquad [\si{\metre\per\pixel}
                                                  ]
The control sequence at the end of the top line
of your error message was never \def'ed. If you have
misspelled it (e.g., `\hobx'), type `I' and the correct
spelling (e.g., `I\hbox'). Otherwise just continue,
and I'll forget about whatever was undefined.


! Package siunitx Error: Found per part with no unit.

For immediate help type H <return>.
 ...                                              
                                                  
l.11 ...}{f \cdot W} \qquad [\si{\metre\per\pixel}
                                                  ]

Each per part must be associated with a unit: a per part was found but no
following unit was given.


! Undefined control sequence.
<argument> \metre \per \pixel 
                              
l.14 ...{GSD} \approx \SI{0.022}{\metre\per\pixel}
                                                  $, so the full frame cover...
The control sequence at the end of the top line
of your error message was never \def'ed. If you have
misspelled it (e.g., `\hobx'), type `I' and the correct
spelling (e.g., `I\hbox'). Otherwise just continue,
and I'll forget about whatever was undefined.

! Undefined control sequence.
<argument> \metre \per \pixel 
                              
l.14 ...{GSD} \approx \SI{0.022}{\metre\per\pixel}
                                                  $, so the full frame cover...
The control sequence at the end of the top line
of your error message was never \def'ed. If you have
misspelled it (e.g., `\hobx'), type `I' and the correct
spelling (e.g., `I\hbox'). Otherwise just continue,
and I'll forget about whatever was undefined.


! Package siunitx Error: Found per part with no unit.

For immediate help type H <return>.
 ...                                              
                                                  
l.14 ...{GSD} \approx \SI{0.022}{\metre\per\pixel}
                                                  $, so the full frame cover...


Each per part must be associated with a unit: a per part was found but no
following unit was given.


[23]

LaTeX Warning: Citation 'kalman1960new' on page 24 undefined on input line 68.

[24]

LaTeX Warning: Citation 'misra2006global' on page 25 undefined on input line 94
.


LaTeX Warning: Citation 'kaplan2017understanding' on page 25 undefined on input
 line 95.


LaTeX Warning: Reference `eq:ne-offset' on page 25 undefined on input line 97.


LaTeX Warning: Reference `sec:pixel-gps' on page 25 undefined on input line 98.



LaTeX Warning: Reference `tab:localisation-accuracy' on page 25 undefined on in
put line 106.


LaTeX Warning: Reference `fig:gps-scatter' on page 25 undefined on input line 1
33.


LaTeX Warning: Citation 'takasu2009development' on page 25 undefined on input l
ine 135.

) (sections/08_ground_station.tex

LaTeX Warning: Citation 'qgroundcontrol2020' on page 25 undefined on input line
 3.


LaTeX Warning: Citation 'meier2015px4' on page 25 undefined on input line 3.

[25]

LaTeX Warning: Citation 'rfc2435' on page 26 undefined on input line 12.


LaTeX Warning: Citation 'munoz2016mjpeg' on page 26 undefined on input line 18.



LaTeX Warning: Reference `fig:dashboard' on page 26 undefined on input line 23.



LaTeX Warning: Reference `sec:gps-estimation' on page 26 undefined on input lin
e 31.


LaTeX Warning: Reference `sec:testing' on page 26 undefined on input line 47.


LaTeX Warning: Reference `sec:cv-training' on page 26 undefined on input line 5
7.

) (sections/09_simulation.tex [26]

LaTeX Warning: Citation 'shah2018' on page 27 undefined on input line 7.


LaTeX Warning: Citation 'ardupilot2024' on page 27 undefined on input line 12.

[27]

LaTeX Warning: Reference `fig:simulator' on page 28 undefined on input line 54.


[28]

LaTeX Warning: Citation 'ardupilot2024' on page 29 undefined on input line 84.

[29]
! Undefined control sequence.
\degree ->\ERROR 
                 
l.104 ...ped DJI video ($\text{HFOV} = 54.4\degree
                                                  $ at $1456 \times 1088$) b...
The control sequence at the end of the top line
of your error message was never \def'ed. If you have
misspelled it (e.g., `\hobx'), type `I' and the correct
spelling (e.g., `I\hbox'). Otherwise just continue,
and I'll forget about whatever was undefined.


LaTeX Warning: Reference `sec:localisation' on page 30 undefined on input line 
106.


LaTeX Warning: Citation 'jones2020' on page 30 undefined on input line 110.

[30]

LaTeX Warning: Reference `sec:testing' on page 31 undefined on input line 126.

) (sections/10_testing.tex

LaTeX Warning: Citation 'forsberg1991relationship' on page 31 undefined on inpu
t line 3.


LaTeX Warning: Citation 'koopman2016challenges' on page 31 undefined on input l
ine 3.

[31]

LaTeX Warning: Reference `tab:five-tier' on page 32 undefined on input line 15.



LaTeX Warning: Citation 'ardupilot2024' on page 32 undefined on input line 39.


LaTeX Warning: Reference `sec:stress' on page 32 undefined on input line 39.


LaTeX Warning: Reference `sec:five-tier' on page 32 undefined on input line 55.


[32]

LaTeX Warning: Reference `sec:results' on page 33 undefined on input line 62.


LaTeX Warning: Reference `sec:model-training' on page 33 undefined on input lin
e 74.


LaTeX Warning: Reference `tab:stress-results' on page 33 undefined on input lin
e 78.

[33]

LaTeX Warning: Citation 'nasa2015vv' on page 34 undefined on input line 119.


LaTeX Warning: Citation 'jarus2019sora' on page 34 undefined on input line 119.


[34]) (sections/11_field_results.tex [35]

LaTeX Warning: Reference `tab:benchmark-results' on page 36 undefined on input 
line 38.

[36]

LaTeX Warning: Reference `sec:methodology' on page 37 undefined on input line 1
05.

) (sections/12_model_training.tex [37]

LaTeX Warning: Citation 'domainrand' on page 38 undefined on input line 15.


LaTeX Warning: Citation 'yolov8' on page 38 undefined on input line 15.


LaTeX Warning: Citation 'synthdata' on page 38 undefined on input line 29.


LaTeX Warning: Citation 'hardneg' on page 38 undefined on input line 39.


LaTeX Warning: Citation 'coco_dataset' on page 38 undefined on input line 43.


LaTeX Warning: Citation 'yolov8' on page 38 undefined on input line 43.


LaTeX Warning: Reference `tab:training_config' on page 38 undefined on input li
ne 43.

[38]

LaTeX Warning: Citation 'yolov4' on page 39 undefined on input line 67.


LaTeX Warning: Reference `tab:training_results' on page 39 undefined on input l
ine 71.


LaTeX Warning: Reference `sec:field' on page 39 undefined on input line 87.

[39]

LaTeX Warning: Reference `sec:training:results' on page 40 undefined on input l
ine 108.


LaTeX Warning: Citation 'domainrand' on page 40 undefined on input line 110.


LaTeX Warning: Reference `sec:results' on page 40 undefined on input line 119.

) (sections/13_safety_risk.tex

LaTeX Warning: Citation 'jarus2019sora' on page 40 undefined on input line 3.


LaTeX Warning: Citation 'caa2024uas' on page 40 undefined on input line 3.


Overfull \hbox (32.69623pt too wide) in paragraph at lines 14--15
[]\OT1/lmr/bx/n/10 (-20) Hard bound-ary cut-off. \OT1/lmr/m/n/10 (-20) If the d
rone's GPS po-si-tion falls in-side the SSSI poly-gon (or within \OT1/lmtt/m/n/
10 NFZ[]HARD[]BOUNDARY[]M \OT1/lmr/m/n/10 (-20) = 3m),
 []


LaTeX Warning: Reference `tab:failure-modes' on page 40 undefined on input line
 21.


Underfull \hbox (badness 7012) in paragraph at lines 34--35
\OT1/lmr/m/n/9 (+20) GCS fail-safe (\OT1/lmtt/m/n/9 FS[]GCS[]ENABLE\OT1/lmr/m/n
/9 (+20) ) pro-vides
 []


Underfull \hbox (badness 4266) in paragraph at lines 35--35
[]|\OT1/lmr/m/n/9 (+20) Throttle PWM be-low
 []


Underfull \hbox (badness 1231) in paragraph at lines 35--36
[]|\OT1/lmr/m/n/9 (+20) ArduCopter RC fail-safe (\OT1/lmtt/m/n/9 FS[]THR[]ENABL
E\OT1/lmr/m/n/9 (+20) )
 []


Underfull \hbox (badness 10000) in paragraph at lines 39--39
[]|\OT1/lmtt/m/n/9 cv2.pointPolygonTest
 []

[40]
Overfull \hbox (50.9385pt too wide) in paragraph at lines 52--53
[]\OT1/lmr/bx/n/10 (-20) N (Re-ject) \OT1/lmr/m/n/10 (-20) --- a false pos-i-ti
ve. The tar-get po-si-tion is spa-tially tagged with a 5m ex-clu-sion ra-dius (
\OT1/lmtt/m/n/10 REJECTED[]TARGET[]RADIUS[]M\OT1/lmr/m/n/10 (-20) )
 []

[41]

LaTeX Warning: Reference `tab:risk-register' on page 42 undefined on input line
 72.


LaTeX Warning: Citation 'jarus2019sora' on page 42 undefined on input line 72.


Underfull \hbox (badness 3219) in paragraph at lines 83--83
[]|\OT1/lmr/m/n/9 (+20) Autopilot hard-ware
 []


Underfull \hbox (badness 10000) in paragraph at lines 85--85
[]|\OT1/lmr/m/n/9 (+20) Battery de-ple-tion
 []


Underfull \hbox (badness 10000) in paragraph at lines 88--88
[]|\OT1/lmr/m/n/9 (+20) GPS drift causes
 []


Underfull \hbox (badness 2393) in paragraph at lines 90--90
[]|\OT1/lmr/m/n/9 (+20) High wind ex-ceeds
 []


Underfull \hbox (badness 5064) in paragraph at lines 91--91
[]|\OT1/lmr/m/n/9 (+20) Camera/CV fail-ure
 []


Underfull \hbox (badness 10000) in paragraph at lines 92--92
[]|\OT1/lmr/m/n/9 (+20) Regulatory non-
 []


LaTeX Warning: Citation 'caa2024uas' on page 42 undefined on input line 99.


LaTeX Warning: Citation 'wca1981' on page 42 undefined on input line 108.


LaTeX Warning: Reference `sec:geofencing' on page 42 undefined on input line 10
8.


LaTeX Warning: Citation 'jarus2019sora' on page 42 undefined on input line 110.


) (sections/14_future_work.tex [42]

LaTeX Warning: Citation 'david2021tensorflow' on page 43 undefined on input lin
e 10.


LaTeX Warning: Citation 'ncnn2017' on page 43 undefined on input line 12.


LaTeX Warning: Citation 'hailo2023datasheet' on page 43 undefined on input line
 13.

[43]

LaTeX Warning: Citation 'rudol2008human' on page 44 undefined on input line 35.



LaTeX Warning: Citation 'cap722' on page 44 undefined on input line 46.


LaTeX Warning: Citation 'waharte2010supporting' on page 44 undefined on input l
ine 50.

) (sections/15_conclusion.tex [44]

LaTeX Warning: Reference `sec:future' on page 45 undefined on input line 11.

) [45]

LaTeX Warning: Empty bibliography on input line 156.

[46] (sections/A1_state_table.tex

LaTeX Warning: Reference `tab:state-transitions' on page 47 undefined on input 
line 5.

LaTeX Font Info:    Font shape `OT1/lmtt/bx/n' in size <9> not available
(Font)              Font shape `OT1/lmtt/b/n' tried instead on input line 28.

Underfull \hbox (badness 10000) in paragraph at lines 47--47
[]|\OT1/lmr/m/n/9 (+20) Power-on (ini-tial
 []


Underfull \hbox (badness 10000) in paragraph at lines 48--48
[]|\OT1/lmr/m/n/9 (+20) Attempt MAVLink
 []


Underfull \hbox (badness 10000) in paragraph at lines 48--48
\OT1/lmr/m/n/9 (+20) con-nec-tion to
 []


Underfull \hbox (badness 10000) in paragraph at lines 48--48
\OT1/lmtt/m/n/9 CONNECTION[]STR
 []


Underfull \hbox (badness 10000) in paragraph at lines 54--54
[]|\OT1/lmr/m/n/9 (+20) MAVLink socket
 []


Underfull \hbox (badness 2671) in paragraph at lines 55--55
\OT1/lmr/m/n/9 (+20) SITL speedup (SIM
 []


Underfull \hbox (badness 10000) in paragraph at lines 69--69
\OT1/lmtt/m/n/9 TARGET[]ALT\OT1/lmr/m/n/9 (+20) ; mon-i-tor
 []


Underfull \hbox (badness 5878) in paragraph at lines 69--69
\OT1/lmr/m/n/9 (+20) al-ti-tude and armed
 []


Underfull \hbox (badness 10000) in paragraph at lines 70--75
\OT1/lmr/m/n/9 (+20) pre-WPs ex-ist $\OMS/lmsy/m/n/9 !$
 []


Underfull \hbox (badness 10000) in paragraph at lines 70--75
\OT1/lmr/m/n/9 (+20) WPs ex-ist $\OMS/lmsy/m/n/9 !$ \OT1/lmr/m/sc/9 (+20) tran-

 []


Underfull \hbox (badness 10000) in paragraph at lines 85--85
[]|\OT1/lmr/m/n/9 (+20) Fly each pre-WP
 []


Underfull \hbox (badness 10000) in paragraph at lines 85--85
\OT1/lmr/m/n/9 (+20) se-quen-tially at
 []


Underfull \hbox (badness 10000) in paragraph at lines 85--85
\OT1/lmtt/m/n/9 TRANSIT[]SPEED\OT1/lmr/m/n/9 (+20) ; ad-
 []


Underfull \hbox (badness 3758) in paragraph at lines 94--94
[]|\OT1/lmr/m/n/9 (+20) dist to WP[0]$\OML/lmm/m/it/9 <$\OT1/lmr/m/n/9 (+20) 2m
 $\OMS/lmsy/m/n/9 !$
 []


Underfull \hbox (badness 10000) in paragraph at lines 100--100
[]|\OT1/lmr/m/n/9 (+20) Orient yaw (di-ag-o-
 []


Underfull \hbox (badness 6493) in paragraph at lines 100--100
\OT1/lmr/m/n/9 (+20) nal align-ment); fly
 []


Underfull \hbox (badness 4531) in paragraph at lines 100--100
\OT1/lmr/m/n/9 (+20) lawn-mower WPs at
 []


Underfull \hbox (badness 10000) in paragraph at lines 100--100
\OT1/lmr/m/n/9 (+20) altitude-dependent
 []


Underfull \hbox (badness 1184) in paragraph at lines 100--100
\OT1/lmr/m/n/9 (+20) tion; fil-ter & queue
 []


Underfull \hbox (badness 2970) in paragraph at lines 100--100
\OT1/lmr/m/n/9 (+20) con-firmed de-tec-tions;
 []


Underfull \hbox (badness 1253) in paragraph at lines 101--104
\OT1/lmr/m/n/9 (+20) Rescan floor reached $\OMS/lmsy/m/n/9 !$
 []


Underfull \hbox (badness 1776) in paragraph at lines 113--113
[]|\OT1/lmr/m/n/9 (+20) Detection de-queued
 []


Underfull \hbox (badness 10000) in paragraph at lines 114--114
\OT1/lmr/m/n/9 (+20) within \OT1/lmtt/m/n/9 LOCK[]RADIUS\OT1/lmr/m/n/9 (+20) ;
 []


Overfull \hbox (1.10286pt too wide) in paragraph at lines 120--120
[]|\OT1/lmr/m/n/9 (-20) (Currently bypassed---
 []


Underfull \hbox (badness 2753) in paragraph at lines 120--120
\OT1/lmr/m/n/9 (+20) reserved for fu-ture
 []


Underfull \hbox (badness 10000) in paragraph at lines 120--120
\OT1/lmr/m/n/9 (+20) descent-before-
 []


Underfull \hbox (badness 10000) in paragraph at lines 121--121
[]|\OT1/lmr/m/n/9 (+20) Immediately tran-si-
 []


Underfull \hbox (badness 4132) in paragraph at lines 128--128
\OT1/lmr/m/n/9 (+20) lect GPS avg sam-
 []


Underfull \hbox (badness 4001) in paragraph at lines 128--128
\OT1/lmr/m/n/9 (+20) ples; dis-play count-
 []


Underfull \hbox (badness 5345) in paragraph at lines 129--131
\OT1/lmr/bx/n/9 (+20) N\OT1/lmr/m/n/9 (+20) : re-ject TGT; queue
 []


Underfull \hbox (badness 1168) in paragraph at lines 148--148
[]|\OT1/lmr/m/n/9 (+20) Hold po-si-tion; servo
 []


Underfull \hbox (badness 10000) in paragraph at lines 148--148
\OT1/lmr/m/n/9 (+20) stage 1 at $\OML/lmm/m/it/9 t$\OT1/lmr/m/n/9 (+20) =3s
 []


Underfull \hbox (badness 6510) in paragraph at lines 148--148
\OT1/lmr/m/n/9 (+20) PWM 1900); close
 []


Underfull \hbox (badness 10000) in paragraph at lines 149--151
\OT1/lmr/m/n/9 (+20) pre-WPs ex-ist $\OMS/lmsy/m/n/9 !$ \OT1/lmr/m/sc/9 (+20) r
e-
 []


Underfull \hbox (badness 1221) in paragraph at lines 161--161
[]|\OT1/lmr/m/n/9 (+20) Climb to search alt;
 []


Underfull \hbox (badness 10000) in paragraph at lines 161--161
\OT1/lmr/m/n/9 (+20) re-trace pre-WPs
 []


Underfull \hbox (badness 4013) in paragraph at lines 161--161
\OT1/lmr/m/n/9 (+20) in re-verse or-der at
 []


Underfull \hbox (badness 10000) in paragraph at lines 187--187
[]|\OT1/lmr/m/n/9 (+20) Target re-
 []


Underfull \hbox (badness 10000) in paragraph at lines 188--188
[]|\OT1/lmr/m/n/9 (+20) Fly to de-par-ture
 []


Underfull \hbox (badness 10000) in paragraph at lines 189--189
[]|\OT1/lmr/m/n/9 (+20) dist$\OML/lmm/m/it/9 <$\OT1/lmr/m/n/9 (+20) 3m and
 []


Underfull \hbox (badness 10000) in paragraph at lines 189--189
\OT1/lmr/m/n/9 (+20) alt$\OML/lmm/m/it/9 >$$\OT1/lmr/m/n/9 (+20) 0\OML/lmm/m/it
/9 :\OT1/lmr/m/n/9 (+20) 85\OMS/lmsy/m/n/9 ^^B$\OT1/lmr/m/n/9 (+20) search[]alt

 []


Underfull \hbox (badness 10000) in paragraph at lines 194--194
[]|\OT1/lmr/m/n/9 (+20) Exiting MAN-UAL
 []


Underfull \hbox (badness 3229) in paragraph at lines 194--194
\OT1/lmr/m/n/9 (+20) mode; $\OML/lmm/m/it/9 >$\OT1/lmr/m/n/9 (+20) 5m from
 []


Underfull \hbox (badness 6364) in paragraph at lines 195--195
[]|\OT1/lmr/m/n/9 (+20) Fly to man-ual de-
 []


Underfull \hbox (badness 1194) in paragraph at lines 208--208
\OT1/lmr/m/it/9 (+20) or \OT1/lmr/m/n/9 (+20) ge-ofence de-tects
 []


Underfull \hbox (badness 10000) in paragraph at lines 209--209
\OT1/lmr/m/n/9 (+20) R/F climb/descend;
 []


Underfull \hbox (badness 1043) in paragraph at lines 209--209
\OT1/lmr/m/n/9 (+20) tions queued silently
 []


Underfull \hbox (badness 1558) in paragraph at lines 210--214
\OT1/lmr/m/n/9 (+20) else $\OMS/lmsy/m/n/9 !$ \OT1/lmr/m/n/9 (+20) re-sume pre-
vi-ous
 []


Underfull \hbox (badness 10000) in paragraph at lines 219--219
[]|\OT1/lmr/m/n/9 (+20) Mission com-plete,
 []

ignored error: Infinite glue shrinkage found in box being split [47] [48])
(sections/A2_config_params.tex

LaTeX Warning: Reference `tab:config-params' on page 49 undefined on input line
 4.

! Misplaced \noalign.
\midrule ->\noalign 
                    {\ifnum 0=`}\fi \@aboverulesep =\aboverulesep \global \@...
l.15 \midrule
             
I expect to see \noalign only after the \cr of
an alignment. Proceed, and I'll ignore this case.

! Missing } inserted.
<inserted text> 
                }
l.16 
     
I've inserted something that you may have forgotten.
(See the <inserted text> above.)
With luck, this will get me unwedged. But if you
really didn't forget anything, try typing `2' now; then
my insertion and my current dilemma will both disappear.

! Missing \endgroup inserted.
<inserted text> 
                \endgroup 
l.16 
     
I've inserted something that you may have forgotten.
(See the <inserted text> above.)
With luck, this will get me unwedged. But if you
really didn't forget anything, try typing `2' now; then
my insertion and my current dilemma will both disappear.

! Missing } inserted.
<inserted text> 
                }
l.16 
     
I've inserted something that you may have forgotten.
(See the <inserted text> above.)
With luck, this will get me unwedged. But if you
really didn't forget anything, try typing `2' now; then
my insertion and my current dilemma will both disappear.

! Missing \cr inserted.
<inserted text> 
                \cr 
l.16 
     
I'm guessing that you meant to end an alignment here.

! Missing } inserted.
<inserted text> 
                }
l.16 
     
I've inserted something that you may have forgotten.
(See the <inserted text> above.)
With luck, this will get me unwedged. But if you
really didn't forget anything, try typing `2' now; then
my insertion and my current dilemma will both disappear.

! Missing \cr inserted.
<inserted text> 
                \cr 
l.16 
     
I'm guessing that you meant to end an alignment here.

! Misplaced \cr.
<inserted text> \cr 
                    
l.16 
     
I can't figure out why you would want to use a tab mark
or \cr or \span just now. If something like a right brace
up above has ended a previous alignment prematurely,
you're probably due for more error messages, and you
might try typing `S' now just to see what is salvageable.

! Missing \cr inserted.
<inserted text> 
                \cr 
l.16 
     
I'm guessing that you meant to end an alignment here.

! Misplaced \cr.
<inserted text> \cr 
                    
l.16 
     
I can't figure out why you would want to use a tab mark
or \cr or \span just now. If something like a right brace
up above has ended a previous alignment prematurely,
you're probably due for more error messages, and you
might try typing `S' now just to see what is salvageable.

! Missing \cr inserted.
<inserted text> 
                \cr 
l.16 
     
I'm guessing that you meant to end an alignment here.

! Misplaced \cr.
<inserted text> \cr 
                    
l.16 
     
I can't figure out why you would want to use a tab mark
or \cr or \span just now. If something like a right brace
up above has ended a previous alignment prematurely,
you're probably due for more error messages, and you
might try typing `S' now just to see what is salvageable.

! Missing \cr inserted.
<inserted text> 
                \cr 
l.16 
     
I'm guessing that you meant to end an alignment here.

! Misplaced \cr.
<inserted text> \cr 
                    
l.16 
     
I can't figure out why you would want to use a tab mark
or \cr or \span just now. If something like a right brace
up above has ended a previous alignment prematurely,
you're probably due for more error messages, and you
might try typing `S' now just to see what is salvageable.

! Missing \cr inserted.
<inserted text> 
                \cr 
l.16 
     
I'm guessing that you meant to end an alignment here.

! Misplaced \cr.
<inserted text> \cr 
                    
l.16 
     
I can't figure out why you would want to use a tab mark
or \cr or \span just now. If something like a right brace
up above has ended a previous alignment prematurely,
you're probably due for more error messages, and you
might try typing `S' now just to see what is salvageable.

! Missing \cr inserted.
<inserted text> 
                \cr 
l.16 
     
I'm guessing that you meant to end an alignment here.

! Misplaced \cr.
<inserted text> \cr 
                    
l.16 
     
I can't figure out why you would want to use a tab mark
or \cr or \span just now. If something like a right brace
up above has ended a previous alignment prematurely,
you're probably due for more error messages, and you
might try typing `S' now just to see what is salvageable.

! Missing \cr inserted.
<inserted text> 
                \cr 
l.16 
     
I'm guessing that you meant to end an alignment here.

! Misplaced \cr.
<inserted text> \cr 
                    
l.16 
     
I can't figure out why you would want to use a tab mark
or \cr or \span just now. If something like a right brace
up above has ended a previous alignment prematurely,
you're probably due for more error messages, and you
might try typing `S' now just to see what is salvageable.

! Missing \cr inserted.
<inserted text> 
                \cr 
l.16 
     
I'm guessing that you meant to end an alignment here.

! Misplaced \cr.
<inserted text> \cr 
                    
l.16 
     
I can't figure out why you would want to use a tab mark
or \cr or \span just now. If something like a right brace
up above has ended a previous alignment prematurely,
you're probably due for more error messages, and you
might try typing `S' now just to see what is salvageable.

! Missing \cr inserted.
<inserted text> 
                \cr 
l.16 
     
I'm guessing that you meant to end an alignment here.

! Misplaced \cr.
<inserted text> \cr 
                    
l.16 
     
I can't figure out why you would want to use a tab mark
or \cr or \span just now. If something like a right brace
up above has ended a previous alignment prematurely,
you're probably due for more error messages, and you
might try typing `S' now just to see what is salvageable.

! Missing \cr inserted.
<inserted text> 
                \cr 
l.16 
     
I'm guessing that you meant to end an alignment here.

! Misplaced \cr.
<inserted text> \cr 
                    
l.16 
     
I can't figure out why you would want to use a tab mark
or \cr or \span just now. If something like a right brace
up above has ended a previous alignment prematurely,
you're probably due for more error messages, and you
might try typing `S' now just to see what is salvageable.

! Missing \cr inserted.
<inserted text> 
                \cr 
l.16 
     
I'm guessing that you meant to end an alignment here.

! Misplaced \cr.
<inserted text> \cr 
                    
l.16 
     
I can't figure out why you would want to use a tab mark
or \cr or \span just now. If something like a right brace
up above has ended a previous alignment prematurely,
you're probably due for more error messages, and you
might try typing `S' now just to see what is salvageable.

! Missing \cr inserted.
<inserted text> 
                \cr 
l.16 
     
I'm guessing that you meant to end an alignment here.

! Misplaced \cr.
<inserted text> \cr 
                    
l.16 
     
I can't figure out why you would want to use a tab mark
or \cr or \span just now. If something like a right brace
up above has ended a previous alignment prematurely,
you're probably due for more error messages, and you
might try typing `S' now just to see what is salvageable.

! Missing \cr inserted.
<inserted text> 
                \cr 
l.16 
     
I'm guessing that you meant to end an alignment here.

! Misplaced \cr.
<inserted text> \cr 
                    
l.16 
     
I can't figure out why you would want to use a tab mark
or \cr or \span just now. If something like a right brace
up above has ended a previous alignment prematurely,
you're probably due for more error messages, and you
might try typing `S' now just to see what is salvageable.

! Missing \cr inserted.
<inserted text> 
                \cr 
l.16 
     
I'm guessing that you meant to end an alignment here.

! Misplaced \cr.
<inserted text> \cr 
                    
l.16 
     
I can't figure out why you would want to use a tab mark
or \cr or \span just now. If something like a right brace
up above has ended a previous alignment prematurely,
you're probably due for more error messages, and you
might try typing `S' now just to see what is salvageable.

! Missing \cr inserted.
<inserted text> 
                \cr 
l.16 
     
I'm guessing that you meant to end an alignment here.

! Misplaced \cr.
<inserted text> \cr 
                    
l.16 
     
I can't figure out why you would want to use a tab mark
or \cr or \span just now. If something like a right brace
up above has ended a previous alignment prematurely,
you're probably due for more error messages, and you
might try typing `S' now just to see what is salvageable.

! Missing \cr inserted.
<inserted text> 
                \cr 
l.16 
     
I'm guessing that you meant to end an alignment here.

! Misplaced \cr.
<inserted text> \cr 
                    
l.16 
     
I can't figure out why you would want to use a tab mark
or \cr or \span just now. If something like a right brace
up above has ended a previous alignment prematurely,
you're probably due for more error messages, and you
might try typing `S' now just to see what is salvageable.

! Missing \cr inserted.
<inserted text> 
                \cr 
l.16 
     
I'm guessing that you meant to end an alignment here.

! Misplaced \cr.
<inserted text> \cr 
                    
l.16 
     
I can't figure out why you would want to use a tab mark
or \cr or \span just now. If something like a right brace
up above has ended a previous alignment prematurely,
you're probably due for more error messages, and you
might try typing `S' now just to see what is salvageable.

! Missing \cr inserted.
<inserted text> 
                \cr 
l.16 
     
I'm guessing that you meant to end an alignment here.

! Misplaced \cr.
<inserted text> \cr 
                    
l.16 
     
I can't figure out why you would want to use a tab mark
or \cr or \span just now. If something like a right brace
up above has ended a previous alignment prematurely,
you're probably due for more error messages, and you
might try typing `S' now just to see what is salvageable.

! Missing \cr inserted.
<inserted text> 
                \cr 
l.16 
     
I'm guessing that you meant to end an alignment here.

! Misplaced \cr.
<inserted text> \cr 
                    
l.16 
     
I can't figure out why you would want to use a tab mark
or \cr or \span just now. If something like a right brace
up above has ended a previous alignment prematurely,
you're probably due for more error messages, and you
might try typing `S' now just to see what is salvageable.

! Missing \cr inserted.
<inserted text> 
                \cr 
l.16 
     
I'm guessing that you meant to end an alignment here.

! Misplaced \cr.
<inserted text> \cr 
                    
l.16 
     
I can't figure out why you would want to use a tab mark
or \cr or \span just now. If something like a right brace
up above has ended a previous alignment prematurely,
you're probably due for more error messages, and you
might try typing `S' now just to see what is salvageable.

! Missing \cr inserted.
<inserted text> 
                \cr 
l.16 
     
I'm guessing that you meant to end an alignment here.

! Misplaced \cr.
<inserted text> \cr 
                    
l.16 
     
I can't figure out why you would want to use a tab mark
or \cr or \span just now. If something like a right brace
up above has ended a previous alignment prematurely,
you're probably due for more error messages, and you
might try typing `S' now just to see what is salvageable.

! Missing \cr inserted.
<inserted text> 
                \cr 
l.16 
     
I'm guessing that you meant to end an alignment here.

! Misplaced \cr.
<inserted text> \cr 
                    
l.16 
     
I can't figure out why you would want to use a tab mark
or \cr or \span just now. If something like a right brace
up above has ended a previous alignment prematurely,
you're probably due for more error messages, and you
might try typing `S' now just to see what is salvageable.

! Missing \cr inserted.
<inserted text> 
                \cr 
l.16 
     
I'm guessing that you meant to end an alignment here.

! Misplaced \cr.
<inserted text> \cr 
                    
l.16 
     
I can't figure out why you would want to use a tab mark
or \cr or \span just now. If something like a right brace
up above has ended a previous alignment prematurely,
you're probably due for more error messages, and you
might try typing `S' now just to see what is salvageable.

! Missing \cr inserted.
<inserted text> 
                \cr 
l.16 
     
I'm guessing that you meant to end an alignment here.

! Misplaced \cr.
<inserted text> \cr 
                    
l.16 
     
I can't figure out why you would want to use a tab mark
or \cr or \span just now. If something like a right brace
up above has ended a previous alignment prematurely,
you're probably due for more error messages, and you
might try typing `S' now just to see what is salvageable.

! Missing \cr inserted.
<inserted text> 
                \cr 
l.16 
     
I'm guessing that you meant to end an alignment here.

! Misplaced \cr.
<inserted text> \cr 
                    
l.16 
     
I can't figure out why you would want to use a tab mark
or \cr or \span just now. If something like a right brace
up above has ended a previous alignment prematurely,
you're probably due for more error messages, and you
might try typing `S' now just to see what is salvageable.

! Missing \cr inserted.
<inserted text> 
                \cr 
l.16 
     
I'm guessing that you meant to end an alignment here.

! Misplaced \cr.
<inserted text> \cr 
                    
l.16 
     
I can't figure out why you would want to use a tab mark
or \cr or \span just now. If something like a right brace
up above has ended a previous alignment prematurely,
you're probably due for more error messages, and you
might try typing `S' now just to see what is salvageable.

! Missing \cr inserted.
<inserted text> 
                \cr 
l.16 
     
I'm guessing that you meant to end an alignment here.

! Misplaced \cr.
<inserted text> \cr 
                    
l.16 
     
I can't figure out why you would want to use a tab mark
or \cr or \span just now. If something like a right brace
up above has ended a previous alignment prematurely,
you're probably due for more error messages, and you
might try typing `S' now just to see what is salvageable.

! Missing \cr inserted.
<inserted text> 
                \cr 
l.16 
     
I'm guessing that you meant to end an alignment here.

! Misplaced \cr.
<inserted text> \cr 
                    
l.16 
     
I can't figure out why you would want to use a tab mark
or \cr or \span just now. If something like a right brace
up above has ended a previous alignment prematurely,
you're probably due for more error messages, and you
might try typing `S' now just to see what is salvageable.

! Missing \cr inserted.
<inserted text> 
                \cr 
l.16 
     
I'm guessing that you meant to end an alignment here.

! Misplaced \cr.
<inserted text> \cr 
                    
l.16 
     
I can't figure out why you would want to use a tab mark
or \cr or \span just now. If something like a right brace
up above has ended a previous alignment prematurely,
you're probably due for more error messages, and you
might try typing `S' now just to see what is salvageable.

! Missing \cr inserted.
<inserted text> 
                \cr 
l.16 
     
I'm guessing that you meant to end an alignment here.

! Misplaced \cr.
<inserted text> \cr 
                    
l.16 
     
I can't figure out why you would want to use a tab mark
or \cr or \span just now. If something like a right brace
up above has ended a previous alignment prematurely,
you're probably due for more error messages, and you
might try typing `S' now just to see what is salvageable.

! Missing \cr inserted.
<inserted text> 
                \cr 
l.16 
     
I'm guessing that you meant to end an alignment here.

! Misplaced \cr.
<inserted text> \cr 
                    
l.16 
     
I can't figure out why you would want to use a tab mark
or \cr or \span just now. If something like a right brace
up above has ended a previous alignment prematurely,
you're probably due for more error messages, and you
might try typing `S' now just to see what is salvageable.

! Missing \cr inserted.
<inserted text> 
                \cr 
l.16 
     
I'm guessing that you meant to end an alignment here.

! Misplaced \cr.
<inserted text> \cr 
                    
l.16 
     
I can't figure out why you would want to use a tab mark
or \cr or \span just now. If something like a right brace
up above has ended a previous alignment prematurely,
you're probably due for more error messages, and you
might try typing `S' now just to see what is salvageable.

! Missing \cr inserted.
<inserted text> 
                \cr 
l.16 
     
I'm guessing that you meant to end an alignment here.

! Misplaced \cr.
<inserted text> \cr 
                    
l.16 
     
I can't figure out why you would want to use a tab mark
or \cr or \span just now. If something like a right brace
up above has ended a previous alignment prematurely,
you're probably due for more error messages, and you
might try typing `S' now just to see what is salvageable.

! Missing \cr inserted.
<inserted text> 
                \cr 
l.16 
     
I'm guessing that you meant to end an alignment here.

! Misplaced \cr.
<inserted text> \cr 
                    
l.16 
     
I can't figure out why you would want to use a tab mark
or \cr or \span just now. If something like a right brace
up above has ended a previous alignment prematurely,
you're probably due for more error messages, and you
might try typing `S' now just to see what is salvageable.

! Missing \cr inserted.
<inserted text> 
                \cr 
l.16 
     
I'm guessing that you meant to end an alignment here.

! Misplaced \cr.
<inserted text> \cr 
                    
l.16 
     
I can't figure out why you would want to use a tab mark
or \cr or \span just now. If something like a right brace
up above has ended a previous alignment prematurely,
you're probably due for more error messages, and you
might try typing `S' now just to see what is salvageable.

! Missing \cr inserted.
<inserted text> 
                \cr 
l.16 
     
I'm guessing that you meant to end an alignment here.

! Misplaced \cr.
<inserted text> \cr 
                    
l.16 
     
I can't figure out why you would want to use a tab mark
or \cr or \span just now. If something like a right brace
up above has ended a previous alignment prematurely,
you're probably due for more error messages, and you
might try typing `S' now just to see what is salvageable.

! Missing \cr inserted.
<inserted text> 
                \cr 
l.16 
     
I'm guessing that you meant to end an alignment here.

! Misplaced \cr.
<inserted text> \cr 
                    
l.16 
     
I can't figure out why you would want to use a tab mark
or \cr or \span just now. If something like a right brace
up above has ended a previous alignment prematurely,
you're probably due for more error messages, and you
might try typing `S' now just to see what is salvageable.

! Missing \cr inserted.
<inserted text> 
                \cr 
l.16 
     
I'm guessing that you meant to end an alignment here.

! Misplaced \cr.
<inserted text> \cr 
                    
l.16 
     
I can't figure out why you would want to use a tab mark
or \cr or \span just now. If something like a right brace
up above has ended a previous alignment prematurely,
you're probably due for more error messages, and you
might try typing `S' now just to see what is salvageable.

! Missing \cr inserted.
<inserted text> 
                \cr 
l.16 
     
I'm guessing that you meant to end an alignment here.

! Misplaced \cr.
<inserted text> \cr 
                    
l.16 
     
I can't figure out why you would want to use a tab mark
or \cr or \span just now. If something like a right brace
up above has ended a previous alignment prematurely,
you're probably due for more error messages, and you
might try typing `S' now just to see what is salvageable.

! Missing \cr inserted.
<inserted text> 
                \cr 
l.16 
     
I'm guessing that you meant to end an alignment here.

! Misplaced \cr.
<inserted text> \cr 
                    
l.16 
     
I can't figure out why you would want to use a tab mark
or \cr or \span just now. If something like a right brace
up above has ended a previous alignment prematurely,
you're probably due for more error messages, and you
might try typing `S' now just to see what is salvageable.

! Missing \cr inserted.
<inserted text> 
                \cr 
l.16 
     
I'm guessing that you meant to end an alignment here.

! Misplaced \cr.
<inserted text> \cr 
                    
l.16 
     
I can't figure out why you would want to use a tab mark
or \cr or \span just now. If something like a right brace
up above has ended a previous alignment prematurely,
you're probably due for more error messages, and you
might try typing `S' now just to see what is salvageable.

! Missing \cr inserted.
<inserted text> 
                \cr 
l.16 
     
I'm guessing that you meant to end an alignment here.

! Misplaced \cr.
<inserted text> \cr 
                    
l.16 
     
I can't figure out why you would want to use a tab mark
or \cr or \span just now. If something like a right brace
up above has ended a previous alignment prematurely,
you're probably due for more error messages, and you
might try typing `S' now just to see what is salvageable.

! Missing \cr inserted.
<inserted text> 
                \cr 
l.16 
     
I'm guessing that you meant to end an alignment here.

! Misplaced \cr.
<inserted text> \cr 
                    
l.16 
     
I can't figure out why you would want to use a tab mark
or \cr or \span just now. If something like a right brace
up above has ended a previous alignment prematurely,
you're probably due for more error messages, and you
might try typing `S' now just to see what is salvageable.

! Missing \cr inserted.
<inserted text> 
                \cr 
l.16 
     
I'm guessing that you meant to end an alignment here.

! Misplaced \cr.
<inserted text> \cr 
                    
l.16 
     
I can't figure out why you would want to use a tab mark
or \cr or \span just now. If something like a right brace
up above has ended a previous alignment prematurely,
you're probably due for more error messages, and you
might try typing `S' now just to see what is salvageable.

! Missing \cr inserted.
<inserted text> 
                \cr 
l.16 
     
I'm guessing that you meant to end an alignment here.

! Misplaced \cr.
<inserted text> \cr 
                    
l.16 
     
I can't figure out why you would want to use a tab mark
or \cr or \span just now. If something like a right brace
up above has ended a previous alignment prematurely,
you're probably due for more error messages, and you
might try typing `S' now just to see what is salvageable.

! Missing \cr inserted.
<inserted text> 
                \cr 
l.16 
     
I'm guessing that you meant to end an alignment here.

! Misplaced \cr.
<inserted text> \cr 
                    
l.16 
     
I can't figure out why you would want to use a tab mark
or \cr or \span just now. If something like a right brace
up above has ended a previous alignment prematurely,
you're probably due for more error messages, and you
might try typing `S' now just to see what is salvageable.

! Missing \cr inserted.
<inserted text> 
                \cr 
l.16 
     
I'm guessing that you meant to end an alignment here.

! Misplaced \cr.
<inserted text> \cr 
                    
l.16 
     
(That makes 100 errors; please try again.) 
Here is how much of TeX's memory you used:
 40950 strings out of 467871
 815250 string characters out of 5417408
 1666023 words of memory out of 5000000
 68489 multiletter control sequences out of 15000+600000
 730304 words of font info for 289 fonts, out of 8000000 for 9000
 1141 hyphenation exceptions out of 8191
 104i,17n,116p,2064b,1544s stack positions out of 10000i,1000n,20000p,200000b,200000s

!  ==> Fatal error occurred, no output PDF file produced!
