Timestamp,State,Lat,Lon,Alt,Target_Conf
2026-03-17 10:31:46.056155,INIT,51.42340640206451,-2.671446029622069,0.0,0.0
2026-03-17 10:31:47.750359,ARMING,51.423412,-2.6714142,-0.016,0.0
2026-03-17 10:31:49.451106,ARMING,51.423412,-2.6714142,-0.016,0.0
2026-03-17 10:31:50.751101,ARMING,51.423412,-2.6714142,0.003,0.0
2026-03-17 10:31:51.913748,TAKEOFF,51.423412,-2.6714136,5.709,0.0
2026-03-17 10:31:53.104195,TAKEOFF,51.423412,-2.6714138,20.908,0.0
2026-03-17 10:31:54.411058,TAKEOFF,51.4234119,-2.6714136,36.923,0.0
2026-03-17 10:31:55.633095,PRE_WAYPOINTS,51.4234119,-2.6714137,49.502,0.0
2026-03-17 10:31:56.669269,PRE_WAYPOINTS,51.423323,-2.6713521,49.984,0.0
2026-03-17 10:31:57.728517,PRE_WAYPOINTS,51.4232737,-2.671317,50.004,0.0
2026-03-17 10:31:59.068402,PRE_WAYPOINTS,51.4230658,-2.671123,49.991,0.0
2026-03-17 10:32:00.137945,PRE_WAYPOINTS,51.4226638,-2.6707508,50.003,0.0
2026-03-17 10:32:01.484303,PRE_WAYPOINTS,51.422509,-2.6706065,49.995,0.0
2026-03-17 10:32:02.511252,PRE_WAYPOINTS,51.4224814,-2.6705802,49.996,0.0
2026-03-17 10:32:03.594429,PRE_WAYPOINTS,51.4221287,-2.6702524,49.996,0.0
2026-03-17 10:32:04.644560,PRE_WAYPOINTS,51.4219047,-2.6700452,49.989,0.0
2026-03-17 10:32:05.967672,PRE_WAYPOINTS,51.421908,-2.6700472,49.994,0.0
2026-03-17 10:32:09.582826,PRE_WAYPOINTS,51.4222091,-2.6680496,50.011,0.0
2026-03-17 10:32:10.766085,PRE_WAYPOINTS,51.4222603,-2.6677137,49.999,0.0
2026-03-17 10:32:11.923496,PRE_WAYPOINTS,51.4222587,-2.6677226,49.996,0.0
2026-03-17 10:32:13.103467,PRE_WAYPOINTS,51.4225132,-2.6674065,49.983,0.0
2026-03-17 10:32:14.320095,PRE_WAYPOINTS,51.4229075,-2.6669091,49.988,0.0
2026-03-17 10:32:15.481511,PRE_WAYPOINTS,51.4229794,-2.6668202,49.992,0.0
2026-03-17 10:32:16.691229,PRE_WAYPOINTS,51.4230439,-2.6669304,49.996,0.0
2026-03-17 10:32:17.835268,PRE_WAYPOINTS,51.4234,-2.6675024,49.989,0.0
2026-03-17 10:32:18.975162,PRE_WAYPOINTS,51.4237695,-2.6680941,49.994,0.0
2026-03-17 10:32:20.159905,PRE_WAYPOINTS,51.4238927,-2.6682911,49.988,0.0
2026-03-17 10:32:21.345332,TRANSIT_TO_SEARCH,51.4238887,-2.6682859,49.999,0.0
2026-03-17 10:32:22.514851,TRANSIT_TO_SEARCH,51.4238937,-2.6683177,50.0,0.0
2026-03-17 10:32:23.744010,TRANSIT_TO_SEARCH,51.4239893,-2.6688774,49.989,0.0
2026-03-17 10:32:24.982390,SEARCH,51.4240002,-2.6689426,49.994,0.0
2026-03-17 10:32:26.159805,SEARCH,51.4240001,-2.6689416,49.998,0.0
2026-03-17 10:32:27.322276,SEARCH,51.4239241,-2.6692184,49.993,0.0
2026-03-17 10:32:28.478198,SEARCH,51.4237231,-2.6699537,49.989,0.0
2026-03-17 10:32:29.671057,SEARCH,51.4235215,-2.6706906,49.986,0.0
2026-03-17 10:32:30.904231,SEARCH,51.4234705,-2.6708769,49.997,0.0
2026-03-17 10:32:32.147498,SEARCH,51.423472,-2.670872,50.001,0.0
2026-03-17 10:32:33.349215,SEARCH,51.4234093,-2.6707649,50.002,0.0
2026-03-17 10:32:34.569717,SEARCH,51.4232217,-2.6704501,49.992,0.0
2026-03-17 10:32:35.779082,SEARCH,51.4232253,-2.6704555,49.997,0.0
2026-03-17 10:32:36.927436,SEARCH,51.4232256,-2.6704557,49.998,0.0
2026-03-17 10:32:38.138333,SEARCH,51.4233556,-2.669982,49.996,0.0
2026-03-17 10:32:39.360751,CENTERING,51.4235596,-2.6692186,49.999,0.0
2026-03-17 10:32:40.701338,CENTERING,51.4235683,-2.6693127,49.987,0.76300048828125
2026-03-17 10:32:41.960488,DESCENDING,51.4235515,-2.6696365,49.987,0.8670196533203125
2026-03-17 10:32:43.164312,DESCENDING,51.4235516,-2.6696327,46.43,0.864330530166626
2026-03-17 10:32:44.398961,DESCENDING,51.4235519,-2.6696319,37.466,0.9136118292808533
2026-03-17 10:32:45.535823,DESCENDING,51.4235519,-2.6696316,28.472,0.9324746131896973
2026-03-17 10:32:46.646199,DESCENDING,51.4235519,-2.6696314,20.225,0.9517425894737244
2026-03-17 10:32:47.858399,VERIFY,51.4235519,-2.6696313,15.034,0.9474966526031494
2026-03-17 10:32:49.034040,VERIFY,51.4235519,-2.6696316,15.0,0.9469283819198608
2026-03-17 10:32:50.262308,VERIFY,51.423552,-2.6696316,14.997,0.9469273090362549
2026-03-17 10:32:51.403352,RETURN_TO_SEARCH,51.423552,-2.6696316,15.002,0.9469254016876221
2026-03-17 10:32:52.649962,RETURN_TO_SEARCH,51.4234973,-2.6696912,27.381,0.9231343269348145
2026-03-17 10:32:53.865528,RETURN_TO_SEARCH,51.4234399,-2.669754,42.115,0.8980656266212463
2026-03-17 10:32:54.870763,SEARCH,51.4234081,-2.6697886,50.0,0.8563007116317749
2026-03-17 10:32:55.877716,SEARCH,51.4234091,-2.6697877,49.995,0.8308095932006836
2026-03-17 10:32:56.922552,SEARCH,51.4235137,-2.6694058,50.001,0.8547095656394958
2026-03-17 10:32:58.153624,SEARCH,51.4236916,-2.6687551,49.985,0.0
2026-03-17 10:32:59.439101,SEARCH,51.4237029,-2.6687142,49.994,0.0
2026-03-17 10:33:00.627531,SEARCH,51.42363,-2.6686616,50.001,0.0
2026-03-17 10:33:01.959710,SEARCH,51.4234425,-2.6685225,49.989,0.0
2026-03-17 10:33:03.015648,SEARCH,51.4233946,-2.6687169,49.99,0.0
2026-03-17 10:33:04.034556,SEARCH,51.4232163,-2.6693761,49.99,0.0
2026-03-17 10:33:05.335440,SEARCH,51.4230455,-2.6700096,49.986,0.0
2026-03-17 10:33:06.386407,SEARCH,51.4230397,-2.6700313,49.986,0.0
2026-03-17 10:33:07.612517,SEARCH,51.4230096,-2.670029,42.14,0.0
2026-03-17 10:33:08.867467,SEARCH,51.4230113,-2.6699928,40.017,0.0
2026-03-17 10:33:10.093709,SEARCH,51.4231976,-2.6693101,39.995,0.0
2026-03-17 10:33:11.292848,SEARCH,51.4233919,-2.6685948,39.984,0.0
2026-03-17 10:33:12.487762,SEARCH,51.4234318,-2.6684487,39.991,0.0
2026-03-17 10:33:13.816689,SEARCH,51.4235597,-2.668551,39.99,0.0
2026-03-17 10:33:14.853248,SEARCH,51.4235653,-2.6685555,39.997,0.0
2026-03-17 10:33:16.082306,SEARCH,51.4234221,-2.6690808,39.988,0.0
2026-03-17 10:33:17.246263,SEARCH,51.4232154,-2.6698432,40.0,0.0
2026-03-17 10:33:18.490166,SEARCH,51.4231013,-2.6702646,39.995,0.0
2026-03-17 10:33:19.716756,SEARCH,51.4231586,-2.6703802,39.988,0.0
2026-03-17 10:33:20.917832,SEARCH,51.4232833,-2.6706652,39.998,0.0
2026-03-17 10:33:22.084588,SEARCH,51.4233578,-2.6703741,39.996,0.0
2026-03-17 10:33:23.357783,CENTERING,51.4235805,-2.6695572,39.995,0.9049468040466309
2026-03-17 10:33:24.678087,CENTERING,51.4237151,-2.6690705,46.258,0.0
2026-03-17 10:33:25.765078,CENTERING,51.4235879,-2.6695069,49.681,0.8522303104400635
2026-03-17 10:33:26.768240,DESCENDING,51.4235505,-2.6696357,49.983,0.8845508694648743
2026-03-17 10:33:27.987752,DESCENDING,51.423552,-2.6696303,46.378,0.8819621801376343
2026-03-17 10:33:29.222701,DESCENDING,51.4235521,-2.66963,37.259,0.9042383432388306
2026-03-17 10:33:30.463510,DESCENDING,51.423552,-2.6696301,27.974,0.9270115494728088
2026-03-17 10:33:31.649099,DESCENDING,51.4235519,-2.6696304,18.967,0.9492636919021606
2026-03-17 10:33:32.971765,VERIFY,51.4235517,-2.6696314,15.016,0.9480016827583313
2026-03-17 10:33:34.214761,VERIFY,51.4235517,-2.6696307,14.998,0.9457091093063354
2026-03-17 10:33:35.449167,VERIFY,51.4235517,-2.6696307,14.999,0.9456710815429688
2026-03-17 10:33:36.673697,VERIFY,51.4235517,-2.6696307,14.999,0.9457327127456665
2026-03-17 10:33:37.820011,VERIFY,51.4235517,-2.6696307,14.999,0.9456788897514343
2026-03-17 10:33:38.976865,VERIFY,51.4235517,-2.6696307,14.999,0.9457027316093445
2026-03-17 10:33:40.226389,APPROACH,51.4235517,-2.6696307,14.989,0.9456145763397217
2026-03-17 10:33:41.479263,APPROACH,51.4235039,-2.6696307,6.563,0.0
2026-03-17 10:33:42.560133,HOVER_TARGET,51.4234837,-2.6696308,3.036,0.0
2026-03-17 10:33:43.611152,HOVER_TARGET,51.4234842,-2.6696306,3.001,0.0
2026-03-17 10:33:44.740597,HOVER_TARGET,51.4234842,-2.6696307,2.997,0.0
2026-03-17 10:33:45.852277,HOVER_TARGET,51.4234843,-2.6696307,3.0,0.0
2026-03-17 10:33:47.040464,HOVER_TARGET,51.4234843,-2.6696307,3.0,0.0
2026-03-17 10:33:48.128276,HOVER_TARGET,51.4234843,-2.6696307,3.0,0.0
2026-03-17 10:33:49.202781,HOVER_TARGET,51.4234843,-2.6696307,2.999,0.0
2026-03-17 10:33:50.344218,HOVER_TARGET,51.4234843,-2.6696308,2.997,0.0
2026-03-17 10:33:51.464408,HOVER_TARGET,51.4234843,-2.6696307,3.0,0.0
2026-03-17 10:33:52.516576,HOVER_TARGET,51.4234843,-2.6696307,3.0,0.0
2026-03-17 10:33:53.634897,HOVER_TARGET,51.4234843,-2.6696307,3.0,0.0
2026-03-17 10:33:54.879549,HOVER_TARGET,51.4234843,-2.6696307,3.0,0.0
2026-03-17 10:33:56.062680,HOVER_TARGET,51.4234843,-2.6696307,3.0,0.0
2026-03-17 10:33:57.208621,HOVER_TARGET,51.4234843,-2.6696307,3.0,0.0
2026-03-17 10:33:58.250256,RETURN_TRANSIT,51.4234958,-2.6695929,4.436,0.0
2026-03-17 10:33:59.519008,RETURN_TRANSIT,51.4236328,-2.6691356,20.426,0.0
2026-03-17 10:34:00.768287,RETURN_TRANSIT,51.4237711,-2.6686753,36.403,0.0
2026-03-17 10:34:02.022989,RETURN_TRANSIT,51.4238875,-2.6682872,49.505,0.0
2026-03-17 10:34:03.208620,RETURN_TRANSIT,51.4238886,-2.6682846,49.994,0.0
2026-03-17 10:34:04.333013,RETURN_TRANSIT,51.4238884,-2.6682851,50.003,0.0
2026-03-17 10:34:05.597850,RETURN_TRANSIT,51.4236324,-2.6678721,49.986,0.0
2026-03-17 10:34:06.799945,RETURN_TRANSIT,51.4232278,-2.6672242,49.992,0.0
2026-03-17 10:34:08.029660,RETURN_TRANSIT,51.4229768,-2.6668239,49.994,0.0
2026-03-17 10:34:09.210273,RETURN_TRANSIT,51.4229095,-2.6669065,49.997,0.0
2026-03-17 10:34:10.458643,RETURN_TRANSIT,51.4224606,-2.6674703,50.001,0.0
2026-03-17 10:34:11.667244,RETURN_TRANSIT,51.4222538,-2.6677305,49.986,0.0
2026-03-17 10:34:12.872007,RETURN_TRANSIT,51.4222579,-2.6677239,49.997,0.0
2026-03-17 10:34:14.080797,RETURN_TRANSIT,51.4221835,-2.6682237,49.992,0.0
2026-03-17 10:34:15.338308,RETURN_TRANSIT,51.4220486,-2.66912,49.99,0.0
2026-03-17 10:34:16.558949,RETURN_TRANSIT,51.4219291,-2.669912,49.983,0.0
2026-03-17 10:34:17.771690,RETURN_TRANSIT,51.4219077,-2.6700514,49.993,0.0
2026-03-17 10:34:18.970599,RETURN_TRANSIT,51.4219084,-2.6700483,50.001,0.0
2026-03-17 10:34:20.187548,RETURN_TRANSIT,51.4220824,-2.6702114,49.997,0.0
2026-03-17 10:34:21.445780,RETURN_TRANSIT,51.4224828,-2.6705805,49.98,0.0
2026-03-17 10:34:22.715029,RETURN_TRANSIT,51.4225135,-2.6706106,49.994,0.0
2026-03-17 10:34:23.932857,RETURN_TRANSIT,51.4225277,-2.670624,50.0,0.0
2026-03-17 10:34:25.184559,RETURN_TRANSIT,51.422939,-2.6710072,49.993,0.0
2026-03-17 10:34:26.450776,RETURN_TRANSIT,51.4232731,-2.6713151,49.984,0.0
2026-03-17 10:34:27.644842,RETURN_HOME,51.4232756,-2.6713189,49.998,0.0
2026-03-17 10:34:28.837564,RETURN_HOME,51.4233963,-2.6714033,49.989,0.0
2026-03-17 10:34:30.067868,LANDING,51.423413,-2.6714149,46.313,0.0
2026-03-17 10:34:31.233821,LANDING,51.4234128,-2.6714147,37.356,0.0
2026-03-17 10:34:32.369135,LANDING,51.4234127,-2.6714147,28.803,0.0
2026-03-17 10:34:33.502840,LANDING,51.4234127,-2.6714147,20.403,0.0
2026-03-17 10:34:34.689243,LANDING,51.4234127,-2.6714147,11.705,0.0
2026-03-17 10:34:35.870984,LANDING,51.4234127,-2.6714147,7.942,0.0
2026-03-17 10:34:37.088090,LANDING,51.4234127,-2.6714147,4.99,0.0
2026-03-17 10:34:38.142368,LANDING,51.4234127,-2.6714147,2.439,0.0
2026-03-17 10:34:39.499526,LANDING,51.4234127,-2.6714147,0.238,0.0
2026-03-17 10:34:41.154887,DONE,51.4234127,-2.6714146,0.001,0.0
2026-03-17 10:34:42.700773,DONE,51.4234127,-2.6714146,0.002,0.0
2026-03-17 10:34:44.230785,DONE,51.4234127,-2.6714146,0.002,0.0
2026-03-17 10:34:45.843042,DONE,51.4234127,-2.6714146,0.002,0.0
2026-03-17 10:34:47.382506,DONE,51.4234127,-2.6714146,0.002,0.0
2026-03-17 10:34:48.900385,DONE,51.4234127,-2.6714146,0.002,0.0
2026-03-17 10:34:50.429032,DONE,51.4234127,-2.6714146,0.003,0.0
2026-03-17 10:34:51.943201,DONE,51.4234127,-2.6714146,0.003,0.0
2026-03-17 10:34:53.496709,DONE,51.4234127,-2.6714146,0.002,0.0
2026-03-17 10:34:55.130130,DONE,51.4234127,-2.6714146,0.002,0.0
2026-03-17 10:34:56.796087,DONE,51.4234127,-2.6714146,0.003,0.0
2026-03-17 10:34:58.379234,DONE,51.4234127,-2.6714146,0.003,0.0
2026-03-17 10:34:59.903383,DONE,51.4234127,-2.6714146,0.003,0.0
2026-03-17 10:35:01.446055,DONE,51.4234127,-2.6714146,0.002,0.0
2026-03-17 10:35:02.974795,DONE,51.4234127,-2.6714146,0.003,0.0
2026-03-17 10:35:04.502112,DONE,51.4234127,-2.6714146,0.003,0.0
2026-03-17 10:35:06.029528,DONE,51.4234127,-2.6714146,0.003,0.0
2026-03-17 10:35:07.535068,DONE,51.4234127,-2.6714146,0.003,0.0
2026-03-17 10:35:09.060790,DONE,51.4234127,-2.6714146,0.003,0.0
2026-03-17 10:35:10.611069,DONE,51.4234127,-2.6714146,0.003,0.0
2026-03-17 10:35:12.121914,DONE,51.4234127,-2.6714146,0.003,0.0
2026-03-17 10:35:13.617155,DONE,51.4234127,-2.6714146,0.003,0.0
2026-03-17 10:35:15.120683,DONE,51.4234127,-2.6714146,0.003,0.0
2026-03-17 10:35:16.626541,DONE,51.4234127,-2.6714146,0.002,0.0
2026-03-17 10:35:18.135287,DONE,51.4234127,-2.6714146,0.003,0.0
2026-03-17 10:35:19.647626,DONE,51.4234127,-2.6714146,0.003,0.0
2026-03-17 10:35:21.150824,DONE,51.4234127,-2.6714146,0.003,0.0
2026-03-17 10:35:22.623304,DONE,51.4234127,-2.6714146,0.003,0.0
2026-03-17 10:35:24.159878,DONE,51.4234127,-2.6714146,0.003,0.0
2026-03-17 10:35:25.703295,DONE,51.4234127,-2.6714148,0.003,0.0
2026-03-17 10:35:27.210099,DONE,51.4234127,-2.6714149,0.003,0.0
2026-03-17 10:35:28.706561,DONE,51.4234127,-2.6714149,0.004,0.0
2026-03-17 10:35:30.206308,DONE,51.4234127,-2.6714149,0.003,0.0
2026-03-17 10:35:31.695828,DONE,51.4234127,-2.671415,0.003,0.0
2026-03-17 10:35:33.247129,DONE,51.4234127,-2.671415,0.003,0.0
2026-03-17 10:35:34.784247,DONE,51.4234127,-2.671415,0.003,0.0
2026-03-17 10:35:36.301240,DONE,51.4234127,-2.671415,0.003,0.0
2026-03-17 10:35:37.794659,DONE,51.4234127,-2.671415,0.003,0.0
2026-03-17 10:35:39.280173,DONE,51.4234127,-2.671415,0.003,0.0
2026-03-17 10:35:40.777757,DONE,51.4234127,-2.671415,0.003,0.0
2026-03-17 10:35:42.254455,DONE,51.4234127,-2.671415,0.003,0.0
2026-03-17 10:35:43.753923,DONE,51.4234127,-2.671415,0.003,0.0
2026-03-17 10:35:45.263414,DONE,51.4234127,-2.671415,0.003,0.0
2026-03-17 10:35:46.752334,DONE,51.4234127,-2.671415,0.003,0.0
2026-03-17 10:35:48.217766,DONE,51.4234127,-2.671415,0.003,0.0
2026-03-17 10:35:49.686573,DONE,51.4234127,-2.671415,0.003,0.0
2026-03-17 10:35:51.203312,DONE,51.4234127,-2.671415,0.002,0.0
2026-03-17 10:35:52.665857,DONE,51.4234127,-2.671415,0.003,0.0
2026-03-17 10:35:54.216498,DONE,51.4234127,-2.671415,0.003,0.0
2026-03-17 10:35:55.836118,DONE,51.4234127,-2.671415,0.003,0.0
2026-03-17 10:35:57.381088,DONE,51.4234127,-2.671415,0.003,0.0
2026-03-17 10:35:58.871584,DONE,51.4234127,-2.671415,0.003,0.0
2026-03-17 10:36:00.392862,DONE,51.4234127,-2.671415,0.003,0.0
2026-03-17 10:36:01.865017,DONE,51.4234127,-2.671415,0.003,0.0
2026-03-17 10:36:03.352734,DONE,51.4234127,-2.671415,0.003,0.0
2026-03-17 10:36:04.884324,DONE,51.4234127,-2.671415,0.003,0.0
2026-03-17 10:36:06.383279,DONE,51.4234127,-2.671415,0.003,0.0
2026-03-17 10:36:07.868100,DONE,51.4234127,-2.671415,0.003,0.0
2026-03-17 10:36:09.355499,DONE,51.4234127,-2.671415,0.003,0.0
2026-03-17 10:36:10.833645,DONE,51.4234127,-2.671415,0.003,0.0
2026-03-17 10:36:12.287937,DONE,51.4234127,-2.671415,0.003,0.0
2026-03-17 10:36:13.764802,DONE,51.4234127,-2.671415,0.003,0.0
2026-03-17 10:36:15.255877,DONE,51.4234127,-2.671415,0.003,0.0
2026-03-17 10:36:16.750641,DONE,51.4234127,-2.671415,0.003,0.0
2026-03-17 10:36:18.238175,DONE,51.4234127,-2.671415,0.003,0.0
2026-03-17 10:36:19.721168,DONE,51.4234127,-2.671415,0.003,0.0
2026-03-17 10:36:21.191953,DONE,51.4234127,-2.671415,0.002,0.0
2026-03-17 10:36:22.652096,DONE,51.4234127,-2.671415,0.002,0.0
2026-03-17 10:36:24.125074,DONE,51.4234127,-2.671415,0.003,0.0
2026-03-17 10:36:25.605925,DONE,51.4234127,-2.6714148,0.003,0.0
2026-03-17 10:36:27.095515,DONE,51.4234127,-2.6714147,0.003,0.0
2026-03-17 10:36:28.571185,DONE,51.4234127,-2.6714147,0.003,0.0
2026-03-17 10:36:30.064926,DONE,51.4234127,-2.6714147,0.003,0.0
2026-03-17 10:36:31.537219,DONE,51.4234127,-2.6714146,0.003,0.0
2026-03-17 10:36:33.008768,DONE,51.4234127,-2.6714146,0.003,0.0
2026-03-17 10:36:34.503272,DONE,51.4234127,-2.6714146,0.003,0.0
2026-03-17 10:36:35.956133,DONE,51.4234127,-2.6714146,0.003,0.0
2026-03-17 10:36:37.420092,DONE,51.4234127,-2.6714146,0.002,0.0
2026-03-17 10:36:38.863685,DONE,51.4234127,-2.6714146,0.002,0.0
2026-03-17 10:36:40.419765,DONE,51.4234127,-2.6714146,0.003,0.0
2026-03-17 10:36:41.914769,DONE,51.4234127,-2.6714146,0.003,0.0
2026-03-17 10:36:43.392230,DONE,51.4234127,-2.6714146,0.003,0.0
2026-03-17 10:36:44.905570,DONE,51.4234127,-2.6714146,0.003,0.0
2026-03-17 10:36:46.372232,DONE,51.4234127,-2.6714146,0.003,0.0
2026-03-17 10:36:47.842167,DONE,51.4234127,-2.6714146,0.003,0.0
2026-03-17 10:36:49.325625,DONE,51.4234127,-2.6714146,0.003,0.0
2026-03-17 10:36:50.806254,DONE,51.4234127,-2.6714146,0.003,0.0
2026-03-17 10:36:52.283570,DONE,51.4234127,-2.6714146,0.003,0.0
2026-03-17 10:36:53.813692,DONE,51.4234127,-2.6714146,0.003,0.0
2026-03-17 10:36:55.426931,DONE,51.4234127,-2.6714146,0.003,0.0
2026-03-17 10:36:57.007710,DONE,51.4234127,-2.6714146,0.003,0.0
2026-03-17 10:36:58.491529,DONE,51.4234127,-2.6714146,0.003,0.0
2026-03-17 10:36:59.997131,DONE,51.4234127,-2.6714146,0.003,0.0
2026-03-17 10:37:01.498054,DONE,51.4234127,-2.6714146,0.003,0.0
2026-03-17 10:37:02.980836,DONE,51.4234127,-2.6714146,0.003,0.0
2026-03-17 10:37:04.525125,DONE,51.4234127,-2.6714146,0.003,0.0
2026-03-17 10:37:06.000696,DONE,51.4234127,-2.6714146,0.003,0.0
2026-03-17 10:37:07.508344,DONE,51.4234127,-2.6714146,0.003,0.0
2026-03-17 10:37:09.073400,DONE,51.4234127,-2.6714146,0.003,0.0
2026-03-17 10:37:10.579155,DONE,51.4234127,-2.6714146,0.003,0.0
2026-03-17 10:37:12.047502,DONE,51.4234127,-2.6714146,0.003,0.0
2026-03-17 10:37:13.508109,DONE,51.4234127,-2.6714146,0.003,0.0
2026-03-17 10:37:15.002408,DONE,51.4234127,-2.6714146,0.003,0.0
2026-03-17 10:37:16.474175,DONE,51.4234127,-2.6714146,0.002,0.0
2026-03-17 10:37:17.952610,DONE,51.4234127,-2.6714146,0.003,0.0
2026-03-17 10:37:19.471859,DONE,51.4234127,-2.6714146,0.003,0.0
2026-03-17 10:37:20.979894,DONE,51.4234127,-2.6714146,0.003,0.0
2026-03-17 10:37:22.442198,DONE,51.4234127,-2.6714146,0.003,0.0
2026-03-17 10:37:23.933804,DONE,51.4234127,-2.6714146,0.003,0.0
2026-03-17 10:37:25.420306,DONE,51.4234127,-2.6714148,0.003,0.0
2026-03-17 10:37:26.912088,DONE,51.4234127,-2.6714149,0.003,0.0
2026-03-17 10:37:28.407567,DONE,51.4234127,-2.6714149,0.003,0.0
2026-03-17 10:37:29.865112,DONE,51.4234127,-2.6714149,0.003,0.0
2026-03-17 10:37:31.342235,DONE,51.4234127,-2.671415,0.003,0.0
2026-03-17 10:37:32.849412,DONE,51.4234127,-2.671415,0.003,0.0
2026-03-17 10:37:34.343629,DONE,51.4234127,-2.671415,0.003,0.0
2026-03-17 10:37:35.814442,DONE,51.4234127,-2.671415,0.003,0.0
2026-03-17 10:37:37.263651,DONE,51.4234127,-2.671415,0.003,0.0
2026-03-17 10:37:38.745204,DONE,51.4234127,-2.671415,0.003,0.0
2026-03-17 10:37:40.234426,DONE,51.4234127,-2.671415,0.003,0.0
2026-03-17 10:37:41.849823,DONE,51.4234127,-2.671415,0.003,0.0
2026-03-17 10:37:43.381442,DONE,51.4234127,-2.671415,0.003,0.0
2026-03-17 10:37:44.870483,DONE,51.4234127,-2.671415,0.003,0.0
2026-03-17 10:37:46.371092,DONE,51.4234127,-2.671415,0.003,0.0
2026-03-17 10:37:47.864932,DONE,51.4234127,-2.671415,0.003,0.0
2026-03-17 10:37:49.381005,DONE,51.4234127,-2.671415,0.003,0.0
2026-03-17 10:37:50.896351,DONE,51.4234127,-2.671415,0.003,0.0
2026-03-17 10:37:52.371342,DONE,51.4234127,-2.671415,0.003,0.0
2026-03-17 10:37:53.898840,DONE,51.4234127,-2.671415,0.003,0.0
2026-03-17 10:37:55.553101,DONE,51.4234127,-2.671415,0.003,0.0
2026-03-17 10:37:57.139375,DONE,51.4234127,-2.671415,0.003,0.0
2026-03-17 10:37:58.669646,DONE,51.4234127,-2.671415,0.003,0.0
2026-03-17 10:38:00.167635,DONE,51.4234127,-2.671415,0.003,0.0
2026-03-17 10:38:01.632673,DONE,51.4234127,-2.671415,0.003,0.0
2026-03-17 10:38:03.134979,DONE,51.4234127,-2.671415,0.003,0.0
2026-03-17 10:38:04.632177,DONE,51.4234127,-2.671415,0.003,0.0
2026-03-17 10:38:06.134577,DONE,51.4234127,-2.671415,0.003,0.0
2026-03-17 10:38:07.620113,DONE,51.4234127,-2.671415,0.003,0.0
2026-03-17 10:38:09.076014,DONE,51.4234127,-2.671415,0.003,0.0
2026-03-17 10:38:10.557105,DONE,51.4234127,-2.671415,0.003,0.0
2026-03-17 10:38:12.030390,DONE,51.4234127,-2.671415,0.003,0.0
2026-03-17 10:38:13.505688,DONE,51.4234127,-2.671415,0.003,0.0
2026-03-17 10:38:15.139120,DONE,51.4234127,-2.671415,0.003,0.0
2026-03-17 10:38:16.588961,DONE,51.4234127,-2.671415,0.003,0.0
2026-03-17 10:38:18.093166,DONE,51.4234127,-2.671415,0.003,0.0
2026-03-17 10:38:19.602936,DONE,51.4234127,-2.671415,0.003,0.0
2026-03-17 10:38:21.294300,DONE,51.4234127,-2.671415,0.003,0.0
2026-03-17 10:38:22.854238,DONE,51.4234127,-2.671415,0.003,0.0
2026-03-17 10:38:24.430784,DONE,51.4234127,-2.6714149,0.003,0.0
2026-03-17 10:38:26.018087,DONE,51.4234127,-2.6714148,0.003,0.0
2026-03-17 10:38:27.524350,DONE,51.4234127,-2.6714147,0.003,0.0
2026-03-17 10:38:29.020799,DONE,51.4234127,-2.6714147,0.003,0.0
2026-03-17 10:38:30.505121,DONE,51.4234127,-2.6714146,0.003,0.0
2026-03-17 10:38:32.004231,DONE,51.4234127,-2.6714146,0.003,0.0
2026-03-17 10:38:33.503830,DONE,51.4234127,-2.6714146,0.002,0.0
2026-03-17 10:38:34.983499,DONE,51.4234127,-2.6714146,0.003,0.0
2026-03-17 10:38:36.451000,DONE,51.4234127,-2.6714146,0.003,0.0
2026-03-17 10:38:37.919439,DONE,51.4234127,-2.6714146,0.002,0.0
2026-03-17 10:38:39.412435,DONE,51.4234127,-2.6714146,0.003,0.0
2026-03-17 10:38:40.891252,DONE,51.4234127,-2.6714146,0.003,0.0
2026-03-17 10:38:42.368236,DONE,51.4234127,-2.6714146,0.003,0.0
2026-03-17 10:38:43.858161,DONE,51.4234127,-2.6714146,0.002,0.0
2026-03-17 10:38:45.384604,DONE,51.4234127,-2.6714146,0.003,0.0
2026-03-17 10:38:46.842132,DONE,51.4234127,-2.6714146,0.003,0.0
2026-03-17 10:38:48.320102,DONE,51.4234127,-2.6714146,0.003,0.0
2026-03-17 10:38:49.798285,DONE,51.4234127,-2.6714146,0.003,0.0
2026-03-17 10:38:51.257572,DONE,51.4234127,-2.6714146,0.003,0.0
2026-03-17 10:38:52.731731,DONE,51.4234127,-2.6714146,0.003,0.0
2026-03-17 10:38:54.296732,DONE,51.4234127,-2.6714146,0.003,0.0
2026-03-17 10:38:55.886097,DONE,51.4234127,-2.6714146,0.003,0.0
2026-03-17 10:38:57.400978,DONE,51.4234127,-2.6714146,0.003,0.0
2026-03-17 10:38:59.017315,DONE,51.4234127,-2.6714146,0.003,0.0
2026-03-17 10:39:00.562233,DONE,51.4234127,-2.6714146,0.003,0.0
2026-03-17 10:39:02.072940,DONE,51.4234127,-2.6714146,0.003,0.0
2026-03-17 10:39:03.562374,DONE,51.4234127,-2.6714146,0.003,0.0
2026-03-17 10:39:05.168753,DONE,51.4234127,-2.6714146,0.003,0.0
2026-03-17 10:39:06.717329,DONE,51.4234127,-2.6714146,0.003,0.0
2026-03-17 10:39:08.211117,DONE,51.4234127,-2.6714146,0.003,0.0
2026-03-17 10:39:09.727298,DONE,51.4234127,-2.6714146,0.003,0.0
2026-03-17 10:39:11.253809,DONE,51.4234127,-2.6714146,0.003,0.0
2026-03-17 10:39:12.736542,DONE,51.4234127,-2.6714146,0.003,0.0
2026-03-17 10:39:14.278375,DONE,51.4234127,-2.6714146,0.003,0.0
2026-03-17 10:39:15.813835,DONE,51.4234127,-2.6714146,0.003,0.0
2026-03-17 10:39:17.329562,DONE,51.4234127,-2.6714146,0.003,0.0
2026-03-17 10:39:18.799757,DONE,51.4234127,-2.6714146,0.003,0.0
2026-03-17 10:39:20.331486,DONE,51.4234127,-2.6714146,0.002,0.0
2026-03-17 10:39:21.832670,DONE,51.4234127,-2.6714146,0.003,0.0
2026-03-17 10:39:23.297805,DONE,51.4234127,-2.6714146,0.003,0.0
2026-03-17 10:39:24.800929,DONE,51.4234127,-2.6714147,0.003,0.0
2026-03-17 10:39:26.314510,DONE,51.4234127,-2.6714148,0.003,0.0
2026-03-17 10:39:27.805367,DONE,51.4234127,-2.6714149,0.003,0.0
2026-03-17 10:39:29.315096,DONE,51.4234127,-2.6714149,0.003,0.0
2026-03-17 10:39:30.840053,DONE,51.4234127,-2.671415,0.003,0.0
2026-03-17 10:39:32.422851,DONE,51.4234127,-2.671415,0.003,0.0
2026-03-17 10:39:33.900223,DONE,51.4234127,-2.671415,0.003,0.0
2026-03-17 10:39:35.382132,DONE,51.4234127,-2.671415,0.003,0.0
2026-03-17 10:39:36.872170,DONE,51.4234127,-2.671415,0.003,0.0
2026-03-17 10:39:38.316560,DONE,51.4234127,-2.671415,0.003,0.0
2026-03-17 10:39:39.798306,DONE,51.4234127,-2.671415,0.003,0.0
2026-03-17 10:39:41.290987,DONE,51.4234127,-2.671415,0.003,0.0
2026-03-17 10:39:42.745580,DONE,51.4234127,-2.671415,0.003,0.0
2026-03-17 10:39:44.216472,DONE,51.4234127,-2.671415,0.003,0.0
2026-03-17 10:39:45.731204,DONE,51.4234127,-2.671415,0.003,0.0
2026-03-17 10:39:47.202041,DONE,51.4234127,-2.671415,0.003,0.0
2026-03-17 10:39:48.688984,DONE,51.4234127,-2.671415,0.003,0.0
2026-03-17 10:39:50.208364,DONE,51.4234127,-2.671415,0.003,0.0
2026-03-17 10:39:51.682818,DONE,51.4234127,-2.671415,0.003,0.0
2026-03-17 10:39:53.149237,DONE,51.4234127,-2.671415,0.003,0.0
2026-03-17 10:39:54.760151,DONE,51.4234127,-2.671415,0.003,0.0
2026-03-17 10:39:56.398243,DONE,51.4234127,-2.671415,0.003,0.0
2026-03-17 10:39:57.913809,DONE,51.4234127,-2.671415,0.003,0.0
2026-03-17 10:39:59.432686,DONE,51.4234127,-2.671415,0.003,0.0
2026-03-17 10:40:00.910418,DONE,51.4234127,-2.671415,0.003,0.0
2026-03-17 10:40:02.393915,DONE,51.4234127,-2.671415,0.003,0.0
2026-03-17 10:40:03.875410,DONE,51.4234127,-2.671415,0.003,0.0
2026-03-17 10:40:05.434175,DONE,51.4234127,-2.671415,0.003,0.0
2026-03-17 10:40:06.924209,DONE,51.4234127,-2.671415,0.003,0.0
2026-03-17 10:40:08.398883,DONE,51.4234127,-2.671415,0.003,0.0
2026-03-17 10:40:09.909291,DONE,51.4234127,-2.671415,0.003,0.0
2026-03-17 10:40:11.383782,DONE,51.4234127,-2.671415,0.003,0.0
2026-03-17 10:40:12.871466,DONE,51.4234127,-2.671415,0.003,0.0
2026-03-17 10:40:14.349349,DONE,51.4234127,-2.671415,0.003,0.0
2026-03-17 10:40:15.811678,DONE,51.4234127,-2.671415,0.003,0.0
2026-03-17 10:40:17.314139,DONE,51.4234127,-2.671415,0.003,0.0
2026-03-17 10:40:18.784063,DONE,51.4234127,-2.671415,0.003,0.0
2026-03-17 10:40:20.270010,DONE,51.4234127,-2.671415,0.003,0.0
2026-03-17 10:40:21.728349,DONE,51.4234127,-2.671415,0.003,0.0
2026-03-17 10:40:23.184488,DONE,51.4234127,-2.671415,0.003,0.0
2026-03-17 10:40:24.777999,DONE,51.4234127,-2.6714149,0.002,0.0
2026-03-17 10:40:26.224207,DONE,51.4234127,-2.6714148,0.003,0.0
2026-03-17 10:40:27.690760,DONE,51.4234127,-2.6714147,0.003,0.0
2026-03-17 10:40:29.194511,DONE,51.4234127,-2.6714147,0.003,0.0
2026-03-17 10:40:30.688844,DONE,51.4234127,-2.6714146,0.003,0.0
2026-03-17 10:40:32.178400,DONE,51.4234127,-2.6714146,0.003,0.0
2026-03-17 10:40:33.645382,DONE,51.4234127,-2.6714146,0.003,0.0
2026-03-17 10:40:35.180228,DONE,51.4234127,-2.6714146,0.002,0.0
2026-03-17 10:40:36.645441,DONE,51.4234127,-2.6714146,0.003,0.0
2026-03-17 10:40:38.102199,DONE,51.4234127,-2.6714146,0.003,0.0
2026-03-17 10:40:39.589908,DONE,51.4234127,-2.6714146,0.003,0.0
2026-03-17 10:40:41.050461,DONE,51.4234127,-2.6714146,0.003,0.0
2026-03-17 10:40:42.522385,DONE,51.4234127,-2.6714146,0.003,0.0
2026-03-17 10:40:44.025561,DONE,51.4234127,-2.6714146,0.003,0.0
2026-03-17 10:40:45.520690,DONE,51.4234127,-2.6714146,0.003,0.0
2026-03-17 10:40:47.002226,DONE,51.4234127,-2.6714146,0.003,0.0
2026-03-17 10:40:48.495355,DONE,51.4234127,-2.6714146,0.003,0.0
2026-03-17 10:40:49.979292,DONE,51.4234127,-2.6714146,0.003,0.0
2026-03-17 10:40:51.493147,DONE,51.4234127,-2.6714146,0.003,0.0
2026-03-17 10:40:52.974128,DONE,51.4234127,-2.6714146,0.003,0.0
2026-03-17 10:40:54.574774,DONE,51.4234127,-2.6714146,0.003,0.0
2026-03-17 10:40:56.182790,DONE,51.4234127,-2.6714146,0.003,0.0
2026-03-17 10:40:57.684312,DONE,51.4234127,-2.6714146,0.002,0.0
2026-03-17 10:40:59.186112,DONE,51.4234127,-2.6714146,0.003,0.0
2026-03-17 10:41:00.686666,DONE,51.4234127,-2.6714146,0.003,0.0
2026-03-17 10:41:02.183701,DONE,51.4234127,-2.6714146,0.003,0.0
2026-03-17 10:41:03.677481,DONE,51.4234127,-2.6714146,0.003,0.0
2026-03-17 10:41:05.213337,DONE,51.4234127,-2.6714146,0.003,0.0
2026-03-17 10:41:06.692166,DONE,51.4234127,-2.6714146,0.003,0.0
2026-03-17 10:41:08.175558,DONE,51.4234127,-2.6714146,0.003,0.0
2026-03-17 10:41:09.675783,DONE,51.4234127,-2.6714146,0.003,0.0
2026-03-17 10:41:11.158171,DONE,51.4234127,-2.6714146,0.003,0.0
2026-03-17 10:41:12.614100,DONE,51.4234127,-2.6714146,0.003,0.0
2026-03-17 10:41:14.088553,DONE,51.4234127,-2.6714146,0.002,0.0
2026-03-17 10:41:15.581826,DONE,51.4234127,-2.6714146,0.003,0.0
2026-03-17 10:41:17.074939,DONE,51.4234127,-2.6714146,0.002,0.0
2026-03-17 10:41:18.553303,DONE,51.4234127,-2.6714146,0.003,0.0
2026-03-17 10:41:20.036724,DONE,51.4234127,-2.6714146,0.003,0.0
2026-03-17 10:41:21.526681,DONE,51.4234127,-2.6714146,0.003,0.0
2026-03-17 10:41:23.017568,DONE,51.4234127,-2.6714146,0.003,0.0
2026-03-17 10:41:24.506575,DONE,51.4234127,-2.6714147,0.003,0.0
2026-03-17 10:41:26.021756,DONE,51.4234127,-2.6714148,0.003,0.0
2026-03-17 10:41:27.512835,DONE,51.4234127,-2.6714149,0.003,0.0
2026-03-17 10:41:28.969646,DONE,51.4234127,-2.6714149,0.004,0.0
2026-03-17 10:41:30.478174,DONE,51.4234127,-2.671415,0.003,0.0
2026-03-17 10:41:31.947049,DONE,51.4234127,-2.671415,0.003,0.0
2026-03-17 10:41:33.416948,DONE,51.4234127,-2.671415,0.003,0.0
2026-03-17 10:41:34.918061,DONE,51.4234127,-2.671415,0.003,0.0
2026-03-17 10:41:36.390829,DONE,51.4234127,-2.671415,0.003,0.0
2026-03-17 10:41:37.859385,DONE,51.4234127,-2.671415,0.003,0.0
2026-03-17 10:41:39.340931,DONE,51.4234127,-2.671415,0.003,0.0
2026-03-17 10:41:40.779072,DONE,51.4234127,-2.671415,0.003,0.0
2026-03-17 10:41:42.275254,DONE,51.4234127,-2.671415,0.002,0.0
2026-03-17 10:41:43.740787,DONE,51.4234127,-2.671415,0.003,0.0
2026-03-17 10:41:45.251257,DONE,51.4234127,-2.671415,0.003,0.0
2026-03-17 10:41:46.688610,DONE,51.4234127,-2.671415,0.003,0.0
2026-03-17 10:41:48.160031,DONE,51.4234127,-2.671415,0.003,0.0
2026-03-17 10:41:49.656843,DONE,51.4234127,-2.671415,0.003,0.0
2026-03-17 10:41:51.122721,DONE,51.4234127,-2.671415,0.003,0.0
2026-03-17 10:41:52.598808,DONE,51.4234127,-2.671415,0.003,0.0
2026-03-17 10:41:54.155051,DONE,51.4234127,-2.671415,0.003,0.0
2026-03-17 10:41:55.775021,DONE,51.4234127,-2.671415,0.003,0.0
2026-03-17 10:41:57.310007,DONE,51.4234127,-2.671415,0.003,0.0
2026-03-17 10:41:58.776148,DONE,51.4234127,-2.671415,0.003,0.0
2026-03-17 10:42:00.257512,DONE,51.4234127,-2.671415,0.003,0.0
2026-03-17 10:42:01.730916,DONE,51.4234127,-2.671415,0.003,0.0
2026-03-17 10:42:03.216358,DONE,51.4234127,-2.671415,0.003,0.0
2026-03-17 10:42:04.706779,DONE,51.4234127,-2.671415,0.003,0.0
2026-03-17 10:42:06.194150,DONE,51.4234127,-2.671415,0.003,0.0
2026-03-17 10:42:07.672835,DONE,51.4234127,-2.671415,0.003,0.0
2026-03-17 10:42:09.169425,DONE,51.4234127,-2.671415,0.003,0.0
2026-03-17 10:42:10.949758,DONE,51.4234127,-2.671415,0.003,0.0
2026-03-17 10:42:12.579888,DONE,51.4234127,-2.671415,0.003,0.0
2026-03-17 10:42:14.203569,DONE,51.4234127,-2.671415,0.003,0.0
2026-03-17 10:42:15.915131,DONE,51.4234127,-2.671415,0.003,0.0
2026-03-17 10:42:17.554036,DONE,51.4234127,-2.671415,0.003,0.0
2026-03-17 10:42:19.199866,DONE,51.4234127,-2.671415,0.002,0.0
2026-03-17 10:42:20.916529,DONE,51.4234127,-2.671415,0.003,0.0
2026-03-17 10:42:22.477378,DONE,51.4234127,-2.671415,0.003,0.0
2026-03-17 10:42:24.113202,DONE,51.4234127,-2.6714149,0.003,0.0
2026-03-17 10:42:25.753433,DONE,51.4234127,-2.6714148,0.003,0.0
2026-03-17 10:42:27.369069,DONE,51.4234127,-2.6714147,0.002,0.0
2026-03-17 10:42:28.920117,DONE,51.4234127,-2.6714147,0.003,0.0
2026-03-17 10:42:30.582013,DONE,51.4234127,-2.6714146,0.003,0.0
2026-03-17 10:42:32.293750,DONE,51.4234127,-2.6714146,0.003,0.0
2026-03-17 10:42:33.940993,DONE,51.4234127,-2.6714146,0.002,0.0
2026-03-17 10:42:35.610113,DONE,51.4234127,-2.6714146,0.003,0.0
2026-03-17 10:42:37.254179,DONE,51.4234127,-2.6714146,0.003,0.0
2026-03-17 10:42:38.864754,DONE,51.4234127,-2.6714146,0.002,0.0
2026-03-17 10:42:40.603653,DONE,51.4234127,-2.6714146,0.003,0.0
2026-03-17 10:42:42.235883,DONE,51.4234127,-2.6714146,0.003,0.0
2026-03-17 10:42:43.830828,DONE,51.4234127,-2.6714146,0.003,0.0
2026-03-17 10:42:45.486313,DONE,51.4234127,-2.6714146,0.003,0.0
2026-03-17 10:42:47.137560,DONE,51.4234127,-2.6714146,0.003,0.0
2026-03-17 10:42:48.742713,DONE,51.4234127,-2.6714146,0.002,0.0
2026-03-17 10:42:50.478708,DONE,51.4234127,-2.6714146,0.003,0.0
2026-03-17 10:42:52.386169,DONE,51.4234127,-2.6714146,0.003,0.0
2026-03-17 10:42:54.468992,DONE,51.4234127,-2.6714146,0.003,0.0
2026-03-17 10:42:55.623037,DONE,51.4234127,-2.6714146,0.003,0.0
2026-03-17 10:42:56.914028,DONE,51.4234127,-2.6714146,0.003,0.0
2026-03-17 10:42:58.176491,DONE,51.4234127,-2.6714146,0.003,0.0
2026-03-17 10:42:59.657352,DONE,51.4234127,-2.6714146,0.003,0.0
2026-03-17 10:43:00.995139,DONE,51.4234127,-2.6714146,0.003,0.0
2026-03-17 10:43:02.245095,DONE,51.4234127,-2.6714146,0.003,0.0
2026-03-17 10:43:03.303089,DONE,51.4234127,-2.6714146,0.003,0.0
2026-03-17 10:43:04.392972,DONE,51.4234127,-2.6714146,0.003,0.0
2026-03-17 10:43:05.468602,DONE,51.4234127,-2.6714146,0.003,0.0
2026-03-17 10:43:06.592642,DONE,51.4234127,-2.6714146,0.003,0.0
2026-03-17 10:43:08.525271,DONE,51.4234127,-2.6714146,0.003,0.0
2026-03-17 10:43:10.458620,DONE,51.4234127,-2.6714146,0.003,0.0
2026-03-17 10:43:12.533895,DONE,51.4234127,-2.6714146,0.003,0.0
2026-03-17 10:43:13.692050,DONE,51.4234127,-2.6714146,0.003,0.0
2026-03-17 10:43:15.141624,DONE,51.4234127,-2.6714146,0.003,0.0
2026-03-17 10:43:16.431902,DONE,51.4234127,-2.6714146,0.003,0.0
2026-03-17 10:43:17.612824,DONE,51.4234127,-2.6714146,0.002,0.0
2026-03-17 10:43:18.913990,DONE,51.4234127,-2.6714146,0.002,0.0
2026-03-17 10:43:20.099896,DONE,51.4234127,-2.6714146,0.003,0.0
2026-03-17 10:43:21.116752,DONE,51.4234127,-2.6714146,0.003,0.0
2026-03-17 10:43:22.564692,DONE,51.4234127,-2.6714146,0.003,0.0
2026-03-17 10:43:24.401481,DONE,51.4234127,-2.6714146,0.003,0.0
2026-03-17 10:43:26.079445,DONE,51.4234127,-2.6714148,0.003,0.0
2026-03-17 10:43:27.367334,DONE,51.4234127,-2.6714149,0.003,0.0
2026-03-17 10:43:29.079028,DONE,51.4234127,-2.6714149,0.003,0.0
2026-03-17 10:43:31.103397,DONE,51.4234127,-2.671415,0.003,0.0
2026-03-17 10:43:33.538335,DONE,51.4234127,-2.671415,0.003,0.0
2026-03-17 10:43:35.554135,DONE,51.4234127,-2.671415,0.003,0.0
2026-03-17 10:43:37.473477,DONE,51.4234127,-2.671415,0.003,0.0
2026-03-17 10:43:38.964181,DONE,51.4234127,-2.671415,0.003,0.0
2026-03-17 10:43:40.528091,DONE,51.4234127,-2.671415,0.003,0.0
2026-03-17 10:43:41.598964,DONE,51.4234127,-2.671415,0.003,0.0
2026-03-17 10:43:43.494437,DONE,51.4234127,-2.671415,0.003,0.0
2026-03-17 10:43:45.266319,DONE,51.4234127,-2.671415,0.003,0.0
2026-03-17 10:43:46.938868,DONE,51.4234127,-2.671415,0.003,0.0
2026-03-17 10:43:48.696383,DONE,51.4234127,-2.671415,0.003,0.0
2026-03-17 10:43:50.379111,DONE,51.4234127,-2.671415,0.003,0.0
2026-03-17 10:43:52.059267,DONE,51.4234127,-2.671415,0.003,0.0
2026-03-17 10:43:53.851188,DONE,51.4234127,-2.671415,0.003,0.0
2026-03-17 10:43:54.852876,DONE,51.4234127,-2.671415,0.003,0.0
2026-03-17 10:43:55.897663,DONE,51.4234127,-2.671415,0.002,0.0
2026-03-17 10:43:57.765758,DONE,51.4234127,-2.671415,0.003,0.0
2026-03-17 10:43:59.543717,DONE,51.4234127,-2.671415,0.003,0.0
2026-03-17 10:44:01.344674,DONE,51.4234127,-2.671415,0.003,0.0
2026-03-17 10:44:03.132962,DONE,51.4234127,-2.671415,0.003,0.0
2026-03-17 10:44:04.931213,DONE,51.4234127,-2.671415,0.003,0.0
2026-03-17 10:44:06.861590,DONE,51.4234127,-2.671415,0.003,0.0
2026-03-17 10:44:07.977635,DONE,51.4234127,-2.671415,0.003,0.0
2026-03-17 10:44:09.741574,DONE,51.4234127,-2.671415,0.003,0.0
2026-03-17 10:44:11.412410,DONE,51.4234127,-2.671415,0.003,0.0
2026-03-17 10:44:13.202874,DONE,51.4234127,-2.671415,0.003,0.0
2026-03-17 10:44:15.121563,DONE,51.4234127,-2.671415,0.003,0.0
2026-03-17 10:44:16.955658,DONE,51.4234127,-2.671415,0.003,0.0
2026-03-17 10:44:18.668607,DONE,51.4234127,-2.671415,0.003,0.0
2026-03-17 10:44:20.396493,DONE,51.4234127,-2.671415,0.003,0.0
2026-03-17 10:44:22.058817,DONE,51.4234127,-2.671415,0.003,0.0
2026-03-17 10:44:23.759550,DONE,51.4234127,-2.671415,0.003,0.0
2026-03-17 10:44:25.500384,DONE,51.4234127,-2.6714149,0.003,0.0
2026-03-17 10:44:27.146732,DONE,51.4234127,-2.6714148,0.003,0.0
2026-03-17 10:44:28.824316,DONE,51.4234127,-2.6714147,0.002,0.0
2026-03-17 10:44:30.526652,DONE,51.4234127,-2.6714147,0.003,0.0
2026-03-17 10:44:32.349163,DONE,51.4234127,-2.6714146,0.003,0.0
2026-03-17 10:44:34.207468,DONE,51.4234127,-2.6714146,0.003,0.0
2026-03-17 10:44:36.133360,DONE,51.4234127,-2.6714146,0.003,0.0
2026-03-17 10:44:37.900764,DONE,51.4234127,-2.6714146,0.003,0.0
2026-03-17 10:44:39.733794,DONE,51.4234127,-2.6714146,0.003,0.0
2026-03-17 10:44:40.760931,DONE,51.4234127,-2.6714146,0.003,0.0
2026-03-17 10:44:42.520060,DONE,51.4234127,-2.6714146,0.003,0.0
2026-03-17 10:44:44.373952,DONE,51.4234127,-2.6714146,0.003,0.0
2026-03-17 10:44:46.205602,DONE,51.4234127,-2.6714146,0.003,0.0
2026-03-17 10:44:47.912426,DONE,51.4234127,-2.6714146,0.003,0.0
2026-03-17 10:44:49.656726,DONE,51.4234127,-2.6714146,0.003,0.0
2026-03-17 10:44:51.417510,DONE,51.4234127,-2.6714146,0.003,0.0
2026-03-17 10:44:53.053073,DONE,51.4234127,-2.6714146,0.003,0.0
2026-03-17 10:44:54.992288,DONE,51.4234127,-2.6714146,0.003,0.0
2026-03-17 10:44:56.079518,DONE,51.4234127,-2.6714146,0.003,0.0
2026-03-17 10:44:58.033019,DONE,51.4234127,-2.6714146,0.002,0.0
2026-03-17 10:44:59.912077,DONE,51.4234127,-2.6714146,0.003,0.0
2026-03-17 10:45:00.922650,DONE,51.4234127,-2.6714146,0.003,0.0
2026-03-17 10:45:01.957178,DONE,51.4234127,-2.6714146,0.003,0.0
2026-03-17 10:45:04.104386,DONE,51.4234127,-2.6714146,0.003,0.0
2026-03-17 10:45:05.169509,DONE,51.4234127,-2.6714146,0.003,0.0
2026-03-17 10:45:06.354224,DONE,51.4234127,-2.6714146,0.003,0.0
2026-03-17 10:45:07.412692,DONE,51.4234127,-2.6714146,0.003,0.0
2026-03-17 10:45:08.456994,DONE,51.4234127,-2.6714146,0.003,0.0
2026-03-17 10:45:09.498772,DONE,51.4234127,-2.6714146,0.003,0.0
2026-03-17 10:45:10.588345,DONE,51.4234127,-2.6714146,0.003,0.0
2026-03-17 10:45:12.512244,DONE,51.4234127,-2.6714146,0.002,0.0
2026-03-17 10:45:14.308574,DONE,51.4234127,-2.6714146,0.003,0.0
2026-03-17 10:45:16.136357,DONE,51.4234127,-2.6714146,0.002,0.0
2026-03-17 10:45:17.207628,DONE,51.4234127,-2.6714146,0.002,0.0
2026-03-17 10:45:18.251628,DONE,51.4234127,-2.6714146,0.003,0.0
2026-03-17 10:45:20.161713,DONE,51.4234127,-2.6714146,0.003,0.0
2026-03-17 10:45:21.878792,DONE,51.4234127,-2.6714146,0.003,0.0
2026-03-17 10:45:23.611366,DONE,51.4234127,-2.6714146,0.003,0.0
2026-03-17 10:45:25.400364,DONE,51.4234127,-2.6714147,0.003,0.0
2026-03-17 10:45:27.081724,DONE,51.4234127,-2.6714148,0.003,0.0
2026-03-17 10:45:28.789412,DONE,51.4234127,-2.6714149,0.003,0.0
2026-03-17 10:45:30.487731,DONE,51.4234127,-2.6714149,0.003,0.0
2026-03-17 10:45:32.104334,DONE,51.4234127,-2.671415,0.003,0.0
2026-03-17 10:45:33.806180,DONE,51.4234127,-2.671415,0.003,0.0
2026-03-17 10:45:35.498073,DONE,51.4234127,-2.671415,0.003,0.0
2026-03-17 10:45:37.138292,DONE,51.4234127,-2.671415,0.003,0.0
2026-03-17 10:45:38.772255,DONE,51.4234127,-2.671415,0.003,0.0
2026-03-17 10:45:40.431394,DONE,51.4234127,-2.671415,0.003,0.0
2026-03-17 10:45:41.988827,DONE,51.4234127,-2.671415,0.003,0.0
2026-03-17 10:45:43.654475,DONE,51.4234127,-2.671415,0.003,0.0
2026-03-17 10:45:45.291101,DONE,51.4234127,-2.671415,0.003,0.0
2026-03-17 10:45:46.898166,DONE,51.4234127,-2.671415,0.002,0.0
2026-03-17 10:45:48.603882,DONE,51.4234127,-2.671415,0.003,0.0
2026-03-17 10:45:50.226251,DONE,51.4234127,-2.671415,0.003,0.0
2026-03-17 10:45:51.849767,DONE,51.4234127,-2.671415,0.004,0.0
2026-03-17 10:45:53.445673,DONE,51.4234127,-2.671415,0.003,0.0
2026-03-17 10:45:55.363122,DONE,51.4234127,-2.671415,0.003,0.0
2026-03-17 10:45:57.098921,DONE,51.4234127,-2.671415,0.003,0.0
2026-03-17 10:45:58.740995,DONE,51.4234127,-2.671415,0.003,0.0
2026-03-17 10:46:00.384590,DONE,51.4234127,-2.671415,0.003,0.0
2026-03-17 10:46:02.004329,DONE,51.4234127,-2.671415,0.003,0.0
2026-03-17 10:46:03.648279,DONE,51.4234127,-2.671415,0.003,0.0
2026-03-17 10:46:05.268182,DONE,51.4234127,-2.671415,0.003,0.0
2026-03-17 10:46:06.911025,DONE,51.4234127,-2.671415,0.003,0.0
2026-03-17 10:46:08.545933,DONE,51.4234127,-2.671415,0.003,0.0
2026-03-17 10:46:10.221290,DONE,51.4234127,-2.671415,0.003,0.0
2026-03-17 10:46:11.847775,DONE,51.4234127,-2.671415,0.003,0.0
2026-03-17 10:46:13.485908,DONE,51.4234127,-2.671415,0.003,0.0
2026-03-17 10:46:15.163317,DONE,51.4234127,-2.671415,0.003,0.0
2026-03-17 10:46:16.818430,DONE,51.4234127,-2.671415,0.003,0.0
2026-03-17 10:46:18.442584,DONE,51.4234127,-2.671415,0.003,0.0
2026-03-17 10:46:20.105461,DONE,51.4234127,-2.671415,0.003,0.0
2026-03-17 10:46:21.747125,DONE,51.4234127,-2.671415,0.003,0.0
2026-03-17 10:46:23.347689,DONE,51.4234127,-2.671415,0.003,0.0
2026-03-17 10:46:25.040895,DONE,51.4234127,-2.6714149,0.003,0.0
2026-03-17 10:46:26.712043,DONE,51.4234127,-2.6714148,0.003,0.0
2026-03-17 10:46:28.361543,DONE,51.4234127,-2.6714147,0.002,0.0
2026-03-17 10:46:30.009824,DONE,51.4234127,-2.6714147,0.003,0.0
2026-03-17 10:46:31.639040,DONE,51.4234127,-2.6714146,0.003,0.0
2026-03-17 10:46:33.287512,DONE,51.4234127,-2.6714146,0.003,0.0
2026-03-17 10:46:34.967298,DONE,51.4234127,-2.6714146,0.002,0.0
2026-03-17 10:46:36.643062,DONE,51.4234127,-2.6714146,0.002,0.0
2026-03-17 10:46:38.351978,DONE,51.4234127,-2.6714146,0.003,0.0
2026-03-17 10:46:40.128110,DONE,51.4234127,-2.6714146,0.003,0.0
2026-03-17 10:46:41.772527,DONE,51.4234127,-2.6714146,0.003,0.0
2026-03-17 10:46:43.520784,DONE,51.4234127,-2.6714146,0.003,0.0
2026-03-17 10:46:45.196707,DONE,51.4234127,-2.6714146,0.003,0.0
2026-03-17 10:46:46.853597,DONE,51.4234127,-2.6714146,0.003,0.0
2026-03-17 10:46:48.526995,DONE,51.4234127,-2.6714146,0.003,0.0
2026-03-17 10:46:49.575444,DONE,51.4234127,-2.6714146,0.003,0.0
2026-03-17 10:46:51.443942,DONE,51.4234127,-2.6714146,0.003,0.0
2026-03-17 10:46:52.721824,DONE,51.4234127,-2.6714146,0.003,0.0
2026-03-17 10:46:54.061877,DONE,51.4234127,-2.6714146,0.003,0.0
2026-03-17 10:46:55.203198,DONE,51.4234127,-2.6714146,0.003,0.0
2026-03-17 10:46:56.392970,DONE,51.4234127,-2.6714146,0.003,0.0
2026-03-17 10:46:57.558726,DONE,51.4234127,-2.6714146,0.003,0.0
2026-03-17 10:46:58.593864,DONE,51.4234127,-2.6714146,0.003,0.0
2026-03-17 10:46:59.661761,DONE,51.4234127,-2.6714146,0.002,0.0
2026-03-17 10:47:01.473617,DONE,51.4234127,-2.6714146,0.003,0.0
2026-03-17 10:47:03.157782,DONE,51.4234127,-2.6714146,0.003,0.0
2026-03-17 10:47:04.862163,DONE,51.4234127,-2.6714146,0.003,0.0
2026-03-17 10:47:06.482773,DONE,51.4234127,-2.6714146,0.003,0.0
2026-03-17 10:47:08.132566,DONE,51.4234127,-2.6714146,0.003,0.0
2026-03-17 10:47:09.750554,DONE,51.4234127,-2.6714146,0.003,0.0
2026-03-17 10:47:11.388898,DONE,51.4234127,-2.6714146,0.003,0.0
2026-03-17 10:47:13.069541,DONE,51.4234127,-2.6714146,0.003,0.0
2026-03-17 10:47:14.716077,DONE,51.4234127,-2.6714146,0.003,0.0
2026-03-17 10:47:16.364832,DONE,51.4234127,-2.6714146,0.003,0.0
2026-03-17 10:47:17.981751,DONE,51.4234127,-2.6714146,0.003,0.0
2026-03-17 10:47:19.628038,DONE,51.4234127,-2.6714146,0.003,0.0
2026-03-17 10:47:21.278515,DONE,51.4234127,-2.6714146,0.003,0.0
2026-03-17 10:47:23.076233,DONE,51.4234127,-2.6714146,0.003,0.0
2026-03-17 10:47:24.110417,DONE,51.4234127,-2.6714146,0.003,0.0
2026-03-17 10:47:25.874153,DONE,51.4234127,-2.6714148,0.003,0.0
2026-03-17 10:47:27.681872,DONE,51.4234127,-2.6714149,0.003,0.0
2026-03-17 10:47:29.605037,DONE,51.4234127,-2.6714149,0.003,0.0
2026-03-17 10:47:31.435565,DONE,51.4234127,-2.671415,0.003,0.0
2026-03-17 10:47:32.474306,DONE,51.4234127,-2.671415,0.003,0.0
2026-03-17 10:47:33.576414,DONE,51.4234127,-2.671415,0.003,0.0
2026-03-17 10:47:35.366783,DONE,51.4234127,-2.671415,0.002,0.0
2026-03-17 10:47:37.008609,DONE,51.4234127,-2.671415,0.003,0.0
2026-03-17 10:47:38.625314,DONE,51.4234127,-2.671415,0.003,0.0
2026-03-17 10:47:40.260235,DONE,51.4234127,-2.671415,0.003,0.0
2026-03-17 10:47:41.901525,DONE,51.4234127,-2.671415,0.003,0.0
2026-03-17 10:47:43.494028,DONE,51.4234127,-2.671415,0.003,0.0
2026-03-17 10:47:45.157276,DONE,51.4234127,-2.671415,0.003,0.0
2026-03-17 10:47:46.767577,DONE,51.4234127,-2.671415,0.003,0.0
2026-03-17 10:47:48.531852,DONE,51.4234127,-2.671415,0.003,0.0
2026-03-17 10:47:50.299593,DONE,51.4234127,-2.671415,0.003,0.0
2026-03-17 10:47:51.852937,DONE,51.4234127,-2.671415,0.003,0.0
2026-03-17 10:47:53.502669,DONE,51.4234127,-2.671415,0.003,0.0
2026-03-17 10:47:55.429080,DONE,51.4234127,-2.671415,0.003,0.0
2026-03-17 10:47:57.203357,DONE,51.4234127,-2.671415,0.003,0.0
2026-03-17 10:47:58.842032,DONE,51.4234127,-2.671415,0.003,0.0
2026-03-17 10:48:00.678718,DONE,51.4234127,-2.671415,0.003,0.0
2026-03-17 10:48:02.291576,DONE,51.4234127,-2.671415,0.003,0.0
2026-03-17 10:48:03.910992,DONE,51.4234127,-2.671415,0.003,0.0
2026-03-17 10:48:05.628233,DONE,51.4234127,-2.671415,0.003,0.0
2026-03-17 10:48:07.275606,DONE,51.4234127,-2.671415,0.003,0.0
2026-03-17 10:48:08.929322,DONE,51.4234127,-2.671415,0.003,0.0
2026-03-17 10:48:10.624930,DONE,51.4234127,-2.671415,0.003,0.0
2026-03-17 10:48:12.243420,DONE,51.4234127,-2.671415,0.003,0.0
2026-03-17 10:48:13.905075,DONE,51.4234127,-2.671415,0.003,0.0
2026-03-17 10:48:15.687568,DONE,51.4234127,-2.671415,0.003,0.0
2026-03-17 10:48:17.802012,DONE,51.4234127,-2.671415,0.003,0.0
2026-03-17 10:48:18.892350,DONE,51.4234127,-2.671415,0.003,0.0
2026-03-17 10:48:19.937488,DONE,51.4234127,-2.671415,0.003,0.0
2026-03-17 10:48:20.945740,DONE,51.4234127,-2.671415,0.003,0.0
2026-03-17 10:48:22.904645,DONE,51.4234127,-2.671415,0.003,0.0
2026-03-17 10:48:24.698338,DONE,51.4234127,-2.6714149,0.003,0.0
2026-03-17 10:48:25.705592,DONE,51.4234127,-2.6714148,0.003,0.0
2026-03-17 10:48:26.736879,DONE,51.4234127,-2.6714148,0.003,0.0
2026-03-17 10:48:28.574747,DONE,51.4234127,-2.6714147,0.003,0.0
2026-03-17 10:48:30.301098,DONE,51.4234127,-2.6714147,0.003,0.0
2026-03-17 10:48:32.073200,DONE,51.4234127,-2.6714146,0.002,0.0
2026-03-17 10:48:33.703323,DONE,51.4234127,-2.6714146,0.003,0.0
2026-03-17 10:48:35.446081,DONE,51.4234127,-2.6714146,0.003,0.0
2026-03-17 10:48:37.154030,DONE,51.4234127,-2.6714146,0.003,0.0
2026-03-17 10:48:38.944439,DONE,51.4234127,-2.6714146,0.003,0.0
2026-03-17 10:48:40.685107,DONE,51.4234127,-2.6714146,0.003,0.0
2026-03-17 10:48:42.367274,DONE,51.4234127,-2.6714146,0.003,0.0
2026-03-17 10:48:44.179761,DONE,51.4234127,-2.6714146,0.002,0.0
2026-03-17 10:48:45.803802,DONE,51.4234127,-2.6714146,0.003,0.0
2026-03-17 10:48:47.510836,DONE,51.4234127,-2.6714146,0.003,0.0
2026-03-17 10:48:49.266120,DONE,51.4234127,-2.6714146,0.003,0.0
2026-03-17 10:48:50.986251,DONE,51.4234127,-2.6714146,0.003,0.0
2026-03-17 10:48:52.662500,DONE,51.4234127,-2.6714146,0.003,0.0
2026-03-17 10:48:54.510183,DONE,51.4234127,-2.6714146,0.003,0.0
2026-03-17 10:48:56.553512,DONE,51.4234127,-2.6714146,0.002,0.0
2026-03-17 10:48:58.254217,DONE,51.4234127,-2.6714146,0.003,0.0
2026-03-17 10:48:59.273527,DONE,51.4234127,-2.6714146,0.002,0.0
2026-03-17 10:49:00.980559,DONE,51.4234127,-2.6714146,0.003,0.0
2026-03-17 10:49:02.624692,DONE,51.4234127,-2.6714146,0.003,0.0
2026-03-17 10:49:04.319625,DONE,51.4234127,-2.6714146,0.003,0.0
2026-03-17 10:49:05.968208,DONE,51.4234127,-2.6714146,0.003,0.0
2026-03-17 10:49:07.781211,DONE,51.4234127,-2.6714146,0.003,0.0
2026-03-17 10:49:09.562169,DONE,51.4234127,-2.6714146,0.003,0.0
2026-03-17 10:49:11.197995,DONE,51.4234127,-2.6714146,0.003,0.0
2026-03-17 10:49:12.816454,DONE,51.4234127,-2.6714146,0.003,0.0
2026-03-17 10:49:14.441115,DONE,51.4234127,-2.6714146,0.003,0.0
2026-03-17 10:49:16.285006,DONE,51.4234127,-2.6714146,0.003,0.0
2026-03-17 10:49:18.008257,DONE,51.4234127,-2.6714146,0.003,0.0
2026-03-17 10:49:19.821894,DONE,51.4234127,-2.6714146,0.003,0.0
2026-03-17 10:49:21.463469,DONE,51.4234127,-2.6714146,0.003,0.0
2026-03-17 10:49:23.425041,DONE,51.4234127,-2.6714146,0.003,0.0
2026-03-17 10:49:25.414176,DONE,51.4234127,-2.6714147,0.003,0.0
2026-03-17 10:49:27.369297,DONE,51.4234127,-2.6714149,0.004,0.0
2026-03-17 10:49:29.146738,DONE,51.4234127,-2.6714149,0.003,0.0
2026-03-17 10:49:30.959943,DONE,51.4234127,-2.671415,0.003,0.0
2026-03-17 10:49:32.602260,DONE,51.4234127,-2.671415,0.003,0.0
2026-03-17 10:49:34.214582,DONE,51.4234127,-2.671415,0.003,0.0
2026-03-17 10:49:35.831558,DONE,51.4234127,-2.671415,0.003,0.0
2026-03-17 10:49:37.499353,DONE,51.4234127,-2.671415,0.003,0.0
2026-03-17 10:49:39.098916,DONE,51.4234127,-2.671415,0.003,0.0
2026-03-17 10:49:40.752486,DONE,51.4234127,-2.671415,0.003,0.0
2026-03-17 10:49:42.344681,DONE,51.4234127,-2.671415,0.002,0.0
2026-03-17 10:49:44.089999,DONE,51.4234127,-2.671415,0.003,0.0
2026-03-17 10:49:45.795460,DONE,51.4234127,-2.671415,0.003,0.0
2026-03-17 10:49:47.366303,DONE,51.4234127,-2.671415,0.003,0.0
2026-03-17 10:49:49.020762,DONE,51.4234127,-2.671415,0.003,0.0
2026-03-17 10:49:50.687741,DONE,51.4234127,-2.671415,0.003,0.0
2026-03-17 10:49:52.327280,DONE,51.4234127,-2.671415,0.003,0.0
2026-03-17 10:49:54.099188,DONE,51.4234127,-2.671415,0.003,0.0
2026-03-17 10:49:56.018443,DONE,51.4234127,-2.671415,0.003,0.0
2026-03-17 10:49:57.640798,DONE,51.4234127,-2.671415,0.003,0.0
2026-03-17 10:49:59.275273,DONE,51.4234127,-2.671415,0.003,0.0
2026-03-17 10:50:00.910665,DONE,51.4234127,-2.671415,0.003,0.0
2026-03-17 10:50:02.469229,DONE,51.4234127,-2.671415,0.003,0.0
2026-03-17 10:50:04.100805,DONE,51.4234127,-2.671415,0.003,0.0
2026-03-17 10:50:05.723554,DONE,51.4234127,-2.671415,0.003,0.0
2026-03-17 10:50:07.363548,DONE,51.4234127,-2.671415,0.003,0.0
2026-03-17 10:50:08.962564,DONE,51.4234127,-2.671415,0.003,0.0
2026-03-17 10:50:10.550595,DONE,51.4234127,-2.671415,0.003,0.0
2026-03-17 10:50:12.197480,DONE,51.4234127,-2.671415,0.003,0.0
2026-03-17 10:50:13.940823,DONE,51.4234127,-2.671415,0.003,0.0
2026-03-17 10:50:15.604443,DONE,51.4234127,-2.671415,0.003,0.0
2026-03-17 10:50:17.197022,DONE,51.4234127,-2.671415,0.003,0.0
2026-03-17 10:50:18.826947,DONE,51.4234127,-2.671415,0.003,0.0
2026-03-17 10:50:20.419424,DONE,51.4234127,-2.671415,0.003,0.0
2026-03-17 10:50:22.067245,DONE,51.4234127,-2.671415,0.003,0.0
2026-03-17 10:50:23.701121,DONE,51.4234127,-2.671415,0.003,0.0
2026-03-17 10:50:25.367388,DONE,51.4234127,-2.6714148,0.002,0.0
2026-03-17 10:50:26.950104,DONE,51.4234127,-2.6714147,0.003,0.0
2026-03-17 10:50:28.509261,DONE,51.4234127,-2.6714147,0.003,0.0
2026-03-17 10:50:30.205919,DONE,51.4234127,-2.6714147,0.003,0.0
2026-03-17 10:50:31.852260,DONE,51.4234127,-2.6714146,0.003,0.0
2026-03-17 10:50:33.505754,DONE,51.4234127,-2.6714146,0.003,0.0
2026-03-17 10:50:35.141895,DONE,51.4234127,-2.6714146,0.003,0.0
2026-03-17 10:50:36.719873,DONE,51.4234127,-2.6714146,0.003,0.0
2026-03-17 10:50:38.281469,DONE,51.4234127,-2.6714146,0.003,0.0
2026-03-17 10:50:39.880111,DONE,51.4234127,-2.6714146,0.003,0.0
2026-03-17 10:50:41.441865,DONE,51.4234127,-2.6714146,0.003,0.0
2026-03-17 10:50:43.102594,DONE,51.4234127,-2.6714146,0.003,0.0
2026-03-17 10:50:44.786941,DONE,51.4234127,-2.6714146,0.003,0.0
2026-03-17 10:50:46.406218,DONE,51.4234127,-2.6714146,0.003,0.0
2026-03-17 10:50:48.151284,DONE,51.4234127,-2.6714146,0.003,0.0
2026-03-17 10:50:49.803440,DONE,51.4234127,-2.6714146,0.003,0.0
2026-03-17 10:50:51.575022,DONE,51.4234127,-2.6714146,0.003,0.0
2026-03-17 10:50:53.234416,DONE,51.4234127,-2.6714146,0.003,0.0
2026-03-17 10:50:55.220379,DONE,51.4234127,-2.6714146,0.003,0.0
2026-03-17 10:50:57.001746,DONE,51.4234127,-2.6714146,0.003,0.0
2026-03-17 10:50:58.648687,DONE,51.4234127,-2.6714146,0.003,0.0
2026-03-17 10:51:00.328195,DONE,51.4234127,-2.6714146,0.003,0.0
2026-03-17 10:51:01.962037,DONE,51.4234127,-2.6714146,0.003,0.0
2026-03-17 10:51:03.696682,DONE,51.4234127,-2.6714146,0.003,0.0
2026-03-17 10:51:05.408994,DONE,51.4234127,-2.6714146,0.003,0.0
2026-03-17 10:51:07.099217,DONE,51.4234127,-2.6714146,0.003,0.0
2026-03-17 10:51:08.792681,DONE,51.4234127,-2.6714146,0.003,0.0
2026-03-17 10:51:10.471365,DONE,51.4234127,-2.6714146,0.003,0.0
2026-03-17 10:51:12.236643,DONE,51.4234127,-2.6714146,0.003,0.0
2026-03-17 10:51:13.855126,DONE,51.4234127,-2.6714146,0.003,0.0
2026-03-17 10:51:15.521797,DONE,51.4234127,-2.6714146,0.002,0.0
2026-03-17 10:51:17.278141,DONE,51.4234127,-2.6714146,0.003,0.0
2026-03-17 10:51:18.941462,DONE,51.4234127,-2.6714146,0.003,0.0
2026-03-17 10:51:20.613402,DONE,51.4234127,-2.6714146,0.002,0.0
2026-03-17 10:51:22.276882,DONE,51.4234127,-2.6714146,0.003,0.0
2026-03-17 10:51:23.869302,DONE,51.4234127,-2.6714146,0.003,0.0
2026-03-17 10:51:25.462415,DONE,51.4234127,-2.6714148,0.003,0.0
2026-03-17 10:51:27.076315,DONE,51.4234127,-2.6714149,0.003,0.0
2026-03-17 10:51:28.656902,DONE,51.4234127,-2.6714149,0.003,0.0
2026-03-17 10:51:30.253489,DONE,51.4234127,-2.671415,0.003,0.0
2026-03-17 10:51:31.983486,DONE,51.4234127,-2.671415,0.003,0.0
2026-03-17 10:51:33.575137,DONE,51.4234127,-2.671415,0.003,0.0
2026-03-17 10:51:35.200706,DONE,51.4234127,-2.671415,0.003,0.0
2026-03-17 10:51:37.002090,DONE,51.4234127,-2.671415,0.003,0.0
2026-03-17 10:51:38.708012,DONE,51.4234127,-2.671415,0.003,0.0
2026-03-17 10:51:40.387997,DONE,51.4234127,-2.671415,0.003,0.0
2026-03-17 10:51:41.978982,DONE,51.4234127,-2.671415,0.003,0.0
2026-03-17 10:51:43.565124,DONE,51.4234127,-2.671415,0.003,0.0
2026-03-17 10:51:45.257093,DONE,51.4234127,-2.671415,0.003,0.0
2026-03-17 10:51:46.910475,DONE,51.4234127,-2.671415,0.003,0.0
2026-03-17 10:51:48.537062,DONE,51.4234127,-2.671415,0.003,0.0
2026-03-17 10:51:50.547533,DONE,51.4234127,-2.671415,0.003,0.0
2026-03-17 10:51:51.622915,DONE,51.4234127,-2.671415,0.003,0.0
2026-03-17 10:51:52.798671,DONE,51.4234127,-2.671415,0.003,0.0
2026-03-17 10:51:53.802912,DONE,51.4234127,-2.671415,0.003,0.0
2026-03-17 10:51:54.833007,DONE,51.4234127,-2.671415,0.003,0.0
2026-03-17 10:51:56.696286,DONE,51.4234127,-2.671415,0.003,0.0
2026-03-17 10:51:58.277912,DONE,51.4234127,-2.671415,0.003,0.0
2026-03-17 10:52:00.523618,DONE,51.4234127,-2.671415,0.003,0.0
2026-03-17 10:52:01.601981,DONE,51.4234127,-2.671415,0.003,0.0
2026-03-17 10:52:03.510647,DONE,51.4234127,-2.671415,0.003,0.0
2026-03-17 10:52:05.274485,DONE,51.4234127,-2.671415,0.003,0.0
2026-03-17 10:52:07.104777,DONE,51.4234127,-2.671415,0.003,0.0
2026-03-17 10:52:08.835873,DONE,51.4234127,-2.671415,0.003,0.0
2026-03-17 10:52:10.463011,DONE,51.4234127,-2.671415,0.003,0.0
2026-03-17 10:52:12.165164,DONE,51.4234127,-2.671415,0.003,0.0
2026-03-17 10:52:13.745631,DONE,51.4234127,-2.671415,0.003,0.0
2026-03-17 10:52:15.329530,DONE,51.4234127,-2.671415,0.003,0.0
2026-03-17 10:52:16.902782,DONE,51.4234127,-2.671415,0.003,0.0
2026-03-17 10:52:18.545026,DONE,51.4234127,-2.671415,0.003,0.0
2026-03-17 10:52:20.197832,DONE,51.4234127,-2.671415,0.003,0.0
2026-03-17 10:52:21.807827,DONE,51.4234127,-2.671415,0.003,0.0
2026-03-17 10:52:23.352825,DONE,51.4234127,-2.671415,0.002,0.0
2026-03-17 10:52:24.921165,DONE,51.4234127,-2.6714149,0.003,0.0
2026-03-17 10:52:26.445208,DONE,51.4234127,-2.6714148,0.003,0.0
2026-03-17 10:52:27.999775,DONE,51.4234127,-2.6714147,0.003,0.0
2026-03-17 10:52:29.566502,DONE,51.4234127,-2.6714147,0.003,0.0
2026-03-17 10:52:31.173527,DONE,51.4234127,-2.6714146,0.003,0.0
2026-03-17 10:52:32.835693,DONE,51.4234127,-2.6714146,0.003,0.0
2026-03-17 10:52:34.418038,DONE,51.4234127,-2.6714146,0.003,0.0
2026-03-17 10:52:35.977973,DONE,51.4234127,-2.6714146,0.003,0.0
2026-03-17 10:52:37.589371,DONE,51.4234127,-2.6714146,0.003,0.0
2026-03-17 10:52:39.188990,DONE,51.4234127,-2.6714146,0.003,0.0
2026-03-17 10:52:40.776895,DONE,51.4234127,-2.6714146,0.003,0.0
2026-03-17 10:52:42.348291,DONE,51.4234127,-2.6714146,0.003,0.0
2026-03-17 10:52:43.901350,DONE,51.4234127,-2.6714146,0.003,0.0
2026-03-17 10:52:45.492065,DONE,51.4234127,-2.6714146,0.003,0.0
2026-03-17 10:52:47.012172,DONE,51.4234127,-2.6714146,0.003,0.0
2026-03-17 10:52:48.558109,DONE,51.4234127,-2.6714146,0.003,0.0
2026-03-17 10:52:50.119190,DONE,51.4234127,-2.6714146,0.003,0.0
2026-03-17 10:52:51.646760,DONE,51.4234127,-2.6714146,0.003,0.0
2026-03-17 10:52:53.259598,DONE,51.4234127,-2.6714146,0.003,0.0
2026-03-17 10:52:55.157639,DONE,51.4234127,-2.6714146,0.002,0.0
2026-03-17 10:52:56.890946,DONE,51.4234127,-2.6714146,0.003,0.0
2026-03-17 10:52:58.440535,DONE,51.4234127,-2.6714146,0.003,0.0
2026-03-17 10:52:59.985457,DONE,51.4234127,-2.6714146,0.003,0.0
2026-03-17 10:53:01.583540,DONE,51.4234127,-2.6714146,0.003,0.0
2026-03-17 10:53:03.171772,DONE,51.4234127,-2.6714146,0.003,0.0
2026-03-17 10:53:04.774151,DONE,51.4234127,-2.6714146,0.003,0.0
2026-03-17 10:53:06.504473,DONE,51.4234127,-2.6714146,0.003,0.0
2026-03-17 10:53:08.080294,DONE,51.4234127,-2.6714146,0.003,0.0
2026-03-17 10:53:09.678843,DONE,51.4234127,-2.6714146,0.003,0.0
2026-03-17 10:53:11.201388,DONE,51.4234127,-2.6714146,0.003,0.0
2026-03-17 10:53:12.798119,DONE,51.4234127,-2.6714146,0.002,0.0
2026-03-17 10:53:14.446155,DONE,51.4234127,-2.6714146,0.003,0.0
2026-03-17 10:53:16.064861,DONE,51.4234127,-2.6714146,0.003,0.0
2026-03-17 10:53:17.632275,DONE,51.4234127,-2.6714146,0.003,0.0
2026-03-17 10:53:19.578389,DONE,51.4234127,-2.6714146,0.002,0.0
2026-03-17 10:53:21.302746,DONE,51.4234127,-2.6714146,0.003,0.0
2026-03-17 10:53:22.858936,DONE,51.4234127,-2.6714146,0.003,0.0
2026-03-17 10:53:24.503891,DONE,51.4234127,-2.6714147,0.003,0.0
2026-03-17 10:53:26.270012,DONE,51.4234127,-2.6714148,0.003,0.0
2026-03-17 10:53:28.239212,DONE,51.4234127,-2.6714149,0.003,0.0
2026-03-17 10:53:29.306813,DONE,51.4234127,-2.6714149,0.003,0.0
2026-03-17 10:53:30.325870,DONE,51.4234127,-2.671415,0.003,0.0
2026-03-17 10:53:32.200356,DONE,51.4234127,-2.671415,0.004,0.0
2026-03-17 10:53:34.194811,DONE,51.4234127,-2.671415,0.003,0.0
2026-03-17 10:53:36.070650,DONE,51.4234127,-2.671415,0.003,0.0
2026-03-17 10:53:38.087384,DONE,51.4234127,-2.671415,0.003,0.0
2026-03-17 10:53:40.011806,DONE,51.4234127,-2.671415,0.003,0.0
2026-03-17 10:53:41.937410,DONE,51.4234127,-2.671415,0.003,0.0
2026-03-17 10:53:43.022750,DONE,51.4234127,-2.671415,0.003,0.0
2026-03-17 10:53:44.151234,DONE,51.4234127,-2.671415,0.003,0.0
2026-03-17 10:53:45.275426,DONE,51.4234127,-2.671415,0.003,0.0
2026-03-17 10:53:47.130814,DONE,51.4234127,-2.671415,0.003,0.0
2026-03-17 10:53:48.952970,DONE,51.4234127,-2.671415,0.003,0.0
2026-03-17 10:53:49.985397,DONE,51.4234127,-2.671415,0.003,0.0
2026-03-17 10:53:51.931994,DONE,51.4234127,-2.671415,0.003,0.0
2026-03-17 10:53:53.864448,DONE,51.4234127,-2.671415,0.003,0.0
2026-03-17 10:53:54.997911,DONE,51.4234127,-2.671415,0.003,0.0
2026-03-17 10:53:56.171718,DONE,51.4234127,-2.671415,0.003,0.0
2026-03-17 10:53:57.270548,DONE,51.4234127,-2.671415,0.003,0.0
2026-03-17 10:53:58.350220,DONE,51.4234127,-2.671415,0.003,0.0
2026-03-17 10:53:59.471228,DONE,51.4234127,-2.671415,0.003,0.0
2026-03-17 10:54:00.660467,DONE,51.4234127,-2.671415,0.003,0.0
2026-03-17 10:54:01.835789,DONE,51.4234127,-2.671415,0.003,0.0
2026-03-17 10:54:02.964946,DONE,51.4234127,-2.671415,0.003,0.0
2026-03-17 10:54:04.166965,DONE,51.4234127,-2.671415,0.003,0.0
2026-03-17 10:54:05.376236,DONE,51.4234127,-2.671415,0.003,0.0
2026-03-17 10:54:06.516084,DONE,51.4234127,-2.671415,0.003,0.0
2026-03-17 10:54:07.603684,DONE,51.4234127,-2.671415,0.003,0.0
2026-03-17 10:54:09.638832,DONE,51.4234127,-2.671415,0.003,0.0
2026-03-17 10:54:10.703776,DONE,51.4234127,-2.671415,0.003,0.0
2026-03-17 10:54:11.965641,DONE,51.4234127,-2.671415,0.003,0.0
2026-03-17 10:54:13.111287,DONE,51.4234127,-2.671415,0.003,0.0
2026-03-17 10:54:14.222270,DONE,51.4234127,-2.671415,0.003,0.0
2026-03-17 10:54:15.359545,DONE,51.4234127,-2.671415,0.003,0.0
2026-03-17 10:54:16.564251,DONE,51.4234127,-2.671415,0.003,0.0
2026-03-17 10:54:17.632409,DONE,51.4234127,-2.671415,0.003,0.0
2026-03-17 10:54:18.642829,DONE,51.4234127,-2.671415,0.003,0.0
2026-03-17 10:54:19.659808,DONE,51.4234127,-2.671415,0.003,0.0
2026-03-17 10:54:21.682960,DONE,51.4234127,-2.671415,0.002,0.0
2026-03-17 10:54:22.773832,DONE,51.4234127,-2.671415,0.003,0.0
2026-03-17 10:54:23.865605,DONE,51.4234127,-2.671415,0.003,0.0
2026-03-17 10:54:24.948890,DONE,51.4234127,-2.6714149,0.003,0.0
2026-03-17 10:54:25.955657,DONE,51.4234127,-2.6714148,0.003,0.0
2026-03-17 10:54:26.991983,DONE,51.4234127,-2.6714147,0.003,0.0
2026-03-17 10:54:27.996505,DONE,51.4234127,-2.6714147,0.003,0.0
2026-03-17 10:54:29.036209,DONE,51.4234127,-2.6714147,0.003,0.0
2026-03-17 10:54:30.165170,DONE,51.4234127,-2.6714147,0.003,0.0
2026-03-17 10:54:31.239696,DONE,51.4234127,-2.6714146,0.003,0.0
2026-03-17 10:54:32.292807,DONE,51.4234127,-2.6714146,0.003,0.0
2026-03-17 10:54:33.353003,DONE,51.4234127,-2.6714146,0.003,0.0
2026-03-17 10:54:34.427824,DONE,51.4234127,-2.6714146,0.003,0.0
2026-03-17 10:54:35.453461,DONE,51.4234127,-2.6714146,0.003,0.0
2026-03-17 10:54:36.584847,DONE,51.4234127,-2.6714146,0.003,0.0
2026-03-17 10:54:37.698896,DONE,51.4234127,-2.6714146,0.003,0.0
2026-03-17 10:54:38.822334,DONE,51.4234127,-2.6714146,0.003,0.0
2026-03-17 10:54:39.842160,DONE,51.4234127,-2.6714146,0.002,0.0
2026-03-17 10:54:41.851276,DONE,51.4234127,-2.6714146,0.003,0.0
2026-03-17 10:54:42.886353,DONE,51.4234127,-2.6714146,0.003,0.0
2026-03-17 10:54:43.978916,DONE,51.4234127,-2.6714146,0.003,0.0
2026-03-17 10:54:45.099971,DONE,51.4234127,-2.6714146,0.003,0.0
2026-03-17 10:54:46.135501,DONE,51.4234127,-2.6714146,0.003,0.0
2026-03-17 10:54:47.187867,DONE,51.4234127,-2.6714146,0.003,0.0
2026-03-17 10:54:49.234457,DONE,51.4234127,-2.6714146,0.003,0.0
2026-03-17 10:54:50.365831,DONE,51.4234127,-2.6714146,0.003,0.0
2026-03-17 10:54:51.467845,DONE,51.4234127,-2.6714146,0.003,0.0
2026-03-17 10:54:52.488055,DONE,51.4234127,-2.6714146,0.003,0.0
2026-03-17 10:54:54.588799,DONE,51.4234127,-2.6714146,0.002,0.0
2026-03-17 10:54:55.611247,DONE,51.4234127,-2.6714146,0.003,0.0
2026-03-17 10:54:56.666523,DONE,51.4234127,-2.6714146,0.003,0.0
2026-03-17 10:54:58.494429,DONE,51.4234127,-2.6714146,0.003,0.0
2026-03-17 10:55:00.349446,DONE,51.4234127,-2.6714146,0.003,0.0
2026-03-17 10:55:02.173893,DONE,51.4234127,-2.6714146,0.003,0.0
2026-03-17 10:55:03.879115,DONE,51.4234127,-2.6714146,0.003,0.0
2026-03-17 10:55:05.666809,DONE,51.4234127,-2.6714146,0.003,0.0
2026-03-17 10:55:07.337323,DONE,51.4234127,-2.6714146,0.003,0.0
2026-03-17 10:55:09.033061,DONE,51.4234127,-2.6714146,0.003,0.0
2026-03-17 10:55:10.712470,DONE,51.4234127,-2.6714146,0.003,0.0
2026-03-17 10:55:12.378527,DONE,51.4234127,-2.6714146,0.003,0.0
2026-03-17 10:55:14.038455,DONE,51.4234127,-2.6714146,0.003,0.0
2026-03-17 10:55:15.733691,DONE,51.4234127,-2.6714146,0.002,0.0
2026-03-17 10:55:17.387609,DONE,51.4234127,-2.6714146,0.003,0.0
2026-03-17 10:55:19.065553,DONE,51.4234127,-2.6714146,0.003,0.0
2026-03-17 10:55:20.771529,DONE,51.4234127,-2.6714146,0.003,0.0
2026-03-17 10:55:22.431202,DONE,51.4234127,-2.6714146,0.003,0.0
2026-03-17 10:55:24.137313,DONE,51.4234127,-2.6714147,0.003,0.0
2026-03-17 10:55:25.796985,DONE,51.4234127,-2.6714148,0.003,0.0
2026-03-17 10:55:27.478081,DONE,51.4234127,-2.6714149,0.003,0.0
2026-03-17 10:55:29.118191,DONE,51.4234127,-2.6714149,0.003,0.0
2026-03-17 10:55:30.793490,DONE,51.4234127,-2.671415,0.003,0.0
2026-03-17 10:55:32.451491,DONE,51.4234127,-2.671415,0.003,0.0
2026-03-17 10:55:34.121824,DONE,51.4234127,-2.671415,0.003,0.0
2026-03-17 10:55:35.771086,DONE,51.4234127,-2.671415,0.003,0.0
2026-03-17 10:55:37.481158,DONE,51.4234127,-2.671415,0.003,0.0
2026-03-17 10:55:39.063171,DONE,51.4234127,-2.671415,0.003,0.0
2026-03-17 10:55:40.700046,DONE,51.4234127,-2.671415,0.003,0.0
2026-03-17 10:55:42.351442,DONE,51.4234127,-2.671415,0.003,0.0
2026-03-17 10:55:44.040337,DONE,51.4234127,-2.671415,0.003,0.0
2026-03-17 10:55:45.667635,DONE,51.4234127,-2.671415,0.003,0.0
2026-03-17 10:55:47.272975,DONE,51.4234127,-2.671415,0.002,0.0
2026-03-17 10:55:48.895359,DONE,51.4234127,-2.671415,0.002,0.0
2026-03-17 10:55:50.514978,DONE,51.4234127,-2.671415,0.003,0.0
2026-03-17 10:55:52.122598,DONE,51.4234127,-2.671415,0.003,0.0
2026-03-17 10:55:53.820432,DONE,51.4234127,-2.671415,0.003,0.0
2026-03-17 10:55:55.781584,DONE,51.4234127,-2.671415,0.003,0.0
2026-03-17 10:55:57.525986,DONE,51.4234127,-2.671415,0.003,0.0
2026-03-17 10:55:59.450784,DONE,51.4234127,-2.671415,0.003,0.0
2026-03-17 10:56:01.172789,DONE,51.4234127,-2.671415,0.003,0.0
2026-03-17 10:56:02.812888,DONE,51.4234127,-2.671415,0.003,0.0
2026-03-17 10:56:04.581760,DONE,51.4234127,-2.671415,0.003,0.0
2026-03-17 10:56:05.593930,DONE,51.4234127,-2.671415,0.003,0.0
2026-03-17 10:56:07.383520,DONE,51.4234127,-2.671415,0.003,0.0
2026-03-17 10:56:09.093704,DONE,51.4234127,-2.671415,0.003,0.0
2026-03-17 10:56:10.733411,DONE,51.4234127,-2.671415,0.003,0.0
2026-03-17 10:56:12.385042,DONE,51.4234127,-2.671415,0.003,0.0
2026-03-17 10:56:14.236968,DONE,51.4234127,-2.671415,0.003,0.0
2026-03-17 10:56:15.462143,DONE,51.4234127,-2.671415,0.003,0.0
2026-03-17 10:56:17.399445,DONE,51.4234127,-2.671415,0.002,0.0
2026-03-17 10:56:19.339135,DONE,51.4234127,-2.671415,0.003,0.0
2026-03-17 10:56:20.380681,DONE,51.4234127,-2.671415,0.003,0.0
2026-03-17 10:56:21.401767,DONE,51.4234127,-2.671415,0.003,0.0
2026-03-17 10:56:23.311819,DONE,51.4234127,-2.671415,0.003,0.0
2026-03-17 10:56:24.372803,DONE,51.4234127,-2.6714149,0.003,0.0
2026-03-17 10:56:26.391325,DONE,51.4234127,-2.6714148,0.003,0.0
2026-03-17 10:56:28.383466,DONE,51.4234127,-2.6714147,0.003,0.0
2026-03-17 10:56:30.751809,DONE,51.4234127,-2.6714146,0.003,0.0
2026-03-17 10:56:31.885765,DONE,51.4234127,-2.6714146,0.002,0.0
2026-03-17 10:56:32.923954,DONE,51.4234127,-2.6714146,0.003,0.0
2026-03-17 10:56:33.985431,DONE,51.4234127,-2.6714146,0.003,0.0
2026-03-17 10:56:36.008087,DONE,51.4234127,-2.6714146,0.003,0.0
2026-03-17 10:56:37.020155,DONE,51.4234127,-2.6714146,0.003,0.0
2026-03-17 10:56:38.936130,DONE,51.4234127,-2.6714146,0.002,0.0
2026-03-17 10:56:41.030369,DONE,51.4234127,-2.6714146,0.003,0.0
2026-03-17 10:56:43.049179,DONE,51.4234127,-2.6714146,0.003,0.0
2026-03-17 10:56:44.867087,DONE,51.4234127,-2.6714146,0.003,0.0
2026-03-17 10:56:46.558130,DONE,51.4234127,-2.6714146,0.003,0.0
2026-03-17 10:56:48.264788,DONE,51.4234127,-2.6714146,0.003,0.0
2026-03-17 10:56:49.376986,DONE,51.4234127,-2.6714146,0.003,0.0
2026-03-17 10:56:50.668273,DONE,51.4234127,-2.6714146,0.003,0.0
2026-03-17 10:56:51.853626,DONE,51.4234127,-2.6714146,0.003,0.0
2026-03-17 10:56:52.945244,DONE,51.4234127,-2.6714146,0.003,0.0
2026-03-17 10:56:54.151536,DONE,51.4234127,-2.6714146,0.003,0.0
2026-03-17 10:56:55.270221,DONE,51.4234127,-2.6714146,0.002,0.0
2026-03-17 10:56:56.410857,DONE,51.4234127,-2.6714146,0.003,0.0
2026-03-17 10:56:57.488756,DONE,51.4234127,-2.6714146,0.003,0.0
2026-03-17 10:56:58.942539,DONE,51.4234127,-2.6714146,0.003,0.0
2026-03-17 10:56:59.986946,DONE,51.4234127,-2.6714146,0.003,0.0
2026-03-17 10:57:01.685676,DONE,51.4234127,-2.6714146,0.003,0.0
2026-03-17 10:57:03.428643,DONE,51.4234127,-2.6714146,0.003,0.0
2026-03-17 10:57:04.532060,DONE,51.4234127,-2.6714146,0.003,0.0
2026-03-17 10:57:05.690508,DONE,51.4234127,-2.6714146,0.003,0.0
2026-03-17 10:57:07.604652,DONE,51.4234127,-2.6714146,0.003,0.0
2026-03-17 10:57:09.365715,DONE,51.4234127,-2.6714146,0.003,0.0
2026-03-17 10:57:11.181713,DONE,51.4234127,-2.6714146,0.003,0.0
2026-03-17 10:57:13.104406,DONE,51.4234127,-2.6714146,0.003,0.0
2026-03-17 10:57:14.392019,DONE,51.4234127,-2.6714146,0.003,0.0
2026-03-17 10:57:15.629013,DONE,51.4234127,-2.6714146,0.003,0.0
2026-03-17 10:57:17.536124,DONE,51.4234127,-2.6714146,0.003,0.0
2026-03-17 10:57:18.538754,DONE,51.4234127,-2.6714146,0.003,0.0
2026-03-17 10:57:19.564545,DONE,51.4234127,-2.6714146,0.003,0.0
2026-03-17 10:57:20.755055,DONE,51.4234127,-2.6714146,0.003,0.0
2026-03-17 10:57:21.990731,DONE,51.4234127,-2.6714146,0.003,0.0
2026-03-17 10:57:23.426563,DONE,51.4234127,-2.6714146,0.003,0.0
2026-03-17 10:57:24.843122,DONE,51.4234127,-2.6714147,0.003,0.0
2026-03-17 10:57:26.060847,DONE,51.4234127,-2.6714148,0.003,0.0
2026-03-17 10:57:27.848470,DONE,51.4234127,-2.6714149,0.003,0.0
2026-03-17 10:57:29.575591,DONE,51.4234127,-2.6714149,0.003,0.0
2026-03-17 10:57:31.268125,DONE,51.4234127,-2.671415,0.004,0.0
2026-03-17 10:57:32.948420,DONE,51.4234127,-2.671415,0.003,0.0
2026-03-17 10:57:34.729459,DONE,51.4234127,-2.671415,0.003,0.0
2026-03-17 10:57:36.456367,DONE,51.4234127,-2.671415,0.003,0.0
2026-03-17 10:57:38.127168,DONE,51.4234127,-2.671415,0.003,0.0
2026-03-17 10:57:39.947555,DONE,51.4234127,-2.671415,0.003,0.0
2026-03-17 10:57:41.788466,DONE,51.4234127,-2.671415,0.003,0.0
2026-03-17 10:57:43.563872,DONE,51.4234127,-2.671415,0.003,0.0
2026-03-17 10:57:45.508034,DONE,51.4234127,-2.671415,0.003,0.0
2026-03-17 10:57:47.401945,DONE,51.4234127,-2.671415,0.003,0.0
2026-03-17 10:57:49.226771,DONE,51.4234127,-2.671415,0.003,0.0
2026-03-17 10:57:50.881361,DONE,51.4234127,-2.671415,0.003,0.0
2026-03-17 10:57:52.578762,DONE,51.4234127,-2.671415,0.003,0.0
2026-03-17 10:57:54.465772,DONE,51.4234127,-2.671415,0.003,0.0
2026-03-17 10:57:55.556227,DONE,51.4234127,-2.671415,0.003,0.0
2026-03-17 10:57:56.616894,DONE,51.4234127,-2.671415,0.003,0.0
2026-03-17 10:57:57.621180,DONE,51.4234127,-2.671415,0.003,0.0
2026-03-17 10:57:59.582031,DONE,51.4234127,-2.671415,0.003,0.0
2026-03-17 10:58:01.300858,DONE,51.4234127,-2.671415,0.003,0.0
2026-03-17 10:58:02.317437,DONE,51.4234127,-2.671415,0.003,0.0
2026-03-17 10:58:03.339259,DONE,51.4234127,-2.671415,0.003,0.0
2026-03-17 10:58:05.046201,DONE,51.4234127,-2.671415,0.003,0.0
2026-03-17 10:58:06.859677,DONE,51.4234127,-2.671415,0.003,0.0
2026-03-17 10:58:08.737063,DONE,51.4234127,-2.671415,0.002,0.0
2026-03-17 10:58:10.576294,DONE,51.4234127,-2.671415,0.003,0.0
2026-03-17 10:58:12.619470,DONE,51.4234127,-2.671415,0.003,0.0
2026-03-17 10:58:13.659235,DONE,51.4234127,-2.671415,0.003,0.0
2026-03-17 10:58:15.457679,DONE,51.4234127,-2.671415,0.003,0.0
2026-03-17 10:58:17.208343,DONE,51.4234127,-2.671415,0.003,0.0
2026-03-17 10:58:18.975905,DONE,51.4234127,-2.671415,0.003,0.0
2026-03-17 10:58:21.019081,DONE,51.4234127,-2.671415,0.003,0.0
2026-03-17 10:58:22.292740,DONE,51.4234127,-2.671415,0.003,0.0
2026-03-17 10:58:23.717116,DONE,51.4234127,-2.671415,0.003,0.0
2026-03-17 10:58:24.965997,DONE,51.4234127,-2.6714148,0.003,0.0
2026-03-17 10:58:26.145204,DONE,51.4234127,-2.6714148,0.003,0.0
2026-03-17 10:58:27.182769,DONE,51.4234127,-2.6714147,0.003,0.0
2026-03-17 10:58:29.059214,DONE,51.4234127,-2.6714147,0.003,0.0
2026-03-17 10:58:30.937127,DONE,51.4234127,-2.6714146,0.003,0.0
2026-03-17 10:58:32.788435,DONE,51.4234127,-2.6714146,0.002,0.0
2026-03-17 10:58:34.621626,DONE,51.4234127,-2.6714146,0.003,0.0
2026-03-17 10:58:36.433330,DONE,51.4234127,-2.6714146,0.003,0.0
2026-03-17 10:58:38.309314,DONE,51.4234127,-2.6714146,0.002,0.0
2026-03-17 10:58:39.314366,DONE,51.4234127,-2.6714146,0.002,0.0
2026-03-17 10:58:41.089593,DONE,51.4234127,-2.6714146,0.004,0.0
2026-03-17 10:58:42.909673,DONE,51.4234127,-2.6714146,0.003,0.0
2026-03-17 10:58:44.728321,DONE,51.4234127,-2.6714146,0.003,0.0
2026-03-17 10:58:46.529120,DONE,51.4234127,-2.6714146,0.003,0.0
2026-03-17 10:58:48.356794,DONE,51.4234127,-2.6714146,0.003,0.0
2026-03-17 10:58:50.155988,DONE,51.4234127,-2.6714146,0.003,0.0
2026-03-17 10:58:51.985873,DONE,51.4234127,-2.6714146,0.003,0.0
2026-03-17 10:58:53.881076,DONE,51.4234127,-2.6714146,0.003,0.0
2026-03-17 10:58:54.991490,DONE,51.4234127,-2.6714146,0.003,0.0
2026-03-17 10:58:56.108112,DONE,51.4234127,-2.6714146,0.003,0.0
2026-03-17 10:58:57.983909,DONE,51.4234127,-2.6714146,0.003,0.0
2026-03-17 10:58:59.033055,DONE,51.4234127,-2.6714146,0.003,0.0
2026-03-17 10:59:00.943696,DONE,51.4234127,-2.6714146,0.003,0.0
2026-03-17 10:59:02.797220,DONE,51.4234127,-2.6714146,0.003,0.0
2026-03-17 10:59:04.778070,DONE,51.4234127,-2.6714146,0.003,0.0
2026-03-17 10:59:06.713323,DONE,51.4234127,-2.6714146,0.003,0.0
2026-03-17 10:59:08.543264,DONE,51.4234127,-2.6714146,0.003,0.0
2026-03-17 10:59:09.636545,DONE,51.4234127,-2.6714146,0.003,0.0
2026-03-17 10:59:11.536501,DONE,51.4234127,-2.6714146,0.003,0.0
2026-03-17 10:59:13.364042,DONE,51.4234127,-2.6714146,0.003,0.0
2026-03-17 10:59:15.285275,DONE,51.4234127,-2.6714146,0.003,0.0
2026-03-17 10:59:16.343832,DONE,51.4234127,-2.6714146,0.003,0.0
2026-03-17 10:59:17.436249,DONE,51.4234127,-2.6714146,0.003,0.0
2026-03-17 10:59:19.237190,DONE,51.4234127,-2.6714146,0.003,0.0
2026-03-17 10:59:21.039463,DONE,51.4234127,-2.6714146,0.003,0.0
2026-03-17 10:59:22.734431,DONE,51.4234127,-2.6714146,0.003,0.0
2026-03-17 10:59:24.541980,DONE,51.4234127,-2.6714148,0.003,0.0
2026-03-17 10:59:26.431247,DONE,51.4234127,-2.6714149,0.003,0.0
2026-03-17 10:59:28.164366,DONE,51.4234127,-2.6714149,0.003,0.0
2026-03-17 10:59:29.961624,DONE,51.4234127,-2.671415,0.003,0.0
2026-03-17 10:59:32.065026,DONE,51.4234127,-2.671415,0.003,0.0
2026-03-17 10:59:33.211487,DONE,51.4234127,-2.671415,0.003,0.0
2026-03-17 10:59:35.044949,DONE,51.4234127,-2.671415,0.003,0.0
2026-03-17 10:59:36.739308,DONE,51.4234127,-2.671415,0.003,0.0
2026-03-17 10:59:37.744068,DONE,51.4234127,-2.671415,0.003,0.0
2026-03-17 10:59:39.609028,DONE,51.4234127,-2.671415,0.003,0.0
2026-03-17 10:59:41.360670,DONE,51.4234127,-2.671415,0.003,0.0
2026-03-17 10:59:43.180785,DONE,51.4234127,-2.671415,0.003,0.0
2026-03-17 10:59:44.941889,DONE,51.4234127,-2.671415,0.003,0.0
2026-03-17 10:59:46.603034,DONE,51.4234127,-2.671415,0.003,0.0
2026-03-17 10:59:48.300768,DONE,51.4234127,-2.671415,0.003,0.0
2026-03-17 10:59:49.994416,DONE,51.4234127,-2.671415,0.003,0.0
2026-03-17 10:59:51.664981,DONE,51.4234127,-2.671415,0.003,0.0
2026-03-17 10:59:53.404956,DONE,51.4234127,-2.671415,0.003,0.0
2026-03-17 10:59:55.372217,DONE,51.4234127,-2.671415,0.003,0.0
2026-03-17 10:59:56.441849,DONE,51.4234127,-2.671415,0.003,0.0
2026-03-17 10:59:58.116775,DONE,51.4234127,-2.671415,0.003,0.0
2026-03-17 10:59:59.768374,DONE,51.4234127,-2.671415,0.003,0.0
2026-03-17 11:00:01.653009,DONE,51.4234127,-2.671415,0.003,0.0
2026-03-17 11:00:03.386927,DONE,51.4234127,-2.671415,0.003,0.0
2026-03-17 11:00:05.080313,DONE,51.4234127,-2.671415,0.003,0.0
2026-03-17 11:00:06.696815,DONE,51.4234127,-2.671415,0.003,0.0
2026-03-17 11:00:08.365077,DONE,51.4234127,-2.671415,0.003,0.0
2026-03-17 11:00:09.980536,DONE,51.4234127,-2.671415,0.003,0.0
2026-03-17 11:00:11.638616,DONE,51.4234127,-2.671415,0.003,0.0
2026-03-17 11:00:13.353509,DONE,51.4234127,-2.671415,0.003,0.0
2026-03-17 11:00:15.035503,DONE,51.4234127,-2.671415,0.003,0.0
2026-03-17 11:00:16.666373,DONE,51.4234127,-2.671415,0.003,0.0
2026-03-17 11:00:18.393340,DONE,51.4234127,-2.671415,0.003,0.0
2026-03-17 11:00:20.066233,DONE,51.4234127,-2.671415,0.003,0.0
2026-03-17 11:00:21.743217,DONE,51.4234127,-2.671415,0.003,0.0
2026-03-17 11:00:23.350838,DONE,51.4234127,-2.6714149,0.003,0.0
2026-03-17 11:00:25.046137,DONE,51.4234127,-2.6714148,0.003,0.0
2026-03-17 11:00:26.057465,DONE,51.4234127,-2.6714147,0.003,0.0
2026-03-17 11:00:27.847687,DONE,51.4234127,-2.6714147,0.003,0.0
2026-03-17 11:00:29.550904,DONE,51.4234127,-2.6714146,0.003,0.0
2026-03-17 11:00:31.372293,DONE,51.4234127,-2.6714146,0.003,0.0
2026-03-17 11:00:33.066981,DONE,51.4234127,-2.6714146,0.003,0.0
2026-03-17 11:00:34.844950,DONE,51.4234127,-2.6714146,0.003,0.0
2026-03-17 11:00:36.678928,DONE,51.4234127,-2.6714146,0.003,0.0
2026-03-17 11:00:38.330874,DONE,51.4234127,-2.6714146,0.003,0.0
2026-03-17 11:00:39.918284,DONE,51.4234127,-2.6714146,0.003,0.0
2026-03-17 11:00:41.496071,DONE,51.4234127,-2.6714146,0.003,0.0
2026-03-17 11:00:43.122227,DONE,51.4234127,-2.6714146,0.003,0.0
2026-03-17 11:00:44.775982,DONE,51.4234127,-2.6714146,0.003,0.0
2026-03-17 11:00:46.376113,DONE,51.4234127,-2.6714146,0.002,0.0
2026-03-17 11:00:48.020381,DONE,51.4234127,-2.6714146,0.003,0.0
2026-03-17 11:00:49.638138,DONE,51.4234127,-2.6714146,0.003,0.0
2026-03-17 11:00:51.247485,DONE,51.4234127,-2.6714146,0.003,0.0
2026-03-17 11:00:52.809064,DONE,51.4234127,-2.6714146,0.002,0.0
2026-03-17 11:00:54.593559,DONE,51.4234127,-2.6714146,0.003,0.0
2026-03-17 11:00:56.465299,DONE,51.4234127,-2.6714146,0.003,0.0
2026-03-17 11:00:58.044274,DONE,51.4234127,-2.6714146,0.003,0.0
2026-03-17 11:00:59.658267,DONE,51.4234127,-2.6714146,0.003,0.0
2026-03-17 11:01:01.254667,DONE,51.4234127,-2.6714146,0.003,0.0
2026-03-17 11:01:02.849483,DONE,51.4234127,-2.6714146,0.003,0.0
2026-03-17 11:01:04.469641,DONE,51.4234127,-2.6714146,0.003,0.0
2026-03-17 11:01:06.073603,DONE,51.4234127,-2.6714146,0.003,0.0
2026-03-17 11:01:07.647415,DONE,51.4234127,-2.6714146,0.003,0.0
2026-03-17 11:01:09.183960,DONE,51.4234127,-2.6714146,0.003,0.0
2026-03-17 11:01:10.753298,DONE,51.4234127,-2.6714146,0.003,0.0
2026-03-17 11:01:12.378908,DONE,51.4234127,-2.6714146,0.003,0.0
2026-03-17 11:01:13.968609,DONE,51.4234127,-2.6714146,0.003,0.0
2026-03-17 11:01:15.643282,DONE,51.4234127,-2.6714146,0.003,0.0
2026-03-17 11:01:17.285477,DONE,51.4234127,-2.6714146,0.003,0.0
2026-03-17 11:01:18.982397,DONE,51.4234127,-2.6714146,0.003,0.0
2026-03-17 11:01:20.766911,DONE,51.4234127,-2.6714146,0.003,0.0
2026-03-17 11:01:22.478923,DONE,51.4234127,-2.6714146,0.002,0.0
2026-03-17 11:01:24.155313,DONE,51.4234127,-2.6714147,0.003,0.0
2026-03-17 11:01:25.925206,DONE,51.4234127,-2.6714149,0.003,0.0
2026-03-17 11:01:27.724053,DONE,51.4234127,-2.6714149,0.003,0.0
2026-03-17 11:01:29.527900,DONE,51.4234127,-2.671415,0.003,0.0
2026-03-17 11:01:31.384345,DONE,51.4234127,-2.671415,0.003,0.0
2026-03-17 11:01:33.183634,DONE,51.4234127,-2.671415,0.003,0.0
2026-03-17 11:01:34.951880,DONE,51.4234127,-2.671415,0.003,0.0
2026-03-17 11:01:36.827407,DONE,51.4234127,-2.671415,0.003,0.0
2026-03-17 11:01:38.665111,DONE,51.4234127,-2.671415,0.003,0.0
2026-03-17 11:01:40.473873,DONE,51.4234127,-2.671415,0.003,0.0
2026-03-17 11:01:42.269025,DONE,51.4234127,-2.671415,0.003,0.0
2026-03-17 11:01:44.127591,DONE,51.4234127,-2.671415,0.003,0.0
2026-03-17 11:01:45.934746,DONE,51.4234127,-2.671415,0.003,0.0
2026-03-17 11:01:47.732880,DONE,51.4234127,-2.671415,0.003,0.0
2026-03-17 11:01:49.635059,DONE,51.4234127,-2.671415,0.003,0.0
2026-03-17 11:01:51.398301,DONE,51.4234127,-2.671415,0.003,0.0
2026-03-17 11:01:53.206788,DONE,51.4234127,-2.671415,0.003,0.0
2026-03-17 11:01:54.345663,DONE,51.4234127,-2.671415,0.003,0.0
2026-03-17 11:01:55.395818,DONE,51.4234127,-2.671415,0.003,0.0
2026-03-17 11:01:56.494566,DONE,51.4234127,-2.671415,0.003,0.0
2026-03-17 11:01:58.241034,DONE,51.4234127,-2.671415,0.003,0.0
2026-03-17 11:01:59.981908,DONE,51.4234127,-2.671415,0.003,0.0
2026-03-17 11:02:01.692519,DONE,51.4234127,-2.671415,0.003,0.0
2026-03-17 11:02:03.357619,DONE,51.4234127,-2.671415,0.003,0.0
2026-03-17 11:02:05.037215,DONE,51.4234127,-2.671415,0.003,0.0
2026-03-17 11:02:06.688683,DONE,51.4234127,-2.671415,0.003,0.0
2026-03-17 11:02:08.306751,DONE,51.4234127,-2.671415,0.003,0.0
2026-03-17 11:02:09.942667,DONE,51.4234127,-2.671415,0.003,0.0
2026-03-17 11:02:11.588540,DONE,51.4234127,-2.671415,0.002,0.0
2026-03-17 11:02:12.773306,DONE,51.4234127,-2.671415,0.003,0.0
2026-03-17 11:02:14.451480,DONE,51.4234127,-2.671415,0.003,0.0
2026-03-17 11:02:16.173151,DONE,51.4234127,-2.671415,0.003,0.0
2026-03-17 11:02:17.806219,DONE,51.4234127,-2.671415,0.003,0.0
2026-03-17 11:02:19.460878,DONE,51.4234127,-2.671415,0.003,0.0
2026-03-17 11:02:21.112904,DONE,51.4234127,-2.671415,0.003,0.0
2026-03-17 11:02:22.703006,DONE,51.4234127,-2.671415,0.003,0.0
2026-03-17 11:02:24.355365,DONE,51.4234127,-2.6714148,0.003,0.0
2026-03-17 11:02:26.075406,DONE,51.4234127,-2.6714147,0.002,0.0
2026-03-17 11:02:27.669847,DONE,51.4234127,-2.6714147,0.003,0.0
2026-03-17 11:02:29.272040,DONE,51.4234127,-2.6714147,0.003,0.0
2026-03-17 11:02:30.899269,DONE,51.4234127,-2.6714146,0.003,0.0
2026-03-17 11:02:32.571514,DONE,51.4234127,-2.6714146,0.003,0.0
2026-03-17 11:02:34.189697,DONE,51.4234127,-2.6714146,0.003,0.0
2026-03-17 11:02:35.802409,DONE,51.4234127,-2.6714146,0.003,0.0
2026-03-17 11:02:37.369759,DONE,51.4234127,-2.6714146,0.003,0.0
2026-03-17 11:02:38.936199,DONE,51.4234127,-2.6714146,0.003,0.0
2026-03-17 11:02:40.584599,DONE,51.4234127,-2.6714146,0.003,0.0
2026-03-17 11:02:42.166991,DONE,51.4234127,-2.6714146,0.003,0.0
2026-03-17 11:02:43.898046,DONE,51.4234127,-2.6714146,0.003,0.0
2026-03-17 11:02:45.677203,DONE,51.4234127,-2.6714146,0.003,0.0
2026-03-17 11:02:47.545505,DONE,51.4234127,-2.6714146,0.003,0.0
2026-03-17 11:02:49.360009,DONE,51.4234127,-2.6714146,0.003,0.0
2026-03-17 11:02:51.205383,DONE,51.4234127,-2.6714146,0.002,0.0
2026-03-17 11:02:52.929196,DONE,51.4234127,-2.6714146,0.003,0.0
2026-03-17 11:02:53.961539,DONE,51.4234127,-2.6714146,0.003,0.0
2026-03-17 11:02:55.076364,DONE,51.4234127,-2.6714146,0.003,0.0
2026-03-17 11:02:56.150706,DONE,51.4234127,-2.6714146,0.003,0.0
2026-03-17 11:02:57.171880,DONE,51.4234127,-2.6714146,0.003,0.0
2026-03-17 11:02:58.980468,DONE,51.4234127,-2.6714146,0.003,0.0
2026-03-17 11:03:00.924975,DONE,51.4234127,-2.6714146,0.003,0.0
2026-03-17 11:03:02.770637,DONE,51.4234127,-2.6714146,0.003,0.0
2026-03-17 11:03:04.578456,DONE,51.4234127,-2.6714146,0.003,0.0
2026-03-17 11:03:05.597405,DONE,51.4234127,-2.6714146,0.003,0.0
2026-03-17 11:03:07.355831,DONE,51.4234127,-2.6714146,0.003,0.0
2026-03-17 11:03:09.131533,DONE,51.4234127,-2.6714146,0.002,0.0
2026-03-17 11:03:10.897712,DONE,51.4234127,-2.6714146,0.003,0.0
2026-03-17 11:03:12.766139,DONE,51.4234127,-2.6714146,0.003,0.0
2026-03-17 11:03:14.520109,DONE,51.4234127,-2.6714146,0.003,0.0
2026-03-17 11:03:15.527400,DONE,51.4234127,-2.6714146,0.003,0.0
2026-03-17 11:03:17.340089,DONE,51.4234127,-2.6714146,0.003,0.0
2026-03-17 11:03:19.106006,DONE,51.4234127,-2.6714146,0.003,0.0
2026-03-17 11:03:20.874141,DONE,51.4234127,-2.6714146,0.003,0.0
2026-03-17 11:03:22.681092,DONE,51.4234127,-2.6714146,0.003,0.0
2026-03-17 11:03:23.749836,DONE,51.4234127,-2.6714147,0.003,0.0
2026-03-17 11:03:25.632260,DONE,51.4234127,-2.6714148,0.003,0.0
2026-03-17 11:03:27.380042,DONE,51.4234127,-2.6714149,0.003,0.0
2026-03-17 11:03:29.219614,DONE,51.4234127,-2.671415,0.003,0.0
2026-03-17 11:03:30.867131,DONE,51.4234127,-2.671415,0.003,0.0
2026-03-17 11:03:32.504825,DONE,51.4234127,-2.671415,0.003,0.0
2026-03-17 11:03:34.161393,DONE,51.4234127,-2.671415,0.002,0.0
2026-03-17 11:03:35.839561,DONE,51.4234127,-2.671415,0.003,0.0
2026-03-17 11:03:37.494620,DONE,51.4234127,-2.671415,0.003,0.0
2026-03-17 11:03:39.213446,DONE,51.4234127,-2.671415,0.003,0.0
2026-03-17 11:03:40.880578,DONE,51.4234127,-2.671415,0.003,0.0
2026-03-17 11:03:42.540312,DONE,51.4234127,-2.671415,0.003,0.0
2026-03-17 11:03:44.195211,DONE,51.4234127,-2.671415,0.002,0.0
2026-03-17 11:03:45.901496,DONE,51.4234127,-2.671415,0.002,0.0
2026-03-17 11:03:47.659678,DONE,51.4234127,-2.671415,0.003,0.0
2026-03-17 11:03:49.335804,DONE,51.4234127,-2.671415,0.003,0.0
2026-03-17 11:03:50.986926,DONE,51.4234127,-2.671415,0.003,0.0
2026-03-17 11:03:52.661867,DONE,51.4234127,-2.671415,0.003,0.0
2026-03-17 11:03:54.509627,DONE,51.4234127,-2.671415,0.003,0.0
2026-03-17 11:03:56.546542,DONE,51.4234127,-2.671415,0.003,0.0
2026-03-17 11:03:58.375069,DONE,51.4234127,-2.671415,0.003,0.0
2026-03-17 11:04:00.284962,DONE,51.4234127,-2.671415,0.003,0.0
2026-03-17 11:04:02.143417,DONE,51.4234127,-2.671415,0.003,0.0
2026-03-17 11:04:04.101399,DONE,51.4234127,-2.671415,0.003,0.0
2026-03-17 11:04:06.003877,DONE,51.4234127,-2.671415,0.002,0.0
2026-03-17 11:04:07.878674,DONE,51.4234127,-2.671415,0.003,0.0
2026-03-17 11:04:08.886231,DONE,51.4234127,-2.671415,0.003,0.0
2026-03-17 11:04:10.710048,DONE,51.4234127,-2.671415,0.003,0.0
2026-03-17 11:04:12.561992,DONE,51.4234127,-2.671415,0.003,0.0
2026-03-17 11:04:14.458726,DONE,51.4234127,-2.671415,0.003,0.0
2026-03-17 11:04:16.454642,DONE,51.4234127,-2.671415,0.003,0.0
2026-03-17 11:04:18.326665,DONE,51.4234127,-2.671415,0.003,0.0
2026-03-17 11:04:20.138870,DONE,51.4234127,-2.671415,0.003,0.0
2026-03-17 11:04:21.965263,DONE,51.4234127,-2.671415,0.003,0.0
2026-03-17 11:04:23.724365,DONE,51.4234127,-2.6714149,0.003,0.0
2026-03-17 11:04:25.517765,DONE,51.4234127,-2.6714147,0.003,0.0
2026-03-17 11:04:27.288635,DONE,51.4234127,-2.6714147,0.002,0.0
2026-03-17 11:04:29.068791,DONE,51.4234127,-2.6714147,0.002,0.0
2026-03-17 11:04:30.866473,DONE,51.4234127,-2.6714146,0.003,0.0
2026-03-17 11:04:32.643010,DONE,51.4234127,-2.6714146,0.003,0.0
2026-03-17 11:04:34.402551,DONE,51.4234127,-2.6714146,0.003,0.0
2026-03-17 11:04:36.147348,DONE,51.4234127,-2.6714146,0.003,0.0
2026-03-17 11:04:38.088480,DONE,51.4234127,-2.6714146,0.003,0.0
2026-03-17 11:04:39.272336,DONE,51.4234127,-2.6714146,0.003,0.0
2026-03-17 11:04:41.113649,DONE,51.4234127,-2.6714146,0.003,0.0
2026-03-17 11:04:42.908459,DONE,51.4234127,-2.6714146,0.003,0.0
2026-03-17 11:04:44.850155,DONE,51.4234127,-2.6714146,0.003,0.0
2026-03-17 11:04:46.692343,DONE,51.4234127,-2.6714146,0.003,0.0
2026-03-17 11:04:48.532559,DONE,51.4234127,-2.6714146,0.003,0.0
2026-03-17 11:04:50.408773,DONE,51.4234127,-2.6714146,0.003,0.0
2026-03-17 11:04:52.254536,DONE,51.4234127,-2.6714146,0.003,0.0
2026-03-17 11:04:54.484060,DONE,51.4234127,-2.6714146,0.003,0.0
2026-03-17 11:04:55.765937,DONE,51.4234127,-2.6714146,0.003,0.0
2026-03-17 11:04:56.907194,DONE,51.4234127,-2.6714146,0.003,0.0
2026-03-17 11:04:57.911792,DONE,51.4234127,-2.6714146,0.003,0.0
2026-03-17 11:04:59.764197,DONE,51.4234127,-2.6714146,0.003,0.0
2026-03-17 11:05:01.817334,DONE,51.4234127,-2.6714146,0.003,0.0
2026-03-17 11:05:02.955485,DONE,51.4234127,-2.6714146,0.003,0.0
2026-03-17 11:05:04.774756,DONE,51.4234127,-2.6714146,0.003,0.0
2026-03-17 11:05:06.518294,DONE,51.4234127,-2.6714146,0.002,0.0
2026-03-17 11:05:08.206299,DONE,51.4234127,-2.6714146,0.003,0.0
2026-03-17 11:05:10.012516,DONE,51.4234127,-2.6714146,0.003,0.0
2026-03-17 11:05:11.732422,DONE,51.4234127,-2.6714146,0.003,0.0
2026-03-17 11:05:13.465392,DONE,51.4234127,-2.6714146,0.003,0.0
2026-03-17 11:05:15.207756,DONE,51.4234127,-2.6714146,0.003,0.0
2026-03-17 11:05:16.929105,DONE,51.4234127,-2.6714146,0.003,0.0
2026-03-17 11:05:18.657259,DONE,51.4234127,-2.6714146,0.003,0.0
2026-03-17 11:05:20.461144,DONE,51.4234127,-2.6714146,0.002,0.0
2026-03-17 11:05:22.105429,DONE,51.4234127,-2.6714146,0.003,0.0
2026-03-17 11:05:23.762448,DONE,51.4234127,-2.6714148,0.003,0.0
2026-03-17 11:05:25.445715,DONE,51.4234127,-2.6714149,0.003,0.0
2026-03-17 11:05:27.061558,DONE,51.4234127,-2.6714149,0.003,0.0
2026-03-17 11:05:28.761869,DONE,51.4234127,-2.671415,0.003,0.0
2026-03-17 11:05:30.439642,DONE,51.4234127,-2.671415,0.003,0.0
2026-03-17 11:05:32.061887,DONE,51.4234127,-2.671415,0.003,0.0
2026-03-17 11:05:33.676099,DONE,51.4234127,-2.671415,0.003,0.0
2026-03-17 11:05:35.325127,DONE,51.4234127,-2.671415,0.003,0.0
2026-03-17 11:05:36.956010,DONE,51.4234127,-2.671415,0.003,0.0
2026-03-17 11:05:38.592027,DONE,51.4234127,-2.671415,0.003,0.0
2026-03-17 11:05:40.243946,DONE,51.4234127,-2.671415,0.003,0.0
2026-03-17 11:05:41.869917,DONE,51.4234127,-2.671415,0.003,0.0
2026-03-17 11:05:43.560433,DONE,51.4234127,-2.671415,0.003,0.0
2026-03-17 11:05:45.247234,DONE,51.4234127,-2.671415,0.003,0.0
2026-03-17 11:05:46.909332,DONE,51.4234127,-2.671415,0.003,0.0
2026-03-17 11:05:48.524740,DONE,51.4234127,-2.671415,0.003,0.0
2026-03-17 11:05:50.201079,DONE,51.4234127,-2.671415,0.003,0.0
2026-03-17 11:05:51.799081,DONE,51.4234127,-2.671415,0.003,0.0
2026-03-17 11:05:53.457289,DONE,51.4234127,-2.671415,0.003,0.0
2026-03-17 11:05:55.451065,DONE,51.4234127,-2.671415,0.003,0.0
2026-03-17 11:05:57.199783,DONE,51.4234127,-2.671415,0.003,0.0
2026-03-17 11:05:58.807639,DONE,51.4234127,-2.671415,0.003,0.0
2026-03-17 11:06:00.556723,DONE,51.4234127,-2.671415,0.003,0.0
2026-03-17 11:06:02.252465,DONE,51.4234127,-2.671415,0.003,0.0
2026-03-17 11:06:03.890617,DONE,51.4234127,-2.671415,0.003,0.0
2026-03-17 11:06:05.629730,DONE,51.4234127,-2.671415,0.003,0.0
2026-03-17 11:06:07.360205,DONE,51.4234127,-2.671415,0.003,0.0
2026-03-17 11:06:08.968634,DONE,51.4234127,-2.671415,0.003,0.0
2026-03-17 11:06:10.701068,DONE,51.4234127,-2.671415,0.003,0.0
2026-03-17 11:06:12.308096,DONE,51.4234127,-2.671415,0.003,0.0
2026-03-17 11:06:13.863165,DONE,51.4234127,-2.671415,0.003,0.0
2026-03-17 11:06:15.612877,DONE,51.4234127,-2.671415,0.003,0.0
2026-03-17 11:06:17.336876,DONE,51.4234127,-2.671415,0.002,0.0
2026-03-17 11:06:18.948376,DONE,51.4234127,-2.671415,0.003,0.0
2026-03-17 11:06:20.618446,DONE,51.4234127,-2.671415,0.003,0.0
2026-03-17 11:06:22.289360,DONE,51.4234127,-2.671415,0.003,0.0
2026-03-17 11:06:23.981618,DONE,51.4234127,-2.6714148,0.003,0.0
2026-03-17 11:06:25.671296,DONE,51.4234127,-2.6714147,0.002,0.0
2026-03-17 11:06:27.296242,DONE,51.4234127,-2.6714147,0.003,0.0
2026-03-17 11:06:28.988756,DONE,51.4234127,-2.6714146,0.003,0.0
2026-03-17 11:06:30.796381,DONE,51.4234127,-2.6714146,0.003,0.0
2026-03-17 11:06:31.830477,DONE,51.4234127,-2.6714146,0.002,0.0
2026-03-17 11:06:32.877969,DONE,51.4234127,-2.6714146,0.003,0.0
2026-03-17 11:06:33.912904,DONE,51.4234127,-2.6714146,0.003,0.0
2026-03-17 11:06:34.985645,DONE,51.4234127,-2.6714146,0.003,0.0
2026-03-17 11:06:35.989377,DONE,51.4234127,-2.6714146,0.003,0.0
2026-03-17 11:06:37.958290,DONE,51.4234127,-2.6714146,0.003,0.0
2026-03-17 11:06:39.681946,DONE,51.4234127,-2.6714146,0.003,0.0
2026-03-17 11:06:41.397471,DONE,51.4234127,-2.6714146,0.003,0.0
2026-03-17 11:06:43.061273,DONE,51.4234127,-2.6714146,0.003,0.0
2026-03-17 11:06:45.008833,DONE,51.4234127,-2.6714146,0.003,0.0
2026-03-17 11:06:46.865308,DONE,51.4234127,-2.6714146,0.003,0.0
2026-03-17 11:06:48.614419,DONE,51.4234127,-2.6714146,0.002,0.0
2026-03-17 11:06:50.200513,DONE,51.4234127,-2.6714146,0.003,0.0
2026-03-17 11:06:51.863876,DONE,51.4234127,-2.6714146,0.003,0.0
2026-03-17 11:06:53.729015,DONE,51.4234127,-2.6714146,0.003,0.0
2026-03-17 11:06:54.775207,DONE,51.4234127,-2.6714146,0.003,0.0
2026-03-17 11:06:55.805620,DONE,51.4234127,-2.6714146,0.003,0.0
2026-03-17 11:06:56.859499,DONE,51.4234127,-2.6714146,0.003,0.0
2026-03-17 11:06:58.671293,DONE,51.4234127,-2.6714146,0.003,0.0
2026-03-17 11:07:00.591091,DONE,51.4234127,-2.6714146,0.003,0.0
2026-03-17 11:07:02.257787,DONE,51.4234127,-2.6714146,0.003,0.0
2026-03-17 11:07:03.982619,DONE,51.4234127,-2.6714146,0.003,0.0
2026-03-17 11:07:05.666034,DONE,51.4234127,-2.6714146,0.003,0.0
2026-03-17 11:07:07.330652,DONE,51.4234127,-2.6714146,0.003,0.0
2026-03-17 11:07:09.027407,DONE,51.4234127,-2.6714146,0.003,0.0
2026-03-17 11:07:10.779076,DONE,51.4234127,-2.6714146,0.003,0.0
2026-03-17 11:07:12.530285,DONE,51.4234127,-2.6714146,0.003,0.0
2026-03-17 11:07:14.254670,DONE,51.4234127,-2.6714146,0.003,0.0
2026-03-17 11:07:16.212620,DONE,51.4234127,-2.6714146,0.003,0.0
2026-03-17 11:07:17.961865,DONE,51.4234127,-2.6714146,0.003,0.0
2026-03-17 11:07:19.652372,DONE,51.4234127,-2.6714146,0.003,0.0
2026-03-17 11:07:21.336916,DONE,51.4234127,-2.6714146,0.003,0.0
2026-03-17 11:07:23.050492,DONE,51.4234127,-2.6714147,0.003,0.0
2026-03-17 11:07:24.759621,DONE,51.4234127,-2.6714148,0.003,0.0
2026-03-17 11:07:26.510037,DONE,51.4234127,-2.6714149,0.003,0.0
2026-03-17 11:07:28.168587,DONE,51.4234127,-2.6714149,0.003,0.0
2026-03-17 11:07:29.795198,DONE,51.4234127,-2.671415,0.003,0.0
2026-03-17 11:07:31.384326,DONE,51.4234127,-2.671415,0.003,0.0
2026-03-17 11:07:33.023922,DONE,51.4234127,-2.671415,0.003,0.0
2026-03-17 11:07:34.663088,DONE,51.4234127,-2.671415,0.003,0.0
2026-03-17 11:07:36.217018,DONE,51.4234127,-2.671415,0.003,0.0
2026-03-17 11:07:37.826870,DONE,51.4234127,-2.671415,0.003,0.0
2026-03-17 11:07:39.468534,DONE,51.4234127,-2.671415,0.003,0.0
2026-03-17 11:07:41.126248,DONE,51.4234127,-2.671415,0.003,0.0
2026-03-17 11:07:42.851228,DONE,51.4234127,-2.671415,0.003,0.0
2026-03-17 11:07:44.635230,DONE,51.4234127,-2.671415,0.003,0.0
2026-03-17 11:07:46.252487,DONE,51.4234127,-2.671415,0.003,0.0
2026-03-17 11:07:47.876537,DONE,51.4234127,-2.671415,0.003,0.0
2026-03-17 11:07:49.603016,DONE,51.4234127,-2.671415,0.003,0.0
2026-03-17 11:07:51.248966,DONE,51.4234127,-2.671415,0.003,0.0
2026-03-17 11:07:52.898453,DONE,51.4234127,-2.671415,0.003,0.0
2026-03-17 11:07:54.808766,DONE,51.4234127,-2.671415,0.003,0.0
2026-03-17 11:07:55.839328,DONE,51.4234127,-2.671415,0.003,0.0
2026-03-17 11:07:57.628816,DONE,51.4234127,-2.671415,0.003,0.0
2026-03-17 11:07:59.340816,DONE,51.4234127,-2.671415,0.003,0.0
2026-03-17 11:08:00.999234,DONE,51.4234127,-2.671415,0.003,0.0
2026-03-17 11:08:02.717708,DONE,51.4234127,-2.671415,0.003,0.0
2026-03-17 11:08:04.441552,DONE,51.4234127,-2.671415,0.003,0.0
2026-03-17 11:08:06.242190,DONE,51.4234127,-2.671415,0.003,0.0
2026-03-17 11:08:07.874231,DONE,51.4234127,-2.671415,0.003,0.0
2026-03-17 11:08:09.519711,DONE,51.4234127,-2.671415,0.003,0.0
2026-03-17 11:08:11.135677,DONE,51.4234127,-2.671415,0.003,0.0
2026-03-17 11:08:12.821650,DONE,51.4234127,-2.671415,0.003,0.0
2026-03-17 11:08:14.621117,DONE,51.4234127,-2.671415,0.003,0.0
2026-03-17 11:08:16.199942,DONE,51.4234127,-2.671415,0.003,0.0
2026-03-17 11:08:17.872116,DONE,51.4234127,-2.671415,0.003,0.0
2026-03-17 11:08:19.512626,DONE,51.4234127,-2.671415,0.003,0.0
2026-03-17 11:08:21.199152,DONE,51.4234127,-2.671415,0.003,0.0
2026-03-17 11:08:23.155263,DONE,51.4234127,-2.6714149,0.003,0.0
2026-03-17 11:08:24.936000,DONE,51.4234127,-2.6714148,0.003,0.0
2026-03-17 11:08:26.845125,DONE,51.4234127,-2.6714147,0.003,0.0
2026-03-17 11:08:28.482582,DONE,51.4234127,-2.6714146,0.002,0.0
2026-03-17 11:08:30.131547,DONE,51.4234127,-2.6714146,0.003,0.0
2026-03-17 11:08:31.701474,DONE,51.4234127,-2.6714146,0.002,0.0
2026-03-17 11:08:33.295369,DONE,51.4234127,-2.6714146,0.003,0.0
2026-03-17 11:08:34.897846,DONE,51.4234127,-2.6714146,0.003,0.0
2026-03-17 11:08:36.592713,DONE,51.4234127,-2.6714146,0.003,0.0
2026-03-17 11:08:38.212156,DONE,51.4234127,-2.6714146,0.003,0.0
2026-03-17 11:08:39.905986,DONE,51.4234127,-2.6714146,0.003,0.0
2026-03-17 11:08:41.572987,DONE,51.4234127,-2.6714146,0.003,0.0
2026-03-17 11:08:43.296515,DONE,51.4234127,-2.6714146,0.003,0.0
2026-03-17 11:08:44.951951,DONE,51.4234127,-2.6714146,0.003,0.0
2026-03-17 11:08:46.542444,DONE,51.4234127,-2.6714146,0.003,0.0
2026-03-17 11:08:48.156096,DONE,51.4234127,-2.6714146,0.003,0.0
2026-03-17 11:08:49.769204,DONE,51.4234127,-2.6714146,0.002,0.0
2026-03-17 11:08:51.331700,DONE,51.4234127,-2.6714146,0.003,0.0
2026-03-17 11:08:53.059716,DONE,51.4234127,-2.6714146,0.003,0.0
2026-03-17 11:08:55.208556,DONE,51.4234127,-2.6714146,0.003,0.0
2026-03-17 11:08:56.263065,DONE,51.4234127,-2.6714146,0.003,0.0
2026-03-17 11:08:57.915408,DONE,51.4234127,-2.6714146,0.003,0.0
2026-03-17 11:08:59.859823,DONE,51.4234127,-2.6714146,0.003,0.0
2026-03-17 11:09:00.861256,DONE,51.4234127,-2.6714146,0.003,0.0
2026-03-17 11:09:02.572414,DONE,51.4234127,-2.6714146,0.003,0.0
2026-03-17 11:09:04.354344,DONE,51.4234127,-2.6714146,0.003,0.0
2026-03-17 11:09:06.079485,DONE,51.4234127,-2.6714146,0.003,0.0
2026-03-17 11:09:07.646752,DONE,51.4234127,-2.6714146,0.003,0.0
2026-03-17 11:09:09.277421,DONE,51.4234127,-2.6714146,0.003,0.0
2026-03-17 11:09:11.012383,DONE,51.4234127,-2.6714146,0.003,0.0
2026-03-17 11:09:12.966192,DONE,51.4234127,-2.6714146,0.003,0.0
2026-03-17 11:09:14.082609,DONE,51.4234127,-2.6714146,0.003,0.0
2026-03-17 11:09:15.150805,DONE,51.4234127,-2.6714146,0.003,0.0
2026-03-17 11:09:16.209627,DONE,51.4234127,-2.6714146,0.003,0.0
2026-03-17 11:09:17.990215,DONE,51.4234127,-2.6714146,0.003,0.0
2026-03-17 11:09:19.672795,DONE,51.4234127,-2.6714146,0.003,0.0
2026-03-17 11:09:21.257305,DONE,51.4234127,-2.6714146,0.003,0.0
2026-03-17 11:09:22.933211,DONE,51.4234127,-2.6714147,0.003,0.0
2026-03-17 11:09:24.608374,DONE,51.4234127,-2.6714148,0.003,0.0
2026-03-17 11:09:26.229992,DONE,51.4234127,-2.6714149,0.003,0.0
2026-03-17 11:09:27.840594,DONE,51.4234127,-2.6714149,0.003,0.0
2026-03-17 11:09:29.513802,DONE,51.4234127,-2.671415,0.003,0.0
2026-03-17 11:09:31.082970,DONE,51.4234127,-2.671415,0.003,0.0
2026-03-17 11:09:32.794034,DONE,51.4234127,-2.671415,0.003,0.0
2026-03-17 11:09:34.438485,DONE,51.4234127,-2.671415,0.003,0.0
2026-03-17 11:09:36.017232,DONE,51.4234127,-2.671415,0.003,0.0
2026-03-17 11:09:37.648649,DONE,51.4234127,-2.671415,0.003,0.0
2026-03-17 11:09:39.286714,DONE,51.4234127,-2.671415,0.003,0.0
2026-03-17 11:09:40.925845,DONE,51.4234127,-2.671415,0.003,0.0
2026-03-17 11:09:42.652789,DONE,51.4234127,-2.671415,0.003,0.0
2026-03-17 11:09:44.262092,DONE,51.4234127,-2.671415,0.003,0.0
2026-03-17 11:09:46.121572,DONE,51.4234127,-2.671415,0.003,0.0
2026-03-17 11:09:47.734448,DONE,51.4234127,-2.671415,0.003,0.0
2026-03-17 11:09:49.348024,DONE,51.4234127,-2.671415,0.003,0.0
2026-03-17 11:09:51.233766,DONE,51.4234127,-2.671415,0.003,0.0
2026-03-17 11:09:53.000848,DONE,51.4234127,-2.671415,0.003,0.0
2026-03-17 11:09:54.917057,DONE,51.4234127,-2.671415,0.003,0.0
2026-03-17 11:09:56.816593,DONE,51.4234127,-2.671415,0.003,0.0
2026-03-17 11:09:58.438708,DONE,51.4234127,-2.671415,0.003,0.0
2026-03-17 11:10:00.126629,DONE,51.4234127,-2.671415,0.003,0.0
2026-03-17 11:10:01.907382,DONE,51.4234127,-2.671415,0.003,0.0
2026-03-17 11:10:03.539265,DONE,51.4234127,-2.671415,0.003,0.0
2026-03-17 11:10:05.186178,DONE,51.4234127,-2.671415,0.003,0.0
2026-03-17 11:10:06.822177,DONE,51.4234127,-2.671415,0.003,0.0
2026-03-17 11:10:08.409508,DONE,51.4234127,-2.671415,0.003,0.0
2026-03-17 11:10:10.169930,DONE,51.4234127,-2.671415,0.003,0.0
2026-03-17 11:10:11.820412,DONE,51.4234127,-2.671415,0.003,0.0
2026-03-17 11:10:13.424470,DONE,51.4234127,-2.671415,0.003,0.0
2026-03-17 11:10:15.019153,DONE,51.4234127,-2.671415,0.003,0.0
2026-03-17 11:10:16.851434,DONE,51.4234127,-2.671415,0.003,0.0
2026-03-17 11:10:18.471706,DONE,51.4234127,-2.671415,0.003,0.0
2026-03-17 11:10:20.096879,DONE,51.4234127,-2.671415,0.004,0.0
2026-03-17 11:10:21.904045,DONE,51.4234127,-2.671415,0.003,0.0
2026-03-17 11:10:23.635227,DONE,51.4234127,-2.6714148,0.002,0.0
2026-03-17 11:10:25.265877,DONE,51.4234127,-2.6714147,0.002,0.0
2026-03-17 11:10:27.005585,DONE,51.4234127,-2.6714147,0.003,0.0
2026-03-17 11:10:28.701546,DONE,51.4234127,-2.6714146,0.003,0.0
2026-03-17 11:10:30.371887,DONE,51.4234127,-2.6714146,0.003,0.0
2026-03-17 11:10:31.994014,DONE,51.4234127,-2.6714146,0.003,0.0
2026-03-17 11:10:33.624008,DONE,51.4234127,-2.6714146,0.003,0.0
2026-03-17 11:10:35.383748,DONE,51.4234127,-2.6714146,0.003,0.0
2026-03-17 11:10:37.021450,DONE,51.4234127,-2.6714146,0.003,0.0
2026-03-17 11:10:38.930973,DONE,51.4234127,-2.6714146,0.002,0.0
2026-03-17 11:10:40.627725,DONE,51.4234127,-2.6714146,0.002,0.0
2026-03-17 11:10:42.379037,DONE,51.4234127,-2.6714146,0.003,0.0
2026-03-17 11:10:44.044157,DONE,51.4234127,-2.6714146,0.003,0.0
2026-03-17 11:10:45.702829,DONE,51.4234127,-2.6714146,0.003,0.0
2026-03-17 11:10:47.368567,DONE,51.4234127,-2.6714146,0.003,0.0
2026-03-17 11:10:48.941338,DONE,51.4234127,-2.6714146,0.003,0.0
2026-03-17 11:10:50.580466,DONE,51.4234127,-2.6714146,0.003,0.0
2026-03-17 11:10:52.149240,DONE,51.4234127,-2.6714146,0.003,0.0
2026-03-17 11:10:53.789461,DONE,51.4234127,-2.6714146,0.003,0.0
2026-03-17 11:10:55.692006,DONE,51.4234127,-2.6714146,0.003,0.0
2026-03-17 11:10:57.342188,DONE,51.4234127,-2.6714146,0.002,0.0
2026-03-17 11:10:58.900875,DONE,51.4234127,-2.6714146,0.003,0.0
2026-03-17 11:11:00.505129,DONE,51.4234127,-2.6714146,0.003,0.0
2026-03-17 11:11:02.097196,DONE,51.4234127,-2.6714146,0.003,0.0
2026-03-17 11:11:03.681351,DONE,51.4234127,-2.6714146,0.003,0.0
2026-03-17 11:11:05.351503,DONE,51.4234127,-2.6714146,0.003,0.0
2026-03-17 11:11:07.084645,DONE,51.4234127,-2.6714146,0.003,0.0
2026-03-17 11:11:08.603862,DONE,51.4234127,-2.6714146,0.003,0.0
2026-03-17 11:11:10.156158,DONE,51.4234127,-2.6714146,0.003,0.0
2026-03-17 11:11:11.671227,DONE,51.4234127,-2.6714146,0.003,0.0
2026-03-17 11:11:13.181336,DONE,51.4234127,-2.6714146,0.002,0.0
2026-03-17 11:11:14.772553,DONE,51.4234127,-2.6714146,0.003,0.0
2026-03-17 11:11:16.305988,DONE,51.4234127,-2.6714146,0.003,0.0
2026-03-17 11:11:17.849723,DONE,51.4234127,-2.6714146,0.002,0.0
2026-03-17 11:11:19.423110,DONE,51.4234127,-2.6714146,0.003,0.0
2026-03-17 11:11:20.964517,DONE,51.4234127,-2.6714146,0.003,0.0
2026-03-17 11:11:22.499647,DONE,51.4234127,-2.6714147,0.003,0.0
2026-03-17 11:11:24.000397,DONE,51.4234127,-2.6714148,0.003,0.0
2026-03-17 11:11:25.719677,DONE,51.4234127,-2.6714149,0.003,0.0
2026-03-17 11:11:27.247465,DONE,51.4234127,-2.6714149,0.003,0.0
2026-03-17 11:11:28.778255,DONE,51.4234127,-2.671415,0.003,0.0
2026-03-17 11:11:30.295414,DONE,51.4234127,-2.671415,0.003,0.0
2026-03-17 11:11:31.798053,DONE,51.4234127,-2.671415,0.003,0.0
2026-03-17 11:11:33.336381,DONE,51.4234127,-2.671415,0.003,0.0
2026-03-17 11:11:34.834900,DONE,51.4234127,-2.671415,0.003,0.0
2026-03-17 11:11:36.582116,DONE,51.4234127,-2.671415,0.003,0.0
2026-03-17 11:11:38.460808,DONE,51.4234127,-2.671415,0.003,0.0
2026-03-17 11:11:40.034491,DONE,51.4234127,-2.671415,0.003,0.0
2026-03-17 11:11:41.551817,DONE,51.4234127,-2.671415,0.003,0.0
2026-03-17 11:11:43.045068,DONE,51.4234127,-2.671415,0.003,0.0
2026-03-17 11:11:44.583592,DONE,51.4234127,-2.671415,0.003,0.0
2026-03-17 11:11:46.125659,DONE,51.4234127,-2.671415,0.003,0.0
2026-03-17 11:11:47.685312,DONE,51.4234127,-2.671415,0.003,0.0
2026-03-17 11:11:49.175132,DONE,51.4234127,-2.671415,0.003,0.0
2026-03-17 11:11:50.716862,DONE,51.4234127,-2.671415,0.003,0.0
2026-03-17 11:11:52.222120,DONE,51.4234127,-2.671415,0.003,0.0
2026-03-17 11:11:53.863105,DONE,51.4234127,-2.671415,0.003,0.0
2026-03-17 11:11:55.637670,DONE,51.4234127,-2.671415,0.003,0.0
2026-03-17 11:11:57.253070,DONE,51.4234127,-2.671415,0.003,0.0
2026-03-17 11:11:58.806406,DONE,51.4234127,-2.671415,0.003,0.0
2026-03-17 11:12:00.415626,DONE,51.4234127,-2.671415,0.003,0.0
2026-03-17 11:12:01.971599,DONE,51.4234127,-2.671415,0.003,0.0
2026-03-17 11:12:03.575438,DONE,51.4234127,-2.671415,0.003,0.0
2026-03-17 11:12:05.152006,DONE,51.4234127,-2.671415,0.003,0.0
2026-03-17 11:12:06.706751,DONE,51.4234127,-2.671415,0.003,0.0
2026-03-17 11:12:08.220003,DONE,51.4234127,-2.671415,0.003,0.0
2026-03-17 11:12:09.740323,DONE,51.4234127,-2.671415,0.003,0.0
2026-03-17 11:12:11.231959,DONE,51.4234127,-2.671415,0.003,0.0
2026-03-17 11:12:12.732899,DONE,51.4234127,-2.671415,0.003,0.0
2026-03-17 11:12:14.294568,DONE,51.4234127,-2.671415,0.003,0.0
2026-03-17 11:12:15.815350,DONE,51.4234127,-2.671415,0.003,0.0
2026-03-17 11:12:17.324701,DONE,51.4234127,-2.671415,0.003,0.0
2026-03-17 11:12:18.878031,DONE,51.4234127,-2.671415,0.002,0.0
2026-03-17 11:12:20.493670,DONE,51.4234127,-2.671415,0.002,0.0
2026-03-17 11:12:22.215903,DONE,51.4234127,-2.6714149,0.003,0.0
2026-03-17 11:12:23.734130,DONE,51.4234127,-2.6714148,0.003,0.0
2026-03-17 11:12:25.282189,DONE,51.4234127,-2.6714147,0.003,0.0
2026-03-17 11:12:26.860500,DONE,51.4234127,-2.6714147,0.003,0.0
2026-03-17 11:12:28.406777,DONE,51.4234127,-2.6714146,0.003,0.0
2026-03-17 11:12:29.988181,DONE,51.4234127,-2.6714146,0.003,0.0
2026-03-17 11:12:31.564981,DONE,51.4234127,-2.6714146,0.003,0.0
2026-03-17 11:12:33.041870,DONE,51.4234127,-2.6714146,0.003,0.0
2026-03-17 11:12:34.658833,DONE,51.4234127,-2.6714146,0.003,0.0
2026-03-17 11:12:36.185444,DONE,51.4234127,-2.6714146,0.002,0.0
2026-03-17 11:12:37.774276,DONE,51.4234127,-2.6714146,0.003,0.0
2026-03-17 11:12:39.425003,DONE,51.4234127,-2.6714146,0.003,0.0
2026-03-17 11:12:41.023407,DONE,51.4234127,-2.6714146,0.003,0.0
2026-03-17 11:12:42.587228,DONE,51.4234127,-2.6714146,0.003,0.0
2026-03-17 11:12:44.111392,DONE,51.4234127,-2.6714146,0.003,0.0
2026-03-17 11:12:45.721153,DONE,51.4234127,-2.6714146,0.003,0.0
2026-03-17 11:12:47.261509,DONE,51.4234127,-2.6714146,0.002,0.0
2026-03-17 11:12:48.811183,DONE,51.4234127,-2.6714146,0.002,0.0
2026-03-17 11:12:50.402620,DONE,51.4234127,-2.6714146,0.003,0.0
2026-03-17 11:12:51.912369,DONE,51.4234127,-2.6714146,0.003,0.0
2026-03-17 11:12:53.469125,DONE,51.4234127,-2.6714146,0.003,0.0
2026-03-17 11:12:55.281287,DONE,51.4234127,-2.6714146,0.003,0.0
2026-03-17 11:12:56.939280,DONE,51.4234127,-2.6714146,0.003,0.0
2026-03-17 11:12:58.441303,DONE,51.4234127,-2.6714146,0.003,0.0
2026-03-17 11:13:00.047690,DONE,51.4234127,-2.6714146,0.003,0.0
2026-03-17 11:13:01.576758,DONE,51.4234127,-2.6714146,0.003,0.0
2026-03-17 11:13:03.121051,DONE,51.4234127,-2.6714146,0.003,0.0
2026-03-17 11:13:04.674844,DONE,51.4234127,-2.6714146,0.003,0.0
2026-03-17 11:13:06.229174,DONE,51.4234127,-2.6714146,0.003,0.0
2026-03-17 11:13:07.749158,DONE,51.4234127,-2.6714146,0.002,0.0
2026-03-17 11:13:09.506065,DONE,51.4234127,-2.6714146,0.003,0.0
2026-03-17 11:13:11.098037,DONE,51.4234127,-2.6714146,0.003,0.0
2026-03-17 11:13:12.681014,DONE,51.4234127,-2.6714146,0.002,0.0
2026-03-17 11:13:14.206861,DONE,51.4234127,-2.6714146,0.003,0.0
2026-03-17 11:13:15.768213,DONE,51.4234127,-2.6714146,0.003,0.0
2026-03-17 11:13:17.291057,DONE,51.4234127,-2.6714146,0.003,0.0
2026-03-17 11:13:18.868652,DONE,51.4234127,-2.6714146,0.003,0.0
2026-03-17 11:13:20.483909,DONE,51.4234127,-2.6714146,0.003,0.0
2026-03-17 11:13:22.042527,DONE,51.4234127,-2.6714147,0.003,0.0
2026-03-17 11:13:23.740654,DONE,51.4234127,-2.6714148,0.003,0.0
2026-03-17 11:13:25.476511,DONE,51.4234127,-2.6714149,0.003,0.0
2026-03-17 11:13:27.128716,DONE,51.4234127,-2.6714149,0.003,0.0
2026-03-17 11:13:28.735228,DONE,51.4234127,-2.671415,0.003,0.0
2026-03-17 11:13:30.405364,DONE,51.4234127,-2.671415,0.003,0.0
2026-03-17 11:13:31.988836,DONE,51.4234127,-2.671415,0.003,0.0
2026-03-17 11:13:33.507155,DONE,51.4234127,-2.671415,0.003,0.0
2026-03-17 11:13:35.100883,DONE,51.4234127,-2.671415,0.003,0.0
2026-03-17 11:13:36.724581,DONE,51.4234127,-2.671415,0.003,0.0
2026-03-17 11:13:38.288577,DONE,51.4234127,-2.671415,0.003,0.0
2026-03-17 11:13:39.877509,DONE,51.4234127,-2.671415,0.003,0.0
2026-03-17 11:13:41.448464,DONE,51.4234127,-2.671415,0.003,0.0
2026-03-17 11:13:42.979419,DONE,51.4234127,-2.671415,0.003,0.0
2026-03-17 11:13:44.587650,DONE,51.4234127,-2.671415,0.003,0.0
2026-03-17 11:13:45.628305,DONE,51.4234127,-2.671415,0.003,0.0
2026-03-17 11:13:47.290818,DONE,51.4234127,-2.671415,0.003,0.0
2026-03-17 11:13:48.801318,DONE,51.4234127,-2.671415,0.003,0.0
2026-03-17 11:13:50.420963,DONE,51.4234127,-2.671415,0.003,0.0
2026-03-17 11:13:52.043146,DONE,51.4234127,-2.671415,0.003,0.0
2026-03-17 11:13:53.633623,DONE,51.4234127,-2.671415,0.003,0.0
2026-03-17 11:13:55.456322,DONE,51.4234127,-2.671415,0.003,0.0
2026-03-17 11:13:57.067419,DONE,51.4234127,-2.671415,0.003,0.0
2026-03-17 11:13:58.550876,DONE,51.4234127,-2.671415,0.003,0.0
2026-03-17 11:14:00.121302,DONE,51.4234127,-2.671415,0.003,0.0
2026-03-17 11:14:02.060855,DONE,51.4234127,-2.671415,0.003,0.0
2026-03-17 11:14:03.324599,DONE,51.4234127,-2.671415,0.003,0.0
2026-03-17 11:14:04.472626,DONE,51.4234127,-2.671415,0.003,0.0
2026-03-17 11:14:05.628241,DONE,51.4234127,-2.671415,0.003,0.0
2026-03-17 11:14:06.741153,DONE,51.4234127,-2.671415,0.003,0.0
2026-03-17 11:14:07.762510,DONE,51.4234127,-2.671415,0.003,0.0
2026-03-17 11:14:09.607684,DONE,51.4234127,-2.671415,0.003,0.0
2026-03-17 11:14:11.290156,DONE,51.4234127,-2.671415,0.003,0.0
2026-03-17 11:14:13.137338,DONE,51.4234127,-2.671415,0.003,0.0
2026-03-17 11:14:14.952007,DONE,51.4234127,-2.671415,0.003,0.0
2026-03-17 11:14:16.869486,DONE,51.4234127,-2.671415,0.003,0.0
2026-03-17 11:14:18.666986,DONE,51.4234127,-2.671415,0.003,0.0
2026-03-17 11:14:20.576019,DONE,51.4234127,-2.671415,0.003,0.0
2026-03-17 11:14:22.238670,DONE,51.4234127,-2.6714149,0.002,0.0
2026-03-17 11:14:23.791189,DONE,51.4234127,-2.6714148,0.003,0.0
2026-03-17 11:14:25.392885,DONE,51.4234127,-2.6714147,0.003,0.0
2026-03-17 11:14:26.949629,DONE,51.4234127,-2.6714147,0.003,0.0
2026-03-17 11:14:28.471677,DONE,51.4234127,-2.6714146,0.003,0.0
2026-03-17 11:14:30.055975,DONE,51.4234127,-2.6714146,0.003,0.0
2026-03-17 11:14:31.711018,DONE,51.4234127,-2.6714146,0.003,0.0
2026-03-17 11:14:33.256198,DONE,51.4234127,-2.6714146,0.003,0.0
2026-03-17 11:14:34.827906,DONE,51.4234127,-2.6714146,0.003,0.0
2026-03-17 11:14:36.372241,DONE,51.4234127,-2.6714146,0.003,0.0
2026-03-17 11:14:37.908822,DONE,51.4234127,-2.6714146,0.003,0.0
2026-03-17 11:14:39.496498,DONE,51.4234127,-2.6714146,0.003,0.0
2026-03-17 11:14:41.033526,DONE,51.4234127,-2.6714146,0.003,0.0
2026-03-17 11:14:42.565464,DONE,51.4234127,-2.6714146,0.003,0.0
2026-03-17 11:14:44.134770,DONE,51.4234127,-2.6714146,0.003,0.0
2026-03-17 11:14:45.750338,DONE,51.4234127,-2.6714146,0.003,0.0
2026-03-17 11:14:47.297364,DONE,51.4234127,-2.6714146,0.003,0.0
2026-03-17 11:14:49.117633,DONE,51.4234127,-2.6714146,0.002,0.0
2026-03-17 11:14:50.136704,DONE,51.4234127,-2.6714146,0.003,0.0
2026-03-17 11:14:52.158957,DONE,51.4234127,-2.6714146,0.002,0.0
2026-03-17 11:14:53.987431,DONE,51.4234127,-2.6714146,0.003,0.0
2026-03-17 11:14:55.765833,DONE,51.4234127,-2.6714146,0.003,0.0
2026-03-17 11:14:57.232755,DONE,51.4234127,-2.6714146,0.003,0.0
2026-03-17 11:14:58.704593,DONE,51.4234127,-2.6714146,0.003,0.0
2026-03-17 11:15:00.405445,DONE,51.4234127,-2.6714146,0.003,0.0
2026-03-17 11:15:01.936519,DONE,51.4234127,-2.6714146,0.003,0.0
2026-03-17 11:15:04.024887,DONE,51.4234127,-2.6714146,0.003,0.0
2026-03-17 11:15:05.431455,DONE,51.4234127,-2.6714146,0.003,0.0
2026-03-17 11:15:06.772865,DONE,51.4234127,-2.6714146,0.003,0.0
2026-03-17 11:15:07.878787,DONE,51.4234127,-2.6714146,0.003,0.0
2026-03-17 11:15:09.906497,DONE,51.4234127,-2.6714146,0.003,0.0
2026-03-17 11:15:11.771986,DONE,51.4234127,-2.6714146,0.003,0.0
2026-03-17 11:15:13.589776,DONE,51.4234127,-2.6714146,0.003,0.0
2026-03-17 11:15:15.552197,DONE,51.4234127,-2.6714146,0.003,0.0
2026-03-17 11:15:17.541755,DONE,51.4234127,-2.6714146,0.003,0.0
2026-03-17 11:15:19.492345,DONE,51.4234127,-2.6714146,0.003,0.0
2026-03-17 11:15:21.395351,DONE,51.4234127,-2.6714146,0.003,0.0
2026-03-17 11:15:23.228660,DONE,51.4234127,-2.6714148,0.003,0.0
2026-03-17 11:15:25.075899,DONE,51.4234127,-2.6714149,0.003,0.0
2026-03-17 11:15:26.897238,DONE,51.4234127,-2.6714149,0.003,0.0
2026-03-17 11:15:28.750941,DONE,51.4234127,-2.671415,0.003,0.0
2026-03-17 11:15:29.847723,DONE,51.4234127,-2.671415,0.003,0.0
2026-03-17 11:15:31.040411,DONE,51.4234127,-2.671415,0.003,0.0
2026-03-17 11:15:32.391301,DONE,51.4234127,-2.671415,0.003,0.0
2026-03-17 11:15:33.475019,DONE,51.4234127,-2.671415,0.003,0.0
2026-03-17 11:15:34.648710,DONE,51.4234127,-2.671415,0.003,0.0
2026-03-17 11:15:35.754309,DONE,51.4234127,-2.671415,0.003,0.0
2026-03-17 11:15:37.101723,DONE,51.4234127,-2.671415,0.003,0.0
2026-03-17 11:15:38.451634,DONE,51.4234127,-2.671415,0.003,0.0
2026-03-17 11:15:40.584086,DONE,51.4234127,-2.671415,0.002,0.0
2026-03-17 11:15:42.502652,DONE,51.4234127,-2.671415,0.003,0.0
2026-03-17 11:15:44.662703,DONE,51.4234127,-2.671415,0.003,0.0
2026-03-17 11:15:46.070930,DONE,51.4234127,-2.671415,0.003,0.0
2026-03-17 11:15:47.226319,DONE,51.4234127,-2.671415,0.003,0.0
2026-03-17 11:15:48.445424,DONE,51.4234127,-2.671415,0.003,0.0
2026-03-17 11:15:49.713532,DONE,51.4234127,-2.671415,0.003,0.0
2026-03-17 11:15:50.779580,DONE,51.4234127,-2.671415,0.003,0.0
2026-03-17 11:15:51.867464,DONE,51.4234127,-2.671415,0.003,0.0
2026-03-17 11:15:52.943018,DONE,51.4234127,-2.671415,0.003,0.0
2026-03-17 11:15:54.056536,DONE,51.4234127,-2.671415,0.003,0.0
2026-03-17 11:15:55.220358,DONE,51.4234127,-2.671415,0.003,0.0
2026-03-17 11:15:56.372683,DONE,51.4234127,-2.671415,0.003,0.0
2026-03-17 11:15:57.378709,DONE,51.4234127,-2.671415,0.003,0.0
2026-03-17 11:15:58.396714,DONE,51.4234127,-2.671415,0.003,0.0
2026-03-17 11:15:59.479433,DONE,51.4234127,-2.671415,0.003,0.0
2026-03-17 11:16:00.534524,DONE,51.4234127,-2.671415,0.003,0.0
2026-03-17 11:16:01.624813,DONE,51.4234127,-2.671415,0.003,0.0
2026-03-17 11:16:02.641638,DONE,51.4234127,-2.671415,0.003,0.0
2026-03-17 11:16:03.645472,DONE,51.4234127,-2.671415,0.003,0.0
2026-03-17 11:16:04.721997,DONE,51.4234127,-2.671415,0.002,0.0
2026-03-17 11:16:05.844913,DONE,51.4234127,-2.671415,0.003,0.0
2026-03-17 11:16:07.054500,DONE,51.4234127,-2.671415,0.003,0.0
2026-03-17 11:16:08.198558,DONE,51.4234127,-2.671415,0.003,0.0
2026-03-17 11:16:09.470068,DONE,51.4234127,-2.671415,0.003,0.0
2026-03-17 11:16:10.825968,DONE,51.4234127,-2.671415,0.003,0.0
2026-03-17 11:16:12.027507,DONE,51.4234127,-2.671415,0.003,0.0
2026-03-17 11:16:13.226817,DONE,51.4234127,-2.671415,0.003,0.0
2026-03-17 11:16:14.407544,DONE,51.4234127,-2.671415,0.003,0.0
2026-03-17 11:16:15.519122,DONE,51.4234127,-2.671415,0.003,0.0
2026-03-17 11:16:16.588050,DONE,51.4234127,-2.671415,0.003,0.0
2026-03-17 11:16:17.616685,DONE,51.4234127,-2.671415,0.003,0.0
2026-03-17 11:16:18.665929,DONE,51.4234127,-2.671415,0.003,0.0
2026-03-17 11:16:19.927039,DONE,51.4234127,-2.671415,0.003,0.0
2026-03-17 11:16:21.171717,DONE,51.4234127,-2.671415,0.002,0.0
2026-03-17 11:16:22.295982,DONE,51.4234127,-2.6714149,0.003,0.0
2026-03-17 11:16:23.425603,DONE,51.4234127,-2.6714148,0.003,0.0
2026-03-17 11:16:24.639951,DONE,51.4234127,-2.6714148,0.003,0.0
2026-03-17 11:16:25.949755,DONE,51.4234127,-2.6714147,0.002,0.0
2026-03-17 11:16:27.197510,DONE,51.4234127,-2.6714147,0.002,0.0
2026-03-17 11:16:28.802171,DONE,51.4234127,-2.6714146,0.003,0.0
2026-03-17 11:16:30.355653,DONE,51.4234127,-2.6714146,0.003,0.0
2026-03-17 11:16:31.671362,DONE,51.4234127,-2.6714146,0.003,0.0
2026-03-17 11:16:32.937745,DONE,51.4234127,-2.6714146,0.003,0.0
2026-03-17 11:16:34.104690,DONE,51.4234127,-2.6714146,0.003,0.0
2026-03-17 11:16:35.260505,DONE,51.4234127,-2.6714146,0.003,0.0
2026-03-17 11:16:36.364931,DONE,51.4234127,-2.6714146,0.003,0.0
2026-03-17 11:16:37.478577,DONE,51.4234127,-2.6714146,0.003,0.0
2026-03-17 11:16:38.565746,DONE,51.4234127,-2.6714146,0.003,0.0
2026-03-17 11:16:39.782458,DONE,51.4234127,-2.6714146,0.003,0.0
2026-03-17 11:16:40.803963,DONE,51.4234127,-2.6714146,0.003,0.0
2026-03-17 11:16:42.628873,DONE,51.4234127,-2.6714146,0.003,0.0
2026-03-17 11:16:44.301956,DONE,51.4234127,-2.6714146,0.003,0.0
2026-03-17 11:16:46.072700,DONE,51.4234127,-2.6714146,0.003,0.0
2026-03-17 11:16:48.053840,DONE,51.4234127,-2.6714146,0.003,0.0
2026-03-17 11:16:49.082622,DONE,51.4234127,-2.6714146,0.002,0.0
2026-03-17 11:16:50.123503,DONE,51.4234127,-2.6714146,0.003,0.0
2026-03-17 11:16:51.142052,DONE,51.4234127,-2.6714146,0.003,0.0
2026-03-17 11:16:53.233461,DONE,51.4234127,-2.6714146,0.003,0.0
2026-03-17 11:16:54.407536,DONE,51.4234127,-2.6714146,0.003,0.0
2026-03-17 11:16:55.619382,DONE,51.4234127,-2.6714146,0.003,0.0
2026-03-17 11:16:56.683785,DONE,51.4234127,-2.6714146,0.003,0.0
2026-03-17 11:16:57.756663,DONE,51.4234127,-2.6714146,0.003,0.0
2026-03-17 11:16:58.798946,DONE,51.4234127,-2.6714146,0.003,0.0
2026-03-17 11:16:59.867401,DONE,51.4234127,-2.6714146,0.003,0.0
2026-03-17 11:17:01.963907,DONE,51.4234127,-2.6714146,0.003,0.0
2026-03-17 11:17:03.015401,DONE,51.4234127,-2.6714146,0.003,0.0
2026-03-17 11:17:04.413328,DONE,51.4234127,-2.6714146,0.003,0.0
2026-03-17 11:17:05.681881,DONE,51.4234127,-2.6714146,0.003,0.0
2026-03-17 11:17:07.598386,DONE,51.4234127,-2.6714146,0.002,0.0
2026-03-17 11:17:09.082626,DONE,51.4234127,-2.6714146,0.003,0.0
2026-03-17 11:17:10.978165,DONE,51.4234127,-2.6714146,0.003,0.0
2026-03-17 11:17:12.519894,DONE,51.4234127,-2.6714146,0.003,0.0
2026-03-17 11:17:13.957600,DONE,51.4234127,-2.6714146,0.003,0.0
2026-03-17 11:17:15.457691,DONE,51.4234127,-2.6714146,0.003,0.0
2026-03-17 11:17:16.722350,DONE,51.4234127,-2.6714146,0.002,0.0
2026-03-17 11:17:18.003858,DONE,51.4234127,-2.6714146,0.002,0.0
2026-03-17 11:17:19.203406,DONE,51.4234127,-2.6714146,0.002,0.0
2026-03-17 11:17:20.380950,DONE,51.4234127,-2.6714146,0.003,0.0
2026-03-17 11:17:21.410732,DONE,51.4234127,-2.6714146,0.003,0.0
2026-03-17 11:17:22.482089,DONE,51.4234127,-2.6714147,0.003,0.0
2026-03-17 11:17:23.505999,DONE,51.4234127,-2.6714148,0.003,0.0
2026-03-17 11:17:24.534572,DONE,51.4234127,-2.6714148,0.003,0.0
2026-03-17 11:17:25.535907,DONE,51.4234127,-2.6714149,0.003,0.0
2026-03-17 11:17:26.579618,DONE,51.4234127,-2.6714149,0.003,0.0
2026-03-17 11:17:27.687045,DONE,51.4234127,-2.6714149,0.003,0.0
2026-03-17 11:17:28.794719,DONE,51.4234127,-2.671415,0.003,0.0
2026-03-17 11:17:29.838333,DONE,51.4234127,-2.671415,0.003,0.0
2026-03-17 11:17:31.109118,DONE,51.4234127,-2.671415,0.003,0.0
2026-03-17 11:17:32.284239,DONE,51.4234127,-2.671415,0.003,0.0
2026-03-17 11:17:33.285088,DONE,51.4234127,-2.671415,0.003,0.0
2026-03-17 11:17:34.393540,DONE,51.4234127,-2.671415,0.003,0.0
2026-03-17 11:17:35.537421,DONE,51.4234127,-2.671415,0.003,0.0
2026-03-17 11:17:36.752971,DONE,51.4234127,-2.671415,0.003,0.0
2026-03-17 11:17:37.868402,DONE,51.4234127,-2.671415,0.003,0.0
2026-03-17 11:17:39.066581,DONE,51.4234127,-2.671415,0.003,0.0
2026-03-17 11:17:40.159669,DONE,51.4234127,-2.671415,0.003,0.0
2026-03-17 11:17:41.952150,DONE,51.4234127,-2.671415,0.003,0.0
2026-03-17 11:17:43.646035,DONE,51.4234127,-2.671415,0.002,0.0
2026-03-17 11:17:45.499590,DONE,51.4234127,-2.671415,0.003,0.0
2026-03-17 11:17:47.278212,DONE,51.4234127,-2.671415,0.003,0.0
2026-03-17 11:17:49.003360,DONE,51.4234127,-2.671415,0.003,0.0
2026-03-17 11:17:50.700254,DONE,51.4234127,-2.671415,0.003,0.0
2026-03-17 11:17:52.349552,DONE,51.4234127,-2.671415,0.003,0.0
2026-03-17 11:17:54.239698,DONE,51.4234127,-2.671415,0.003,0.0
2026-03-17 11:17:56.202105,DONE,51.4234127,-2.671415,0.003,0.0
2026-03-17 11:17:58.011274,DONE,51.4234127,-2.671415,0.003,0.0
2026-03-17 11:18:00.009239,DONE,51.4234127,-2.671415,0.003,0.0
2026-03-17 11:18:01.907960,DONE,51.4234127,-2.671415,0.003,0.0
2026-03-17 11:18:03.647015,DONE,51.4234127,-2.671415,0.003,0.0
2026-03-17 11:18:05.760626,DONE,51.4234127,-2.671415,0.003,0.0
2026-03-17 11:18:07.586742,DONE,51.4234127,-2.671415,0.003,0.0
2026-03-17 11:18:08.607953,DONE,51.4234127,-2.671415,0.003,0.0
2026-03-17 11:18:10.393911,DONE,51.4234127,-2.671415,0.003,0.0
2026-03-17 11:18:12.093754,DONE,51.4234127,-2.671415,0.003,0.0
2026-03-17 11:18:13.708364,DONE,51.4234127,-2.671415,0.003,0.0
2026-03-17 11:18:15.371552,DONE,51.4234127,-2.671415,0.003,0.0
2026-03-17 11:18:17.078143,DONE,51.4234127,-2.671415,0.003,0.0
2026-03-17 11:18:18.697286,DONE,51.4234127,-2.671415,0.003,0.0
2026-03-17 11:18:20.473427,DONE,51.4234127,-2.671415,0.003,0.0
2026-03-17 11:18:22.089785,DONE,51.4234127,-2.6714149,0.003,0.0
2026-03-17 11:18:23.799213,DONE,51.4234127,-2.6714148,0.003,0.0
2026-03-17 11:18:25.864647,DONE,51.4234127,-2.6714147,0.003,0.0
2026-03-17 11:18:27.852184,DONE,51.4234127,-2.6714147,0.003,0.0
2026-03-17 11:18:28.927013,DONE,51.4234127,-2.6714146,0.003,0.0
2026-03-17 11:18:30.001940,DONE,51.4234127,-2.6714146,0.003,0.0
2026-03-17 11:18:31.789579,DONE,51.4234127,-2.6714146,0.003,0.0
2026-03-17 11:18:33.430797,DONE,51.4234127,-2.6714146,0.003,0.0
2026-03-17 11:18:35.389601,DONE,51.4234127,-2.6714146,0.003,0.0
2026-03-17 11:18:36.430786,DONE,51.4234127,-2.6714146,0.003,0.0
2026-03-17 11:18:38.367026,DONE,51.4234127,-2.6714146,0.003,0.0
2026-03-17 11:18:40.123423,DONE,51.4234127,-2.6714146,0.003,0.0
2026-03-17 11:18:42.198590,DONE,51.4234127,-2.6714146,0.003,0.0
2026-03-17 11:18:43.973632,DONE,51.4234127,-2.6714146,0.003,0.0
2026-03-17 11:18:45.772557,DONE,51.4234127,-2.6714146,0.003,0.0
2026-03-17 11:18:46.883818,DONE,51.4234127,-2.6714146,0.003,0.0
2026-03-17 11:18:48.301592,DONE,51.4234127,-2.6714146,0.003,0.0
2026-03-17 11:18:49.318529,DONE,51.4234127,-2.6714146,0.003,0.0
2026-03-17 11:18:51.015879,DONE,51.4234127,-2.6714146,0.003,0.0
2026-03-17 11:18:52.618830,DONE,51.4234127,-2.6714146,0.002,0.0
2026-03-17 11:18:54.473639,DONE,51.4234127,-2.6714146,0.003,0.0
2026-03-17 11:18:55.479972,DONE,51.4234127,-2.6714146,0.003,0.0
2026-03-17 11:18:57.177908,DONE,51.4234127,-2.6714146,0.003,0.0
2026-03-17 11:18:58.209303,DONE,51.4234127,-2.6714146,0.003,0.0
2026-03-17 11:18:59.458630,DONE,51.4234127,-2.6714146,0.003,0.0
2026-03-17 11:19:00.480739,DONE,51.4234127,-2.6714146,0.003,0.0
2026-03-17 11:19:01.483030,DONE,51.4234127,-2.6714146,0.003,0.0
2026-03-17 11:19:03.162253,DONE,51.4234127,-2.6714146,0.003,0.0
2026-03-17 11:19:05.058798,DONE,51.4234127,-2.6714146,0.003,0.0
2026-03-17 11:19:06.826959,DONE,51.4234127,-2.6714146,0.003,0.0
2026-03-17 11:19:08.521248,DONE,51.4234127,-2.6714146,0.003,0.0
2026-03-17 11:19:10.121704,DONE,51.4234127,-2.6714146,0.003,0.0
2026-03-17 11:19:11.750506,DONE,51.4234127,-2.6714146,0.003,0.0
2026-03-17 11:19:13.524016,DONE,51.4234127,-2.6714146,0.003,0.0
2026-03-17 11:19:15.349267,DONE,51.4234127,-2.6714146,0.003,0.0
2026-03-17 11:19:17.166414,DONE,51.4234127,-2.6714146,0.003,0.0
2026-03-17 11:19:18.858177,DONE,51.4234127,-2.6714146,0.003,0.0
2026-03-17 11:19:20.605392,DONE,51.4234127,-2.6714146,0.003,0.0
2026-03-17 11:19:22.320255,DONE,51.4234127,-2.6714147,0.003,0.0
2026-03-17 11:19:24.170153,DONE,51.4234127,-2.6714148,0.003,0.0
2026-03-17 11:19:25.945910,DONE,51.4234127,-2.6714149,0.003,0.0
2026-03-17 11:19:27.621109,DONE,51.4234127,-2.6714149,0.004,0.0
2026-03-17 11:19:29.315648,DONE,51.4234127,-2.671415,0.003,0.0
2026-03-17 11:19:31.054923,DONE,51.4234127,-2.671415,0.003,0.0
2026-03-17 11:19:32.766247,DONE,51.4234127,-2.671415,0.003,0.0
2026-03-17 11:19:34.502118,DONE,51.4234127,-2.671415,0.003,0.0
2026-03-17 11:19:36.166851,DONE,51.4234127,-2.671415,0.003,0.0
2026-03-17 11:19:37.883376,DONE,51.4234127,-2.671415,0.003,0.0
2026-03-17 11:19:39.495874,DONE,51.4234127,-2.671415,0.003,0.0
2026-03-17 11:19:41.148646,DONE,51.4234127,-2.671415,0.003,0.0
2026-03-17 11:19:42.825465,DONE,51.4234127,-2.671415,0.003,0.0
2026-03-17 11:19:44.807727,DONE,51.4234127,-2.671415,0.003,0.0
2026-03-17 11:19:46.614704,DONE,51.4234127,-2.671415,0.003,0.0
2026-03-17 11:19:48.256548,DONE,51.4234127,-2.671415,0.003,0.0
2026-03-17 11:19:49.891949,DONE,51.4234127,-2.671415,0.003,0.0
2026-03-17 11:19:51.462093,DONE,51.4234127,-2.671415,0.003,0.0
2026-03-17 11:19:53.076013,DONE,51.4234127,-2.671415,0.003,0.0
2026-03-17 11:19:54.912311,DONE,51.4234127,-2.671415,0.003,0.0
2026-03-17 11:19:56.698080,DONE,51.4234127,-2.671415,0.003,0.0
2026-03-17 11:19:58.356707,DONE,51.4234127,-2.671415,0.003,0.0
2026-03-17 11:20:00.036381,DONE,51.4234127,-2.671415,0.003,0.0
2026-03-17 11:20:01.689057,DONE,51.4234127,-2.671415,0.003,0.0
2026-03-17 11:20:03.299641,DONE,51.4234127,-2.671415,0.003,0.0
2026-03-17 11:20:04.912577,DONE,51.4234127,-2.671415,0.003,0.0
2026-03-17 11:20:06.478273,DONE,51.4234127,-2.671415,0.003,0.0
2026-03-17 11:20:08.091996,DONE,51.4234127,-2.671415,0.003,0.0
2026-03-17 11:20:09.691958,DONE,51.4234127,-2.671415,0.003,0.0
2026-03-17 11:20:11.277810,DONE,51.4234127,-2.671415,0.003,0.0
2026-03-17 11:20:12.901934,DONE,51.4234127,-2.671415,0.003,0.0
2026-03-17 11:20:14.545223,DONE,51.4234127,-2.671415,0.003,0.0
2026-03-17 11:20:16.114287,DONE,51.4234127,-2.671415,0.003,0.0
2026-03-17 11:20:17.687860,DONE,51.4234127,-2.671415,0.003,0.0
2026-03-17 11:20:19.339381,DONE,51.4234127,-2.671415,0.003,0.0
2026-03-17 11:20:21.025601,DONE,51.4234127,-2.671415,0.003,0.0
2026-03-17 11:20:22.786750,DONE,51.4234127,-2.6714148,0.003,0.0
2026-03-17 11:20:24.705830,DONE,51.4234127,-2.6714147,0.003,0.0
2026-03-17 11:20:26.345842,DONE,51.4234127,-2.6714147,0.003,0.0
2026-03-17 11:20:27.989623,DONE,51.4234127,-2.6714146,0.003,0.0
2026-03-17 11:20:29.608704,DONE,51.4234127,-2.6714146,0.003,0.0
2026-03-17 11:20:31.177369,DONE,51.4234127,-2.6714146,0.003,0.0
2026-03-17 11:20:32.748886,DONE,51.4234127,-2.6714146,0.003,0.0
2026-03-17 11:20:34.304171,DONE,51.4234127,-2.6714146,0.002,0.0
2026-03-17 11:20:35.835713,DONE,51.4234127,-2.6714146,0.003,0.0
2026-03-17 11:20:37.417656,DONE,51.4234127,-2.6714146,0.003,0.0
2026-03-17 11:20:38.996006,DONE,51.4234127,-2.6714146,0.003,0.0
2026-03-17 11:20:40.579547,DONE,51.4234127,-2.6714146,0.003,0.0
2026-03-17 11:20:42.113150,DONE,51.4234127,-2.6714146,0.003,0.0
2026-03-17 11:20:43.699779,DONE,51.4234127,-2.6714146,0.003,0.0
2026-03-17 11:20:45.309242,DONE,51.4234127,-2.6714146,0.003,0.0
2026-03-17 11:20:46.883874,DONE,51.4234127,-2.6714146,0.003,0.0
2026-03-17 11:20:48.437225,DONE,51.4234127,-2.6714146,0.003,0.0
2026-03-17 11:20:49.985425,DONE,51.4234127,-2.6714146,0.003,0.0
2026-03-17 11:20:51.498441,DONE,51.4234127,-2.6714146,0.002,0.0
2026-03-17 11:20:52.997931,DONE,51.4234127,-2.6714146,0.002,0.0
2026-03-17 11:20:54.773973,DONE,51.4234127,-2.6714146,0.003,0.0
2026-03-17 11:20:56.469369,DONE,51.4234127,-2.6714146,0.003,0.0
2026-03-17 11:20:58.032703,DONE,51.4234127,-2.6714146,0.003,0.0
2026-03-17 11:20:59.683014,DONE,51.4234127,-2.6714146,0.003,0.0
2026-03-17 11:21:01.215761,DONE,51.4234127,-2.6714146,0.003,0.0
2026-03-17 11:21:02.754780,DONE,51.4234127,-2.6714146,0.003,0.0
2026-03-17 11:21:04.291628,DONE,51.4234127,-2.6714146,0.003,0.0
2026-03-17 11:21:06.002289,DONE,51.4234127,-2.6714146,0.003,0.0
2026-03-17 11:21:07.620316,DONE,51.4234127,-2.6714146,0.003,0.0
2026-03-17 11:21:09.348223,DONE,51.4234127,-2.6714146,0.003,0.0
2026-03-17 11:21:11.128631,DONE,51.4234127,-2.6714146,0.003,0.0
2026-03-17 11:21:12.832503,DONE,51.4234127,-2.6714146,0.003,0.0
2026-03-17 11:21:14.433605,DONE,51.4234127,-2.6714146,0.002,0.0
2026-03-17 11:21:16.060775,DONE,51.4234127,-2.6714146,0.003,0.0
2026-03-17 11:21:17.596128,DONE,51.4234127,-2.6714146,0.002,0.0
2026-03-17 11:21:19.189890,DONE,51.4234127,-2.6714146,0.002,0.0
2026-03-17 11:21:20.769634,DONE,51.4234127,-2.6714146,0.003,0.0
2026-03-17 11:21:22.290331,DONE,51.4234127,-2.6714147,0.003,0.0
2026-03-17 11:21:23.795480,DONE,51.4234127,-2.6714148,0.003,0.0
2026-03-17 11:21:25.334172,DONE,51.4234127,-2.6714149,0.003,0.0
2026-03-17 11:21:26.905723,DONE,51.4234127,-2.6714149,0.003,0.0
2026-03-17 11:21:28.426458,DONE,51.4234127,-2.671415,0.003,0.0
2026-03-17 11:21:29.970037,DONE,51.4234127,-2.671415,0.003,0.0
2026-03-17 11:21:31.490706,DONE,51.4234127,-2.671415,0.003,0.0
2026-03-17 11:21:32.978982,DONE,51.4234127,-2.671415,0.003,0.0
2026-03-17 11:21:34.517128,DONE,51.4234127,-2.671415,0.003,0.0
2026-03-17 11:21:36.053065,DONE,51.4234127,-2.671415,0.003,0.0
2026-03-17 11:21:37.574900,DONE,51.4234127,-2.671415,0.003,0.0
2026-03-17 11:21:39.083239,DONE,51.4234127,-2.671415,0.003,0.0
2026-03-17 11:21:40.636357,DONE,51.4234127,-2.671415,0.003,0.0
2026-03-17 11:21:42.162518,DONE,51.4234127,-2.671415,0.004,0.0
2026-03-17 11:21:43.703424,DONE,51.4234127,-2.671415,0.003,0.0
2026-03-17 11:21:45.272154,DONE,51.4234127,-2.671415,0.003,0.0
2026-03-17 11:21:46.831149,DONE,51.4234127,-2.671415,0.003,0.0
2026-03-17 11:21:48.330505,DONE,51.4234127,-2.671415,0.003,0.0
2026-03-17 11:21:49.879152,DONE,51.4234127,-2.671415,0.003,0.0
2026-03-17 11:21:51.392419,DONE,51.4234127,-2.671415,0.003,0.0
2026-03-17 11:21:52.887721,DONE,51.4234127,-2.671415,0.003,0.0
2026-03-17 11:21:54.599327,DONE,51.4234127,-2.671415,0.003,0.0
2026-03-17 11:21:56.279579,DONE,51.4234127,-2.671415,0.003,0.0
2026-03-17 11:21:57.809040,DONE,51.4234127,-2.671415,0.003,0.0
2026-03-17 11:21:59.373032,DONE,51.4234127,-2.671415,0.003,0.0
2026-03-17 11:22:00.924805,DONE,51.4234127,-2.671415,0.003,0.0
2026-03-17 11:22:02.462246,DONE,51.4234127,-2.671415,0.003,0.0
2026-03-17 11:22:03.964722,DONE,51.4234127,-2.671415,0.003,0.0
2026-03-17 11:22:05.574508,DONE,51.4234127,-2.671415,0.003,0.0
2026-03-17 11:22:07.115464,DONE,51.4234127,-2.671415,0.003,0.0
2026-03-17 11:22:08.625767,DONE,51.4234127,-2.671415,0.003,0.0
2026-03-17 11:22:10.195999,DONE,51.4234127,-2.671415,0.003,0.0
2026-03-17 11:22:11.783573,DONE,51.4234127,-2.671415,0.003,0.0
2026-03-17 11:22:13.288313,DONE,51.4234127,-2.671415,0.003,0.0
2026-03-17 11:22:14.848067,DONE,51.4234127,-2.671415,0.003,0.0
2026-03-17 11:22:16.329583,DONE,51.4234127,-2.671415,0.003,0.0
2026-03-17 11:22:17.806648,DONE,51.4234127,-2.671415,0.003,0.0
2026-03-17 11:22:19.326208,DONE,51.4234127,-2.671415,0.003,0.0
2026-03-17 11:22:20.827399,DONE,51.4234127,-2.671415,0.003,0.0
2026-03-17 11:22:22.328061,DONE,51.4234127,-2.6714149,0.002,0.0
2026-03-17 11:22:23.884049,DONE,51.4234127,-2.6714148,0.002,0.0
2026-03-17 11:22:25.409451,DONE,51.4234127,-2.6714147,0.003,0.0
2026-03-17 11:22:26.945527,DONE,51.4234127,-2.6714147,0.003,0.0
2026-03-17 11:22:28.505931,DONE,51.4234127,-2.6714146,0.003,0.0
2026-03-17 11:22:30.048509,DONE,51.4234127,-2.6714146,0.003,0.0
2026-03-17 11:22:31.577609,DONE,51.4234127,-2.6714146,0.003,0.0
2026-03-17 11:22:33.081143,DONE,51.4234127,-2.6714146,0.003,0.0
2026-03-17 11:22:34.646167,DONE,51.4234127,-2.6714146,0.003,0.0
2026-03-17 11:22:36.175031,DONE,51.4234127,-2.6714146,0.003,0.0
2026-03-17 11:22:37.703658,DONE,51.4234127,-2.6714146,0.003,0.0
2026-03-17 11:22:39.192083,DONE,51.4234127,-2.6714146,0.003,0.0
2026-03-17 11:22:40.706540,DONE,51.4234127,-2.6714146,0.003,0.0
2026-03-17 11:22:42.245523,DONE,51.4234127,-2.6714146,0.003,0.0
2026-03-17 11:22:43.784819,DONE,51.4234127,-2.6714146,0.003,0.0
2026-03-17 11:22:45.360955,DONE,51.4234127,-2.6714146,0.003,0.0
2026-03-17 11:22:46.900783,DONE,51.4234127,-2.6714146,0.003,0.0
2026-03-17 11:22:48.499254,DONE,51.4234127,-2.6714146,0.003,0.0
2026-03-17 11:22:50.017691,DONE,51.4234127,-2.6714146,0.003,0.0
2026-03-17 11:22:51.502631,DONE,51.4234127,-2.6714146,0.003,0.0
2026-03-17 11:22:53.008992,DONE,51.4234127,-2.6714146,0.002,0.0
2026-03-17 11:22:54.790606,DONE,51.4234127,-2.6714146,0.003,0.0
2026-03-17 11:22:56.549974,DONE,51.4234127,-2.6714146,0.003,0.0
2026-03-17 11:22:58.141497,DONE,51.4234127,-2.6714146,0.003,0.0
2026-03-17 11:22:59.703585,DONE,51.4234127,-2.6714146,0.003,0.0
2026-03-17 11:23:01.336526,DONE,51.4234127,-2.6714146,0.003,0.0
2026-03-17 11:23:02.866493,DONE,51.4234127,-2.6714146,0.002,0.0
2026-03-17 11:23:04.369008,DONE,51.4234127,-2.6714146,0.003,0.0
2026-03-17 11:23:05.923783,DONE,51.4234127,-2.6714146,0.003,0.0
2026-03-17 11:23:07.504235,DONE,51.4234127,-2.6714146,0.003,0.0
2026-03-17 11:23:09.029817,DONE,51.4234127,-2.6714146,0.003,0.0
2026-03-17 11:23:10.756251,DONE,51.4234127,-2.6714146,0.003,0.0
2026-03-17 11:23:12.588194,DONE,51.4234127,-2.6714146,0.003,0.0
2026-03-17 11:23:14.178907,DONE,51.4234127,-2.6714146,0.003,0.0
2026-03-17 11:23:16.409132,DONE,51.4234127,-2.6714146,0.003,0.0
2026-03-17 11:23:17.699721,DONE,51.4234127,-2.6714146,0.003,0.0
2026-03-17 11:23:18.707135,DONE,51.4234127,-2.6714146,0.003,0.0
2026-03-17 11:23:20.663684,DONE,51.4234127,-2.6714146,0.003,0.0
2026-03-17 11:23:22.534257,DONE,51.4234127,-2.6714148,0.003,0.0
2026-03-17 11:23:23.588403,DONE,51.4234127,-2.6714148,0.003,0.0
2026-03-17 11:23:24.608382,DONE,51.4234127,-2.6714149,0.003,0.0
2026-03-17 11:23:25.649129,DONE,51.4234127,-2.6714149,0.003,0.0
2026-03-17 11:23:26.719710,DONE,51.4234127,-2.6714149,0.003,0.0
2026-03-17 11:23:28.545712,DONE,51.4234127,-2.671415,0.003,0.0
2026-03-17 11:23:29.567094,DONE,51.4234127,-2.671415,0.003,0.0
2026-03-17 11:23:30.632309,DONE,51.4234127,-2.671415,0.003,0.0
2026-03-17 11:23:31.655614,DONE,51.4234127,-2.671415,0.003,0.0
2026-03-17 11:23:33.431183,DONE,51.4234127,-2.671415,0.003,0.0
2026-03-17 11:23:35.206578,DONE,51.4234127,-2.671415,0.003,0.0
2026-03-17 11:23:37.090631,DONE,51.4234127,-2.671415,0.003,0.0
2026-03-17 11:23:38.185431,DONE,51.4234127,-2.671415,0.003,0.0
2026-03-17 11:23:40.015351,DONE,51.4234127,-2.671415,0.002,0.0
2026-03-17 11:23:41.015531,DONE,51.4234127,-2.671415,0.003,0.0
2026-03-17 11:23:42.118544,DONE,51.4234127,-2.671415,0.003,0.0
2026-03-17 11:23:43.514507,DONE,51.4234127,-2.671415,0.003,0.0
2026-03-17 11:23:44.660230,DONE,51.4234127,-2.671415,0.003,0.0
2026-03-17 11:23:45.823075,DONE,51.4234127,-2.671415,0.003,0.0
2026-03-17 11:23:46.883943,DONE,51.4234127,-2.671415,0.003,0.0
2026-03-17 11:23:47.983191,DONE,51.4234127,-2.671415,0.003,0.0
2026-03-17 11:23:50.496671,DONE,51.4234127,-2.671415,0.003,0.0
2026-03-17 11:23:53.177582,DONE,51.4234127,-2.671415,0.003,0.0
2026-03-17 11:23:55.615745,DONE,51.4234127,-2.671415,0.003,0.0
2026-03-17 11:23:57.306053,DONE,51.4234127,-2.671415,0.003,0.0
2026-03-17 11:23:58.552681,DONE,51.4234127,-2.671415,0.003,0.0
2026-03-17 11:23:59.669872,DONE,51.4234127,-2.671415,0.003,0.0
2026-03-17 11:24:00.885101,DONE,51.4234127,-2.671415,0.003,0.0
2026-03-17 11:24:01.890784,DONE,51.4234127,-2.671415,0.003,0.0
2026-03-17 11:24:03.702597,DONE,51.4234127,-2.671415,0.003,0.0
2026-03-17 11:24:05.712622,DONE,51.4234127,-2.671415,0.003,0.0
2026-03-17 11:24:06.721028,DONE,51.4234127,-2.671415,0.004,0.0
2026-03-17 11:24:08.561526,DONE,51.4234127,-2.671415,0.003,0.0
2026-03-17 11:24:10.407783,DONE,51.4234127,-2.671415,0.003,0.0
2026-03-17 11:24:12.400591,DONE,51.4234127,-2.671415,0.004,0.0
2026-03-17 11:24:14.202560,DONE,51.4234127,-2.671415,0.002,0.0
2026-03-17 11:24:16.088423,DONE,51.4234127,-2.671415,0.003,0.0
2026-03-17 11:24:17.967899,DONE,51.4234127,-2.671415,0.003,0.0
2026-03-17 11:24:19.095039,DONE,51.4234127,-2.671415,0.003,0.0
2026-03-17 11:24:20.186933,DONE,51.4234127,-2.671415,0.003,0.0
2026-03-17 11:24:21.230318,DONE,51.4234127,-2.671415,0.003,0.0
2026-03-17 11:24:22.428107,DONE,51.4234127,-2.6714149,0.003,0.0
2026-03-17 11:24:24.250082,DONE,51.4234127,-2.6714147,0.003,0.0
2026-03-17 11:24:26.079770,DONE,51.4234127,-2.6714147,0.003,0.0
2026-03-17 11:24:27.975243,DONE,51.4234127,-2.6714146,0.003,0.0
2026-03-17 11:24:28.984039,DONE,51.4234127,-2.6714146,0.003,0.0
2026-03-17 11:24:30.034713,DONE,51.4234127,-2.6714146,0.003,0.0
2026-03-17 11:24:32.361426,DONE,51.4234127,-2.6714146,0.003,0.0
2026-03-17 11:24:34.255661,DONE,51.4234127,-2.6714146,0.003,0.0
2026-03-17 11:24:36.117451,DONE,51.4234127,-2.6714146,0.003,0.0
2026-03-17 11:24:38.075228,DONE,51.4234127,-2.6714146,0.003,0.0
2026-03-17 11:24:39.076539,DONE,51.4234127,-2.6714146,0.003,0.0
2026-03-17 11:24:40.412744,DONE,51.4234127,-2.6714146,0.003,0.0
2026-03-17 11:24:41.835508,DONE,51.4234127,-2.6714146,0.003,0.0
2026-03-17 11:24:43.772195,DONE,51.4234127,-2.6714146,0.003,0.0
2026-03-17 11:24:44.839686,DONE,51.4234127,-2.6714146,0.003,0.0
2026-03-17 11:24:45.843595,DONE,51.4234127,-2.6714146,0.003,0.0
2026-03-17 11:24:46.900850,DONE,51.4234127,-2.6714146,0.003,0.0
2026-03-17 11:24:48.048777,DONE,51.4234127,-2.6714146,0.003,0.0
2026-03-17 11:24:49.092088,DONE,51.4234127,-2.6714146,0.003,0.0
2026-03-17 11:24:50.103953,DONE,51.4234127,-2.6714146,0.003,0.0
2026-03-17 11:24:52.100705,DONE,51.4234127,-2.6714146,0.003,0.0
2026-03-17 11:24:53.125411,DONE,51.4234127,-2.6714146,0.003,0.0
2026-03-17 11:24:54.197354,DONE,51.4234127,-2.6714146,0.002,0.0
2026-03-17 11:24:55.326463,DONE,51.4234127,-2.6714146,0.003,0.0
2026-03-17 11:24:56.451762,DONE,51.4234127,-2.6714146,0.003,0.0
2026-03-17 11:24:57.490336,DONE,51.4234127,-2.6714146,0.003,0.0
2026-03-17 11:24:59.510423,DONE,51.4234127,-2.6714146,0.003,0.0
2026-03-17 11:25:01.701677,DONE,51.4234127,-2.6714146,0.003,0.0
2026-03-17 11:25:03.259266,DONE,51.4234127,-2.6714146,0.003,0.0
2026-03-17 11:25:05.158935,DONE,51.4234127,-2.6714146,0.003,0.0
2026-03-17 11:25:06.800190,DONE,51.4234127,-2.6714146,0.003,0.0
2026-03-17 11:25:08.584464,DONE,51.4234127,-2.6714146,0.003,0.0
2026-03-17 11:25:10.300654,DONE,51.4234127,-2.6714146,0.003,0.0
2026-03-17 11:25:11.910039,DONE,51.4234127,-2.6714146,0.003,0.0
2026-03-17 11:25:13.515759,DONE,51.4234127,-2.6714146,0.003,0.0
2026-03-17 11:25:15.132550,DONE,51.4234127,-2.6714146,0.003,0.0
2026-03-17 11:25:16.733519,DONE,51.4234127,-2.6714146,0.003,0.0
2026-03-17 11:25:18.375709,DONE,51.4234127,-2.6714146,0.003,0.0
2026-03-17 11:25:20.109065,DONE,51.4234127,-2.6714146,0.003,0.0
2026-03-17 11:25:21.839026,DONE,51.4234127,-2.6714147,0.003,0.0
2026-03-17 11:25:23.558953,DONE,51.4234127,-2.6714148,0.003,0.0
2026-03-17 11:25:25.274629,DONE,51.4234127,-2.6714149,0.003,0.0
2026-03-17 11:25:27.050492,DONE,51.4234127,-2.6714149,0.003,0.0
2026-03-17 11:25:28.836221,DONE,51.4234127,-2.671415,0.003,0.0
2026-03-17 11:25:30.554897,DONE,51.4234127,-2.671415,0.003,0.0
2026-03-17 11:25:32.206917,DONE,51.4234127,-2.671415,0.003,0.0
2026-03-17 11:25:33.813714,DONE,51.4234127,-2.671415,0.003,0.0
2026-03-17 11:25:35.510476,DONE,51.4234127,-2.671415,0.003,0.0
2026-03-17 11:25:37.124275,DONE,51.4234127,-2.671415,0.003,0.0
2026-03-17 11:25:38.887955,DONE,51.4234127,-2.671415,0.003,0.0
2026-03-17 11:25:40.588905,DONE,51.4234127,-2.671415,0.003,0.0
2026-03-17 11:25:42.187578,DONE,51.4234127,-2.671415,0.003,0.0
2026-03-17 11:25:44.046764,DONE,51.4234127,-2.671415,0.003,0.0
2026-03-17 11:25:45.793162,DONE,51.4234127,-2.671415,0.003,0.0
2026-03-17 11:25:47.448446,DONE,51.4234127,-2.671415,0.003,0.0
2026-03-17 11:25:49.005492,DONE,51.4234127,-2.671415,0.003,0.0
2026-03-17 11:25:50.585310,DONE,51.4234127,-2.671415,0.003,0.0
2026-03-17 11:25:52.160749,DONE,51.4234127,-2.671415,0.003,0.0
2026-03-17 11:25:53.795005,DONE,51.4234127,-2.671415,0.003,0.0
2026-03-17 11:25:55.652866,DONE,51.4234127,-2.671415,0.003,0.0
2026-03-17 11:25:57.214283,DONE,51.4234127,-2.671415,0.003,0.0
2026-03-17 11:25:58.775042,DONE,51.4234127,-2.671415,0.003,0.0
2026-03-17 11:26:00.369071,DONE,51.4234127,-2.671415,0.003,0.0
2026-03-17 11:26:01.925246,DONE,51.4234127,-2.671415,0.003,0.0
2026-03-17 11:26:03.477705,DONE,51.4234127,-2.671415,0.003,0.0
2026-03-17 11:26:05.101242,DONE,51.4234127,-2.671415,0.003,0.0
2026-03-17 11:26:06.693323,DONE,51.4234127,-2.671415,0.002,0.0
2026-03-17 11:26:08.238641,DONE,51.4234127,-2.671415,0.003,0.0
2026-03-17 11:26:09.759861,DONE,51.4234127,-2.671415,0.003,0.0
2026-03-17 11:26:11.317634,DONE,51.4234127,-2.671415,0.003,0.0
2026-03-17 11:26:12.830212,DONE,51.4234127,-2.671415,0.003,0.0
2026-03-17 11:26:14.358288,DONE,51.4234127,-2.671415,0.003,0.0
2026-03-17 11:26:15.933767,DONE,51.4234127,-2.671415,0.003,0.0
2026-03-17 11:26:17.457912,DONE,51.4234127,-2.671415,0.003,0.0
2026-03-17 11:26:19.001111,DONE,51.4234127,-2.671415,0.003,0.0
2026-03-17 11:26:20.570330,DONE,51.4234127,-2.671415,0.003,0.0
2026-03-17 11:26:22.163197,DONE,51.4234127,-2.6714149,0.002,0.0
2026-03-17 11:26:23.704248,DONE,51.4234127,-2.6714148,0.003,0.0
2026-03-17 11:26:25.270891,DONE,51.4234127,-2.6714147,0.003,0.0
2026-03-17 11:26:26.800037,DONE,51.4234127,-2.6714147,0.003,0.0
2026-03-17 11:26:28.346375,DONE,51.4234127,-2.6714146,0.003,0.0
2026-03-17 11:26:29.943807,DONE,51.4234127,-2.6714146,0.003,0.0
2026-03-17 11:26:31.527979,DONE,51.4234127,-2.6714146,0.003,0.0
2026-03-17 11:26:33.073764,DONE,51.4234127,-2.6714146,0.003,0.0
2026-03-17 11:26:34.654651,DONE,51.4234127,-2.6714146,0.003,0.0
2026-03-17 11:26:36.153146,DONE,51.4234127,-2.6714146,0.003,0.0
2026-03-17 11:26:37.684908,DONE,51.4234127,-2.6714146,0.002,0.0
2026-03-17 11:26:39.212984,DONE,51.4234127,-2.6714146,0.003,0.0
2026-03-17 11:26:40.741673,DONE,51.4234127,-2.6714146,0.003,0.0
2026-03-17 11:26:42.292429,DONE,51.4234127,-2.6714146,0.003,0.0
2026-03-17 11:26:43.773022,DONE,51.4234127,-2.6714146,0.003,0.0
2026-03-17 11:26:45.367298,DONE,51.4234127,-2.6714146,0.003,0.0
2026-03-17 11:26:46.920295,DONE,51.4234127,-2.6714146,0.003,0.0
2026-03-17 11:26:48.465025,DONE,51.4234127,-2.6714146,0.003,0.0
2026-03-17 11:26:50.023541,DONE,51.4234127,-2.6714146,0.003,0.0
2026-03-17 11:26:51.589530,DONE,51.4234127,-2.6714146,0.002,0.0
2026-03-17 11:26:53.156906,DONE,51.4234127,-2.6714146,0.002,0.0
2026-03-17 11:26:54.950945,DONE,51.4234127,-2.6714146,0.003,0.0
2026-03-17 11:26:56.657399,DONE,51.4234127,-2.6714146,0.003,0.0
2026-03-17 11:26:58.218130,DONE,51.4234127,-2.6714146,0.003,0.0
2026-03-17 11:26:59.815662,DONE,51.4234127,-2.6714146,0.003,0.0
2026-03-17 11:27:01.395384,DONE,51.4234127,-2.6714146,0.002,0.0
2026-03-17 11:27:02.966977,DONE,51.4234127,-2.6714146,0.003,0.0
2026-03-17 11:27:04.577392,DONE,51.4234127,-2.6714146,0.003,0.0
2026-03-17 11:27:06.176346,DONE,51.4234127,-2.6714146,0.003,0.0
2026-03-17 11:27:07.749316,DONE,51.4234127,-2.6714146,0.003,0.0
2026-03-17 11:27:09.337380,DONE,51.4234127,-2.6714146,0.003,0.0
2026-03-17 11:27:10.895272,DONE,51.4234127,-2.6714146,0.003,0.0
2026-03-17 11:27:12.442356,DONE,51.4234127,-2.6714146,0.003,0.0
2026-03-17 11:27:14.037107,DONE,51.4234127,-2.6714146,0.003,0.0
2026-03-17 11:27:15.663178,DONE,51.4234127,-2.6714146,0.003,0.0
2026-03-17 11:27:17.207506,DONE,51.4234127,-2.6714146,0.003,0.0
2026-03-17 11:27:18.715768,DONE,51.4234127,-2.6714146,0.002,0.0
2026-03-17 11:27:20.269451,DONE,51.4234127,-2.6714146,0.003,0.0
2026-03-17 11:27:21.795287,DONE,51.4234127,-2.6714147,0.002,0.0
2026-03-17 11:27:23.352430,DONE,51.4234127,-2.6714148,0.003,0.0
2026-03-17 11:27:24.913061,DONE,51.4234127,-2.6714149,0.003,0.0
2026-03-17 11:27:26.458693,DONE,51.4234127,-2.6714149,0.003,0.0
2026-03-17 11:27:28.026430,DONE,51.4234127,-2.671415,0.003,0.0
2026-03-17 11:27:29.577352,DONE,51.4234127,-2.671415,0.003,0.0
2026-03-17 11:27:31.121816,DONE,51.4234127,-2.671415,0.003,0.0
2026-03-17 11:27:32.614665,DONE,51.4234127,-2.671415,0.003,0.0
2026-03-17 11:27:34.172015,DONE,51.4234127,-2.671415,0.003,0.0
2026-03-17 11:27:35.740232,DONE,51.4234127,-2.671415,0.003,0.0
2026-03-17 11:27:37.292474,DONE,51.4234127,-2.671415,0.003,0.0
2026-03-17 11:27:38.805313,DONE,51.4234127,-2.671415,0.003,0.0
2026-03-17 11:27:40.344273,DONE,51.4234127,-2.671415,0.003,0.0
2026-03-17 11:27:41.883710,DONE,51.4234127,-2.671415,0.003,0.0
2026-03-17 11:27:43.379466,DONE,51.4234127,-2.671415,0.003,0.0
2026-03-17 11:27:44.943893,DONE,51.4234127,-2.671415,0.003,0.0
2026-03-17 11:27:46.465089,DONE,51.4234127,-2.671415,0.002,0.0
2026-03-17 11:27:47.958134,DONE,51.4234127,-2.671415,0.003,0.0
2026-03-17 11:27:49.549796,DONE,51.4234127,-2.671415,0.003,0.0
2026-03-17 11:27:51.065362,DONE,51.4234127,-2.671415,0.003,0.0
2026-03-17 11:27:52.600501,DONE,51.4234127,-2.671415,0.003,0.0
2026-03-17 11:27:54.254073,DONE,51.4234127,-2.671415,0.003,0.0
2026-03-17 11:27:56.168074,DONE,51.4234127,-2.671415,0.003,0.0
2026-03-17 11:27:57.835043,DONE,51.4234127,-2.671415,0.003,0.0
2026-03-17 11:27:59.372628,DONE,51.4234127,-2.671415,0.003,0.0
2026-03-17 11:28:00.985089,DONE,51.4234127,-2.671415,0.003,0.0
2026-03-17 11:28:02.514891,DONE,51.4234127,-2.671415,0.003,0.0
2026-03-17 11:28:04.017803,DONE,51.4234127,-2.671415,0.003,0.0
2026-03-17 11:28:05.592245,DONE,51.4234127,-2.671415,0.003,0.0
2026-03-17 11:28:07.137361,DONE,51.4234127,-2.671415,0.003,0.0
2026-03-17 11:28:08.621987,DONE,51.4234127,-2.671415,0.003,0.0
2026-03-17 11:28:10.196787,DONE,51.4234127,-2.671415,0.003,0.0
2026-03-17 11:28:11.763571,DONE,51.4234127,-2.671415,0.003,0.0
2026-03-17 11:28:13.323713,DONE,51.4234127,-2.671415,0.003,0.0
2026-03-17 11:28:14.872567,DONE,51.4234127,-2.671415,0.003,0.0
2026-03-17 11:28:16.437036,DONE,51.4234127,-2.671415,0.003,0.0
2026-03-17 11:28:17.981478,DONE,51.4234127,-2.671415,0.003,0.0
2026-03-17 11:28:19.522627,DONE,51.4234127,-2.671415,0.002,0.0
2026-03-17 11:28:21.091857,DONE,51.4234127,-2.671415,0.003,0.0
2026-03-17 11:28:22.623001,DONE,51.4234127,-2.6714148,0.003,0.0
2026-03-17 11:28:24.275425,DONE,51.4234127,-2.6714147,0.003,0.0
2026-03-17 11:28:25.921092,DONE,51.4234127,-2.6714147,0.003,0.0
2026-03-17 11:28:27.544518,DONE,51.4234127,-2.6714147,0.003,0.0
2026-03-17 11:28:29.243921,DONE,51.4234127,-2.6714146,0.003,0.0
2026-03-17 11:28:30.832575,DONE,51.4234127,-2.6714146,0.003,0.0
2026-03-17 11:28:32.436216,DONE,51.4234127,-2.6714146,0.003,0.0
2026-03-17 11:28:34.033870,DONE,51.4234127,-2.6714146,0.003,0.0
2026-03-17 11:28:35.673205,DONE,51.4234127,-2.6714146,0.003,0.0
2026-03-17 11:28:37.248617,DONE,51.4234127,-2.6714146,0.003,0.0
2026-03-17 11:28:38.767959,DONE,51.4234127,-2.6714146,0.003,0.0
2026-03-17 11:28:40.363227,DONE,51.4234127,-2.6714146,0.003,0.0
2026-03-17 11:28:41.895313,DONE,51.4234127,-2.6714146,0.003,0.0
2026-03-17 11:28:43.391553,DONE,51.4234127,-2.6714146,0.003,0.0
2026-03-17 11:28:44.929135,DONE,51.4234127,-2.6714146,0.003,0.0
2026-03-17 11:28:46.466088,DONE,51.4234127,-2.6714146,0.003,0.0
2026-03-17 11:28:47.999960,DONE,51.4234127,-2.6714146,0.003,0.0
2026-03-17 11:28:49.574565,DONE,51.4234127,-2.6714146,0.003,0.0
2026-03-17 11:28:51.115516,DONE,51.4234127,-2.6714146,0.003,0.0
2026-03-17 11:28:52.633481,DONE,51.4234127,-2.6714146,0.002,0.0
2026-03-17 11:28:54.350882,DONE,51.4234127,-2.6714146,0.003,0.0
2026-03-17 11:28:56.164435,DONE,51.4234127,-2.6714146,0.003,0.0
2026-03-17 11:28:57.777093,DONE,51.4234127,-2.6714146,0.003,0.0
2026-03-17 11:28:59.384007,DONE,51.4234127,-2.6714146,0.003,0.0
2026-03-17 11:29:00.977712,DONE,51.4234127,-2.6714146,0.003,0.0
2026-03-17 11:29:02.523309,DONE,51.4234127,-2.6714146,0.003,0.0
2026-03-17 11:29:04.065360,DONE,51.4234127,-2.6714146,0.003,0.0
2026-03-17 11:29:05.702243,DONE,51.4234127,-2.6714146,0.003,0.0
2026-03-17 11:29:07.228277,DONE,51.4234127,-2.6714146,0.003,0.0
2026-03-17 11:29:08.857082,DONE,51.4234127,-2.6714146,0.003,0.0
2026-03-17 11:29:10.578435,DONE,51.4234127,-2.6714146,0.003,0.0
2026-03-17 11:29:12.391884,DONE,51.4234127,-2.6714146,0.003,0.0
2026-03-17 11:29:14.024048,DONE,51.4234127,-2.6714146,0.003,0.0
2026-03-17 11:29:15.921073,DONE,51.4234127,-2.6714146,0.002,0.0
2026-03-17 11:29:17.987036,DONE,51.4234127,-2.6714146,0.003,0.0
2026-03-17 11:29:19.688584,DONE,51.4234127,-2.6714146,0.003,0.0
2026-03-17 11:29:21.335377,DONE,51.4234127,-2.6714147,0.003,0.0
2026-03-17 11:29:23.011447,DONE,51.4234127,-2.6714148,0.003,0.0
2026-03-17 11:29:24.709311,DONE,51.4234127,-2.6714149,0.003,0.0
2026-03-17 11:29:26.318626,DONE,51.4234127,-2.6714149,0.003,0.0
2026-03-17 11:29:27.928071,DONE,51.4234127,-2.671415,0.003,0.0
2026-03-17 11:29:29.536242,DONE,51.4234127,-2.671415,0.003,0.0
2026-03-17 11:29:31.166397,DONE,51.4234127,-2.671415,0.003,0.0
2026-03-17 11:29:32.811362,DONE,51.4234127,-2.671415,0.003,0.0
2026-03-17 11:29:34.451940,DONE,51.4234127,-2.671415,0.003,0.0
2026-03-17 11:29:36.104190,DONE,51.4234127,-2.671415,0.003,0.0
2026-03-17 11:29:37.762894,DONE,51.4234127,-2.671415,0.002,0.0
2026-03-17 11:29:39.428033,DONE,51.4234127,-2.671415,0.003,0.0
2026-03-17 11:29:41.061138,DONE,51.4234127,-2.671415,0.003,0.0
2026-03-17 11:29:42.685716,DONE,51.4234127,-2.671415,0.003,0.0
2026-03-17 11:29:44.362093,DONE,51.4234127,-2.671415,0.003,0.0
2026-03-17 11:29:45.979917,DONE,51.4234127,-2.671415,0.003,0.0
2026-03-17 11:29:47.584136,DONE,51.4234127,-2.671415,0.003,0.0
2026-03-17 11:29:49.167038,DONE,51.4234127,-2.671415,0.003,0.0
2026-03-17 11:29:50.752874,DONE,51.4234127,-2.671415,0.003,0.0
2026-03-17 11:29:52.360524,DONE,51.4234127,-2.671415,0.003,0.0
2026-03-17 11:29:54.100095,DONE,51.4234127,-2.671415,0.003,0.0
2026-03-17 11:29:56.052178,DONE,51.4234127,-2.671415,0.003,0.0
2026-03-17 11:29:57.663889,DONE,51.4234127,-2.671415,0.003,0.0
2026-03-17 11:29:59.265254,DONE,51.4234127,-2.671415,0.003,0.0
2026-03-17 11:30:00.923032,DONE,51.4234127,-2.671415,0.003,0.0
2026-03-17 11:30:02.620503,DONE,51.4234127,-2.671415,0.003,0.0
2026-03-17 11:30:04.250873,DONE,51.4234127,-2.671415,0.003,0.0
2026-03-17 11:30:05.972311,DONE,51.4234127,-2.671415,0.003,0.0
2026-03-17 11:30:07.579546,DONE,51.4234127,-2.671415,0.003,0.0
2026-03-17 11:30:09.181307,DONE,51.4234127,-2.671415,0.003,0.0
2026-03-17 11:30:10.822562,DONE,51.4234127,-2.671415,0.003,0.0
2026-03-17 11:30:12.446191,DONE,51.4234127,-2.671415,0.003,0.0
2026-03-17 11:30:14.097602,DONE,51.4234127,-2.671415,0.003,0.0
2026-03-17 11:30:15.749908,DONE,51.4234127,-2.671415,0.003,0.0
2026-03-17 11:30:17.398096,DONE,51.4234127,-2.671415,0.003,0.0
2026-03-17 11:30:19.068854,DONE,51.4234127,-2.671415,0.003,0.0
2026-03-17 11:30:20.777994,DONE,51.4234127,-2.671415,0.003,0.0
2026-03-17 11:30:22.614288,DONE,51.4234127,-2.6714148,0.002,0.0
2026-03-17 11:30:24.621501,DONE,51.4234127,-2.6714147,0.003,0.0
2026-03-17 11:30:26.348205,DONE,51.4234127,-2.6714147,0.003,0.0
2026-03-17 11:30:28.050920,DONE,51.4234127,-2.6714146,0.003,0.0
2026-03-17 11:30:29.733177,DONE,51.4234127,-2.6714146,0.003,0.0
2026-03-17 11:30:31.565901,DONE,51.4234127,-2.6714146,0.003,0.0
2026-03-17 11:30:33.236937,DONE,51.4234127,-2.6714146,0.003,0.0
2026-03-17 11:30:34.949704,DONE,51.4234127,-2.6714146,0.003,0.0
2026-03-17 11:30:36.658254,DONE,51.4234127,-2.6714146,0.003,0.0
2026-03-17 11:30:38.302922,DONE,51.4234127,-2.6714146,0.003,0.0
2026-03-17 11:30:39.983904,DONE,51.4234127,-2.6714146,0.003,0.0
2026-03-17 11:30:41.646283,DONE,51.4234127,-2.6714146,0.003,0.0
2026-03-17 11:30:43.329086,DONE,51.4234127,-2.6714146,0.003,0.0
2026-03-17 11:30:45.025185,DONE,51.4234127,-2.6714146,0.003,0.0
2026-03-17 11:30:46.740054,DONE,51.4234127,-2.6714146,0.003,0.0
2026-03-17 11:30:48.398631,DONE,51.4234127,-2.6714146,0.003,0.0
2026-03-17 11:30:50.048356,DONE,51.4234127,-2.6714146,0.002,0.0
2026-03-17 11:30:51.733443,DONE,51.4234127,-2.6714146,0.003,0.0
2026-03-17 11:30:53.376797,DONE,51.4234127,-2.6714146,0.003,0.0
2026-03-17 11:30:55.337353,DONE,51.4234127,-2.6714146,0.003,0.0
2026-03-17 11:30:57.111074,DONE,51.4234127,-2.6714146,0.004,0.0
2026-03-17 11:30:58.783236,DONE,51.4234127,-2.6714146,0.003,0.0
2026-03-17 11:31:00.547648,DONE,51.4234127,-2.6714146,0.003,0.0
2026-03-17 11:31:02.224630,DONE,51.4234127,-2.6714146,0.002,0.0
2026-03-17 11:31:03.908619,DONE,51.4234127,-2.6714146,0.003,0.0
2026-03-17 11:31:05.659444,DONE,51.4234127,-2.6714146,0.003,0.0
2026-03-17 11:31:07.401397,DONE,51.4234127,-2.6714146,0.003,0.0
2026-03-17 11:31:09.081470,DONE,51.4234127,-2.6714146,0.003,0.0
2026-03-17 11:31:10.962412,DONE,51.4234127,-2.6714146,0.003,0.0
2026-03-17 11:31:13.030201,DONE,51.4234127,-2.6714146,0.002,0.0
2026-03-17 11:31:14.171357,DONE,51.4234127,-2.6714146,0.002,0.0
2026-03-17 11:31:15.222206,DONE,51.4234127,-2.6714146,0.003,0.0
2026-03-17 11:31:17.023615,DONE,51.4234127,-2.6714146,0.003,0.0
2026-03-17 11:31:18.735000,DONE,51.4234127,-2.6714146,0.003,0.0
2026-03-17 11:31:20.453960,DONE,51.4234127,-2.6714146,0.003,0.0
2026-03-17 11:31:22.077662,DONE,51.4234127,-2.6714148,0.003,0.0
2026-03-17 11:31:23.761017,DONE,51.4234127,-2.6714149,0.003,0.0
2026-03-17 11:31:25.516535,DONE,51.4234127,-2.6714149,0.003,0.0
2026-03-17 11:31:27.170456,DONE,51.4234127,-2.671415,0.003,0.0
2026-03-17 11:31:28.844951,DONE,51.4234127,-2.671415,0.003,0.0
2026-03-17 11:31:30.606750,DONE,51.4234127,-2.671415,0.003,0.0
2026-03-17 11:31:32.244275,DONE,51.4234127,-2.671415,0.003,0.0
2026-03-17 11:31:33.910070,DONE,51.4234127,-2.671415,0.003,0.0
2026-03-17 11:31:35.600780,DONE,51.4234127,-2.671415,0.003,0.0
2026-03-17 11:31:37.275486,DONE,51.4234127,-2.671415,0.003,0.0
2026-03-17 11:31:38.896204,DONE,51.4234127,-2.671415,0.003,0.0
2026-03-17 11:31:40.573633,DONE,51.4234127,-2.671415,0.003,0.0
2026-03-17 11:31:42.179755,DONE,51.4234127,-2.671415,0.003,0.0
2026-03-17 11:31:43.782790,DONE,51.4234127,-2.671415,0.003,0.0
2026-03-17 11:31:45.463908,DONE,51.4234127,-2.671415,0.003,0.0
2026-03-17 11:31:47.138122,DONE,51.4234127,-2.671415,0.003,0.0
2026-03-17 11:31:48.776977,DONE,51.4234127,-2.671415,0.003,0.0
2026-03-17 11:31:50.566420,DONE,51.4234127,-2.671415,0.003,0.0
2026-03-17 11:31:52.212966,DONE,51.4234127,-2.671415,0.003,0.0
2026-03-17 11:31:53.960164,DONE,51.4234127,-2.671415,0.003,0.0
2026-03-17 11:31:55.898213,DONE,51.4234127,-2.671415,0.003,0.0
2026-03-17 11:31:57.620666,DONE,51.4234127,-2.671415,0.003,0.0
2026-03-17 11:31:59.247620,DONE,51.4234127,-2.671415,0.003,0.0
2026-03-17 11:32:00.904385,DONE,51.4234127,-2.671415,0.003,0.0
2026-03-17 11:32:02.615352,DONE,51.4234127,-2.671415,0.003,0.0
2026-03-17 11:32:04.302531,DONE,51.4234127,-2.671415,0.003,0.0
2026-03-17 11:32:06.065407,DONE,51.4234127,-2.671415,0.003,0.0
2026-03-17 11:32:07.807482,DONE,51.4234127,-2.671415,0.002,0.0
2026-03-17 11:32:09.490628,DONE,51.4234127,-2.671415,0.003,0.0
2026-03-17 11:32:11.163450,DONE,51.4234127,-2.671415,0.003,0.0
2026-03-17 11:32:12.850626,DONE,51.4234127,-2.671415,0.003,0.0
2026-03-17 11:32:14.533785,DONE,51.4234127,-2.671415,0.003,0.0
2026-03-17 11:32:16.224895,DONE,51.4234127,-2.671415,0.003,0.0
2026-03-17 11:32:17.898944,DONE,51.4234127,-2.671415,0.003,0.0
2026-03-17 11:32:19.611620,DONE,51.4234127,-2.671415,0.003,0.0
2026-03-17 11:32:21.269002,DONE,51.4234127,-2.6714149,0.002,0.0
2026-03-17 11:32:22.932232,DONE,51.4234127,-2.6714148,0.003,0.0
2026-03-17 11:32:24.674074,DONE,51.4234127,-2.6714147,0.003,0.0
2026-03-17 11:32:26.377904,DONE,51.4234127,-2.6714147,0.003,0.0
2026-03-17 11:32:28.018058,DONE,51.4234127,-2.6714146,0.002,0.0
2026-03-17 11:32:29.726792,DONE,51.4234127,-2.6714146,0.003,0.0
2026-03-17 11:32:31.615355,DONE,51.4234127,-2.6714146,0.003,0.0
2026-03-17 11:32:33.469011,DONE,51.4234127,-2.6714146,0.003,0.0
2026-03-17 11:32:35.300894,DONE,51.4234127,-2.6714146,0.003,0.0
2026-03-17 11:32:37.048849,DONE,51.4234127,-2.6714146,0.003,0.0
2026-03-17 11:32:38.755088,DONE,51.4234127,-2.6714146,0.003,0.0
2026-03-17 11:32:40.578270,DONE,51.4234127,-2.6714146,0.003,0.0
2026-03-17 11:32:42.362404,DONE,51.4234127,-2.6714146,0.003,0.0
2026-03-17 11:32:44.023691,DONE,51.4234127,-2.6714146,0.003,0.0
2026-03-17 11:32:45.741879,DONE,51.4234127,-2.6714146,0.003,0.0
2026-03-17 11:32:47.450200,DONE,51.4234127,-2.6714146,0.003,0.0
2026-03-17 11:32:49.127849,DONE,51.4234127,-2.6714146,0.003,0.0
2026-03-17 11:32:51.016602,DONE,51.4234127,-2.6714146,0.003,0.0
2026-03-17 11:32:52.732772,DONE,51.4234127,-2.6714146,0.003,0.0
2026-03-17 11:32:54.656411,DONE,51.4234127,-2.6714146,0.003,0.0
2026-03-17 11:32:56.539296,DONE,51.4234127,-2.6714146,0.003,0.0
2026-03-17 11:32:58.175574,DONE,51.4234127,-2.6714146,0.003,0.0
2026-03-17 11:32:59.893487,DONE,51.4234127,-2.6714146,0.003,0.0
2026-03-17 11:33:01.600033,DONE,51.4234127,-2.6714146,0.003,0.0
2026-03-17 11:33:03.297462,DONE,51.4234127,-2.6714146,0.002,0.0
2026-03-17 11:33:05.039743,DONE,51.4234127,-2.6714146,0.002,0.0
2026-03-17 11:33:06.699253,DONE,51.4234127,-2.6714146,0.003,0.0
2026-03-17 11:33:08.381763,DONE,51.4234127,-2.6714146,0.003,0.0
2026-03-17 11:33:10.084257,DONE,51.4234127,-2.6714146,0.003,0.0
2026-03-17 11:33:11.734335,DONE,51.4234127,-2.6714146,0.002,0.0
2026-03-17 11:33:13.468035,DONE,51.4234127,-2.6714146,0.002,0.0
2026-03-17 11:33:15.167538,DONE,51.4234127,-2.6714146,0.003,0.0
2026-03-17 11:33:16.855712,DONE,51.4234127,-2.6714146,0.003,0.0
2026-03-17 11:33:18.490874,DONE,51.4234127,-2.6714146,0.003,0.0
2026-03-17 11:33:20.192196,DONE,51.4234127,-2.6714146,0.003,0.0
2026-03-17 11:33:21.839178,DONE,51.4234127,-2.6714148,0.003,0.0
2026-03-17 11:33:23.492842,DONE,51.4234127,-2.6714149,0.003,0.0
2026-03-17 11:33:25.217719,DONE,51.4234127,-2.6714149,0.003,0.0
2026-03-17 11:33:27.065741,DONE,51.4234127,-2.6714149,0.003,0.0
2026-03-17 11:33:29.176365,DONE,51.4234127,-2.671415,0.003,0.0
2026-03-17 11:33:30.990205,DONE,51.4234127,-2.671415,0.003,0.0
2026-03-17 11:33:32.724507,DONE,51.4234127,-2.671415,0.003,0.0
2026-03-17 11:33:34.546345,DONE,51.4234127,-2.671415,0.003,0.0
2026-03-17 11:33:36.313206,DONE,51.4234127,-2.671415,0.003,0.0
2026-03-17 11:33:37.981548,DONE,51.4234127,-2.671415,0.003,0.0
2026-03-17 11:33:39.736301,DONE,51.4234127,-2.671415,0.003,0.0
2026-03-17 11:33:41.381449,DONE,51.4234127,-2.671415,0.003,0.0
2026-03-17 11:33:43.022529,DONE,51.4234127,-2.671415,0.003,0.0
2026-03-17 11:33:44.740413,DONE,51.4234127,-2.671415,0.003,0.0
2026-03-17 11:33:46.379017,DONE,51.4234127,-2.671415,0.003,0.0
2026-03-17 11:33:47.990019,DONE,51.4234127,-2.671415,0.003,0.0
2026-03-17 11:33:49.678141,DONE,51.4234127,-2.671415,0.003,0.0
2026-03-17 11:33:51.451674,DONE,51.4234127,-2.671415,0.003,0.0
2026-03-17 11:33:53.165436,DONE,51.4234127,-2.671415,0.003,0.0
2026-03-17 11:33:55.158178,DONE,51.4234127,-2.671415,0.003,0.0
2026-03-17 11:33:56.970146,DONE,51.4234127,-2.671415,0.003,0.0
2026-03-17 11:33:58.700164,DONE,51.4234127,-2.671415,0.003,0.0
2026-03-17 11:34:00.387870,DONE,51.4234127,-2.671415,0.003,0.0
2026-03-17 11:34:02.083578,DONE,51.4234127,-2.671415,0.002,0.0
2026-03-17 11:34:03.798887,DONE,51.4234127,-2.671415,0.003,0.0
2026-03-17 11:34:05.621115,DONE,51.4234127,-2.671415,0.003,0.0
2026-03-17 11:34:07.286082,DONE,51.4234127,-2.671415,0.003,0.0
2026-03-17 11:34:08.999216,DONE,51.4234127,-2.671415,0.003,0.0
2026-03-17 11:34:10.725527,DONE,51.4234127,-2.671415,0.003,0.0
2026-03-17 11:34:12.418067,DONE,51.4234127,-2.671415,0.003,0.0
2026-03-17 11:34:14.086358,DONE,51.4234127,-2.671415,0.003,0.0
2026-03-17 11:34:15.935542,DONE,51.4234127,-2.671415,0.003,0.0
2026-03-17 11:34:17.689894,DONE,51.4234127,-2.671415,0.003,0.0
2026-03-17 11:34:19.381254,DONE,51.4234127,-2.671415,0.003,0.0
2026-03-17 11:34:21.131766,DONE,51.4234127,-2.6714149,0.003,0.0
2026-03-17 11:34:22.873144,DONE,51.4234127,-2.6714148,0.003,0.0
2026-03-17 11:34:24.631207,DONE,51.4234127,-2.6714147,0.002,0.0
2026-03-17 11:34:26.398944,DONE,51.4234127,-2.6714147,0.002,0.0
2026-03-17 11:34:28.047174,DONE,51.4234127,-2.6714146,0.003,0.0
2026-03-17 11:34:29.755351,DONE,51.4234127,-2.6714146,0.003,0.0
2026-03-17 11:34:31.460066,DONE,51.4234127,-2.6714146,0.003,0.0
2026-03-17 11:34:33.080840,DONE,51.4234127,-2.6714146,0.003,0.0
2026-03-17 11:34:34.771935,DONE,51.4234127,-2.6714146,0.002,0.0
2026-03-17 11:34:36.441477,DONE,51.4234127,-2.6714146,0.003,0.0
2026-03-17 11:34:38.079680,DONE,51.4234127,-2.6714146,0.003,0.0
2026-03-17 11:34:39.784925,DONE,51.4234127,-2.6714146,0.003,0.0
2026-03-17 11:34:41.454382,DONE,51.4234127,-2.6714146,0.003,0.0
2026-03-17 11:34:43.130949,DONE,51.4234127,-2.6714146,0.003,0.0
2026-03-17 11:34:44.776984,DONE,51.4234127,-2.6714146,0.002,0.0
2026-03-17 11:34:46.462826,DONE,51.4234127,-2.6714146,0.003,0.0
2026-03-17 11:34:48.132904,DONE,51.4234127,-2.6714146,0.003,0.0
2026-03-17 11:34:49.798133,DONE,51.4234127,-2.6714146,0.003,0.0
2026-03-17 11:34:51.450973,DONE,51.4234127,-2.6714146,0.003,0.0
2026-03-17 11:34:53.123370,DONE,51.4234127,-2.6714146,0.003,0.0
2026-03-17 11:34:55.075944,DONE,51.4234127,-2.6714146,0.003,0.0
2026-03-17 11:34:56.082090,DONE,51.4234127,-2.6714146,0.003,0.0
2026-03-17 11:34:57.749141,DONE,51.4234127,-2.6714146,0.003,0.0
2026-03-17 11:34:59.430073,DONE,51.4234127,-2.6714146,0.003,0.0
2026-03-17 11:35:01.112622,DONE,51.4234127,-2.6714146,0.003,0.0
2026-03-17 11:35:02.791270,DONE,51.4234127,-2.6714146,0.003,0.0
2026-03-17 11:35:04.510957,DONE,51.4234127,-2.6714146,0.003,0.0
2026-03-17 11:35:06.304312,DONE,51.4234127,-2.6714146,0.003,0.0
2026-03-17 11:35:07.933694,DONE,51.4234127,-2.6714146,0.003,0.0
2026-03-17 11:35:09.678728,DONE,51.4234127,-2.6714146,0.003,0.0
2026-03-17 11:35:11.381036,DONE,51.4234127,-2.6714146,0.003,0.0
2026-03-17 11:35:13.030813,DONE,51.4234127,-2.6714146,0.003,0.0
2026-03-17 11:35:14.720275,DONE,51.4234127,-2.6714146,0.003,0.0
2026-03-17 11:35:16.376216,DONE,51.4234127,-2.6714146,0.003,0.0
2026-03-17 11:35:18.013616,DONE,51.4234127,-2.6714146,0.003,0.0
2026-03-17 11:35:19.729844,DONE,51.4234127,-2.6714146,0.003,0.0
2026-03-17 11:35:21.424399,DONE,51.4234127,-2.6714147,0.003,0.0
2026-03-17 11:35:23.093676,DONE,51.4234127,-2.6714149,0.003,0.0
2026-03-17 11:35:24.766423,DONE,51.4234127,-2.6714149,0.003,0.0
2026-03-17 11:35:26.522046,DONE,51.4234127,-2.671415,0.003,0.0
2026-03-17 11:35:28.176240,DONE,51.4234127,-2.671415,0.003,0.0
2026-03-17 11:35:29.906035,DONE,51.4234127,-2.671415,0.003,0.0
2026-03-17 11:35:31.566716,DONE,51.4234127,-2.671415,0.003,0.0
2026-03-17 11:35:33.223732,DONE,51.4234127,-2.671415,0.003,0.0
2026-03-17 11:35:34.924715,DONE,51.4234127,-2.671415,0.003,0.0
2026-03-17 11:35:36.606430,DONE,51.4234127,-2.671415,0.003,0.0
2026-03-17 11:35:38.278175,DONE,51.4234127,-2.671415,0.003,0.0
2026-03-17 11:35:39.948175,DONE,51.4234127,-2.671415,0.003,0.0
2026-03-17 11:35:41.621278,DONE,51.4234127,-2.671415,0.003,0.0
2026-03-17 11:35:43.278370,DONE,51.4234127,-2.671415,0.003,0.0
2026-03-17 11:35:44.989158,DONE,51.4234127,-2.671415,0.003,0.0
2026-03-17 11:35:46.625369,DONE,51.4234127,-2.671415,0.003,0.0
2026-03-17 11:35:48.287302,DONE,51.4234127,-2.671415,0.003,0.0
2026-03-17 11:35:49.977828,DONE,51.4234127,-2.671415,0.003,0.0
2026-03-17 11:35:51.630801,DONE,51.4234127,-2.671415,0.003,0.0
2026-03-17 11:35:53.304929,DONE,51.4234127,-2.671415,0.003,0.0
2026-03-17 11:35:55.277901,DONE,51.4234127,-2.671415,0.003,0.0
2026-03-17 11:35:57.102614,DONE,51.4234127,-2.671415,0.003,0.0
2026-03-17 11:35:58.714186,DONE,51.4234127,-2.671415,0.003,0.0
2026-03-17 11:36:00.383511,DONE,51.4234127,-2.671415,0.003,0.0
2026-03-17 11:36:02.090604,DONE,51.4234127,-2.671415,0.003,0.0
2026-03-17 11:36:03.767506,DONE,51.4234127,-2.671415,0.003,0.0
2026-03-17 11:36:05.506772,DONE,51.4234127,-2.671415,0.003,0.0
2026-03-17 11:36:07.179906,DONE,51.4234127,-2.671415,0.003,0.0
2026-03-17 11:36:08.823218,DONE,51.4234127,-2.671415,0.003,0.0
2026-03-17 11:36:10.534948,DONE,51.4234127,-2.671415,0.003,0.0
2026-03-17 11:36:12.149235,DONE,51.4234127,-2.671415,0.003,0.0
2026-03-17 11:36:13.893956,DONE,51.4234127,-2.671415,0.003,0.0
2026-03-17 11:36:15.787640,DONE,51.4234127,-2.671415,0.003,0.0
2026-03-17 11:36:17.522980,DONE,51.4234127,-2.671415,0.003,0.0
2026-03-17 11:36:19.161887,DONE,51.4234127,-2.671415,0.003,0.0
2026-03-17 11:36:20.858150,DONE,51.4234127,-2.6714149,0.003,0.0
2026-03-17 11:36:22.512414,DONE,51.4234127,-2.6714148,0.003,0.0
2026-03-17 11:36:24.183383,DONE,51.4234127,-2.6714147,0.003,0.0
2026-03-17 11:36:25.935661,DONE,51.4234127,-2.6714147,0.003,0.0
2026-03-17 11:36:27.624959,DONE,51.4234127,-2.6714146,0.003,0.0
2026-03-17 11:36:29.272449,DONE,51.4234127,-2.6714146,0.003,0.0
2026-03-17 11:36:30.918841,DONE,51.4234127,-2.6714146,0.003,0.0
2026-03-17 11:36:32.580972,DONE,51.4234127,-2.6714146,0.003,0.0
2026-03-17 11:36:34.242866,DONE,51.4234127,-2.6714146,0.002,0.0
2026-03-17 11:36:35.957380,DONE,51.4234127,-2.6714146,0.003,0.0
2026-03-17 11:36:37.629373,DONE,51.4234127,-2.6714146,0.003,0.0
2026-03-17 11:36:39.340784,DONE,51.4234127,-2.6714146,0.003,0.0
2026-03-17 11:36:41.047090,DONE,51.4234127,-2.6714146,0.003,0.0
2026-03-17 11:36:42.757216,DONE,51.4234127,-2.6714146,0.003,0.0
2026-03-17 11:36:44.416736,DONE,51.4234127,-2.6714146,0.003,0.0
2026-03-17 11:36:46.089363,DONE,51.4234127,-2.6714146,0.003,0.0
2026-03-17 11:36:47.802682,DONE,51.4234127,-2.6714146,0.003,0.0
2026-03-17 11:36:49.481796,DONE,51.4234127,-2.6714146,0.003,0.0
2026-03-17 11:36:51.144954,DONE,51.4234127,-2.6714146,0.002,0.0
2026-03-17 11:36:52.800648,DONE,51.4234127,-2.6714146,0.003,0.0
2026-03-17 11:36:54.663598,DONE,51.4234127,-2.6714146,0.003,0.0
2026-03-17 11:36:56.675984,DONE,51.4234127,-2.6714146,0.003,0.0
2026-03-17 11:36:58.534308,DONE,51.4234127,-2.6714146,0.003,0.0
2026-03-17 11:37:00.355478,DONE,51.4234127,-2.6714146,0.003,0.0
2026-03-17 11:37:02.062154,DONE,51.4234127,-2.6714146,0.003,0.0
2026-03-17 11:37:03.788298,DONE,51.4234127,-2.6714146,0.003,0.0
2026-03-17 11:37:05.678804,DONE,51.4234127,-2.6714146,0.003,0.0
2026-03-17 11:37:07.484526,DONE,51.4234127,-2.6714146,0.003,0.0
2026-03-17 11:37:09.172640,DONE,51.4234127,-2.6714146,0.003,0.0
2026-03-17 11:37:10.876846,DONE,51.4234127,-2.6714146,0.003,0.0
2026-03-17 11:37:12.565532,DONE,51.4234127,-2.6714146,0.003,0.0
2026-03-17 11:37:14.239430,DONE,51.4234127,-2.6714146,0.003,0.0
2026-03-17 11:37:15.904012,DONE,51.4234127,-2.6714146,0.003,0.0
2026-03-17 11:37:17.543502,DONE,51.4234127,-2.6714146,0.003,0.0
2026-03-17 11:37:19.208412,DONE,51.4234127,-2.6714146,0.003,0.0
2026-03-17 11:37:20.890930,DONE,51.4234127,-2.6714147,0.003,0.0
2026-03-17 11:37:22.547364,DONE,51.4234127,-2.6714148,0.003,0.0
2026-03-17 11:37:24.198113,DONE,51.4234127,-2.6714149,0.003,0.0
2026-03-17 11:37:25.970278,DONE,51.4234127,-2.6714149,0.003,0.0
2026-03-17 11:37:27.650152,DONE,51.4234127,-2.671415,0.003,0.0
2026-03-17 11:37:29.326199,DONE,51.4234127,-2.671415,0.003,0.0
2026-03-17 11:37:30.977447,DONE,51.4234127,-2.671415,0.003,0.0
2026-03-17 11:37:32.602455,DONE,51.4234127,-2.671415,0.003,0.0
2026-03-17 11:37:34.266280,DONE,51.4234127,-2.671415,0.003,0.0
2026-03-17 11:37:35.925989,DONE,51.4234127,-2.671415,0.003,0.0
2026-03-17 11:37:37.551234,DONE,51.4234127,-2.671415,0.003,0.0
2026-03-17 11:37:39.184048,DONE,51.4234127,-2.671415,0.003,0.0
2026-03-17 11:37:40.855694,DONE,51.4234127,-2.671415,0.003,0.0
2026-03-17 11:37:42.554738,DONE,51.4234127,-2.671415,0.003,0.0
2026-03-17 11:37:44.247126,DONE,51.4234127,-2.671415,0.003,0.0
2026-03-17 11:37:45.909709,DONE,51.4234127,-2.671415,0.003,0.0
2026-03-17 11:37:47.566709,DONE,51.4234127,-2.671415,0.003,0.0
2026-03-17 11:37:49.221164,DONE,51.4234127,-2.671415,0.003,0.0
2026-03-17 11:37:50.863770,DONE,51.4234127,-2.671415,0.003,0.0
2026-03-17 11:37:52.460105,DONE,51.4234127,-2.671415,0.003,0.0
2026-03-17 11:37:54.260958,DONE,51.4234127,-2.671415,0.003,0.0
2026-03-17 11:37:55.264646,DONE,51.4234127,-2.671415,0.003,0.0
2026-03-17 11:37:57.086261,DONE,51.4234127,-2.671415,0.003,0.0
2026-03-17 11:37:58.768313,DONE,51.4234127,-2.671415,0.003,0.0
2026-03-17 11:38:00.510356,DONE,51.4234127,-2.671415,0.003,0.0
2026-03-17 11:38:02.196872,DONE,51.4234127,-2.671415,0.003,0.0
2026-03-17 11:38:03.866502,DONE,51.4234127,-2.671415,0.003,0.0
2026-03-17 11:38:05.712982,DONE,51.4234127,-2.671415,0.003,0.0
2026-03-17 11:38:07.364078,DONE,51.4234127,-2.671415,0.003,0.0
2026-03-17 11:38:09.004363,DONE,51.4234127,-2.671415,0.003,0.0
2026-03-17 11:38:10.659741,DONE,51.4234127,-2.671415,0.003,0.0
2026-03-17 11:38:12.312049,DONE,51.4234127,-2.671415,0.003,0.0
2026-03-17 11:38:13.953858,DONE,51.4234127,-2.671415,0.003,0.0
2026-03-17 11:38:15.690099,DONE,51.4234127,-2.671415,0.003,0.0
2026-03-17 11:38:17.364781,DONE,51.4234127,-2.671415,0.003,0.0
2026-03-17 11:38:19.056450,DONE,51.4234127,-2.671415,0.003,0.0
2026-03-17 11:38:20.758958,DONE,51.4234127,-2.6714149,0.003,0.0
2026-03-17 11:38:22.393619,DONE,51.4234127,-2.6714148,0.003,0.0
2026-03-17 11:38:24.052166,DONE,51.4234127,-2.6714147,0.002,0.0
2026-03-17 11:38:25.869286,DONE,51.4234127,-2.6714147,0.003,0.0
2026-03-17 11:38:27.689690,DONE,51.4234127,-2.6714146,0.003,0.0
2026-03-17 11:38:29.592960,DONE,51.4234127,-2.6714146,0.003,0.0
2026-03-17 11:38:30.691620,DONE,51.4234127,-2.6714146,0.002,0.0
2026-03-17 11:38:32.533353,DONE,51.4234127,-2.6714146,0.003,0.0
2026-03-17 11:38:34.199399,DONE,51.4234127,-2.6714146,0.003,0.0
2026-03-17 11:38:35.875308,DONE,51.4234127,-2.6714146,0.003,0.0
2026-03-17 11:38:37.547434,DONE,51.4234127,-2.6714146,0.003,0.0
2026-03-17 11:38:39.254425,DONE,51.4234127,-2.6714146,0.003,0.0
2026-03-17 11:38:41.047289,DONE,51.4234127,-2.6714146,0.003,0.0
2026-03-17 11:38:42.775145,DONE,51.4234127,-2.6714146,0.003,0.0
2026-03-17 11:38:44.566055,DONE,51.4234127,-2.6714146,0.003,0.0
2026-03-17 11:38:46.245330,DONE,51.4234127,-2.6714146,0.003,0.0
2026-03-17 11:38:47.913642,DONE,51.4234127,-2.6714146,0.003,0.0
2026-03-17 11:38:49.589406,DONE,51.4234127,-2.6714146,0.003,0.0
2026-03-17 11:38:51.222776,DONE,51.4234127,-2.6714146,0.003,0.0
2026-03-17 11:38:52.882118,DONE,51.4234127,-2.6714146,0.003,0.0
2026-03-17 11:38:54.767793,DONE,51.4234127,-2.6714146,0.003,0.0
2026-03-17 11:38:56.666045,DONE,51.4234127,-2.6714146,0.003,0.0
2026-03-17 11:38:58.328905,DONE,51.4234127,-2.6714146,0.003,0.0
2026-03-17 11:39:00.070633,DONE,51.4234127,-2.6714146,0.003,0.0
2026-03-17 11:39:01.760947,DONE,51.4234127,-2.6714146,0.003,0.0
2026-03-17 11:39:03.488642,DONE,51.4234127,-2.6714146,0.003,0.0
2026-03-17 11:39:05.285853,DONE,51.4234127,-2.6714146,0.003,0.0
2026-03-17 11:39:07.028667,DONE,51.4234127,-2.6714146,0.003,0.0
2026-03-17 11:39:08.670001,DONE,51.4234127,-2.6714146,0.003,0.0
2026-03-17 11:39:10.414981,DONE,51.4234127,-2.6714146,0.003,0.0
2026-03-17 11:39:12.101737,DONE,51.4234127,-2.6714146,0.003,0.0
2026-03-17 11:39:13.790031,DONE,51.4234127,-2.6714146,0.002,0.0
2026-03-17 11:39:15.655899,DONE,51.4234127,-2.6714146,0.003,0.0
2026-03-17 11:39:16.699083,DONE,51.4234127,-2.6714146,0.003,0.0
2026-03-17 11:39:18.564304,DONE,51.4234127,-2.6714146,0.003,0.0
2026-03-17 11:39:20.228817,DONE,51.4234127,-2.6714147,0.003,0.0
2026-03-17 11:39:21.896234,DONE,51.4234127,-2.6714148,0.003,0.0
2026-03-17 11:39:23.589139,DONE,51.4234127,-2.6714149,0.003,0.0
2026-03-17 11:39:25.298582,DONE,51.4234127,-2.6714149,0.003,0.0
2026-03-17 11:39:27.016974,DONE,51.4234127,-2.671415,0.003,0.0
2026-03-17 11:39:28.740467,DONE,51.4234127,-2.671415,0.003,0.0
2026-03-17 11:39:30.400597,DONE,51.4234127,-2.671415,0.003,0.0
2026-03-17 11:39:32.089222,DONE,51.4234127,-2.671415,0.003,0.0
2026-03-17 11:39:33.717674,DONE,51.4234127,-2.671415,0.003,0.0
2026-03-17 11:39:35.388912,DONE,51.4234127,-2.671415,0.003,0.0
2026-03-17 11:39:37.051040,DONE,51.4234127,-2.671415,0.002,0.0
2026-03-17 11:39:38.721855,DONE,51.4234127,-2.671415,0.003,0.0
2026-03-17 11:39:40.417760,DONE,51.4234127,-2.671415,0.003,0.0
2026-03-17 11:39:42.165949,DONE,51.4234127,-2.671415,0.003,0.0
2026-03-17 11:39:43.825346,DONE,51.4234127,-2.671415,0.003,0.0
2026-03-17 11:39:45.470935,DONE,51.4234127,-2.671415,0.003,0.0
2026-03-17 11:39:47.180615,DONE,51.4234127,-2.671415,0.003,0.0
2026-03-17 11:39:48.847762,DONE,51.4234127,-2.671415,0.003,0.0
2026-03-17 11:39:50.521506,DONE,51.4234127,-2.671415,0.003,0.0
2026-03-17 11:39:52.171992,DONE,51.4234127,-2.671415,0.002,0.0
2026-03-17 11:39:53.914857,DONE,51.4234127,-2.671415,0.003,0.0
2026-03-17 11:39:54.919599,DONE,51.4234127,-2.671415,0.003,0.0
2026-03-17 11:39:56.778948,DONE,51.4234127,-2.671415,0.003,0.0
2026-03-17 11:39:58.441024,DONE,51.4234127,-2.671415,0.003,0.0
2026-03-17 11:40:00.111329,DONE,51.4234127,-2.671415,0.003,0.0
2026-03-17 11:40:01.785128,DONE,51.4234127,-2.671415,0.003,0.0
2026-03-17 11:40:03.506440,DONE,51.4234127,-2.671415,0.003,0.0
2026-03-17 11:40:05.289388,DONE,51.4234127,-2.671415,0.003,0.0
2026-03-17 11:40:06.985605,DONE,51.4234127,-2.671415,0.003,0.0
2026-03-17 11:40:08.607852,DONE,51.4234127,-2.671415,0.004,0.0
2026-03-17 11:40:10.266320,DONE,51.4234127,-2.671415,0.003,0.0
2026-03-17 11:40:11.884148,DONE,51.4234127,-2.671415,0.003,0.0
2026-03-17 11:40:13.563879,DONE,51.4234127,-2.671415,0.003,0.0
2026-03-17 11:40:15.280738,DONE,51.4234127,-2.671415,0.003,0.0
2026-03-17 11:40:16.957839,DONE,51.4234127,-2.671415,0.003,0.0
2026-03-17 11:40:18.650736,DONE,51.4234127,-2.671415,0.003,0.0
2026-03-17 11:40:20.336311,DONE,51.4234127,-2.6714149,0.003,0.0
2026-03-17 11:40:21.976161,DONE,51.4234127,-2.6714148,0.003,0.0
2026-03-17 11:40:23.723941,DONE,51.4234127,-2.6714147,0.003,0.0
2026-03-17 11:40:24.830310,DONE,51.4234127,-2.6714147,0.002,0.0
2026-03-17 11:40:26.481553,DONE,51.4234127,-2.6714146,0.003,0.0
2026-03-17 11:40:28.210868,DONE,51.4234127,-2.6714146,0.003,0.0
2026-03-17 11:40:29.940463,DONE,51.4234127,-2.6714146,0.003,0.0
2026-03-17 11:40:31.801104,DONE,51.4234127,-2.6714146,0.003,0.0
2026-03-17 11:40:33.490706,DONE,51.4234127,-2.6714146,0.002,0.0
2026-03-17 11:40:35.181659,DONE,51.4234127,-2.6714146,0.003,0.0
2026-03-17 11:40:36.810945,DONE,51.4234127,-2.6714146,0.003,0.0
2026-03-17 11:40:38.508401,DONE,51.4234127,-2.6714146,0.003,0.0
2026-03-17 11:40:40.217214,DONE,51.4234127,-2.6714146,0.003,0.0
2026-03-17 11:40:41.851272,DONE,51.4234127,-2.6714146,0.002,0.0
2026-03-17 11:40:43.667795,DONE,51.4234127,-2.6714146,0.003,0.0
2026-03-17 11:40:45.441180,DONE,51.4234127,-2.6714146,0.003,0.0
2026-03-17 11:40:47.112586,DONE,51.4234127,-2.6714146,0.004,0.0
2026-03-17 11:40:48.792093,DONE,51.4234127,-2.6714146,0.003,0.0
2026-03-17 11:40:50.506722,DONE,51.4234127,-2.6714146,0.003,0.0
2026-03-17 11:40:52.145150,DONE,51.4234127,-2.6714146,0.002,0.0
2026-03-17 11:40:53.962440,DONE,51.4234127,-2.6714146,0.003,0.0
2026-03-17 11:40:54.965640,DONE,51.4234127,-2.6714146,0.003,0.0
2026-03-17 11:40:56.002868,DONE,51.4234127,-2.6714146,0.003,0.0
2026-03-17 11:40:57.705233,DONE,51.4234127,-2.6714146,0.003,0.0
2026-03-17 11:40:59.403197,DONE,51.4234127,-2.6714146,0.003,0.0
2026-03-17 11:41:01.095396,DONE,51.4234127,-2.6714146,0.003,0.0
2026-03-17 11:41:02.747767,DONE,51.4234127,-2.6714146,0.003,0.0
2026-03-17 11:41:04.422564,DONE,51.4234127,-2.6714146,0.003,0.0
2026-03-17 11:41:06.130296,DONE,51.4234127,-2.6714146,0.003,0.0
2026-03-17 11:41:07.779633,DONE,51.4234127,-2.6714146,0.003,0.0
2026-03-17 11:41:09.546884,DONE,51.4234127,-2.6714146,0.003,0.0
2026-03-17 11:41:11.209935,DONE,51.4234127,-2.6714146,0.003,0.0
2026-03-17 11:41:12.891613,DONE,51.4234127,-2.6714146,0.003,0.0
2026-03-17 11:41:14.563909,DONE,51.4234127,-2.6714146,0.003,0.0
2026-03-17 11:41:16.229278,DONE,51.4234127,-2.6714146,0.003,0.0
2026-03-17 11:41:17.897843,DONE,51.4234127,-2.6714146,0.002,0.0
2026-03-17 11:41:19.708622,DONE,51.4234127,-2.6714146,0.003,0.0
2026-03-17 11:41:21.730978,DONE,51.4234127,-2.6714148,0.003,0.0
2026-03-17 11:41:23.466014,DONE,51.4234127,-2.6714149,0.003,0.0
2026-03-17 11:41:25.252908,DONE,51.4234127,-2.6714149,0.003,0.0
2026-03-17 11:41:26.940438,DONE,51.4234127,-2.671415,0.003,0.0
2026-03-17 11:41:28.620240,DONE,51.4234127,-2.671415,0.003,0.0
2026-03-17 11:41:30.328317,DONE,51.4234127,-2.671415,0.003,0.0
2026-03-17 11:41:32.006586,DONE,51.4234127,-2.671415,0.003,0.0
2026-03-17 11:41:33.940622,DONE,51.4234127,-2.671415,0.003,0.0
2026-03-17 11:41:34.982728,DONE,51.4234127,-2.671415,0.003,0.0
2026-03-17 11:41:36.720219,DONE,51.4234127,-2.671415,0.003,0.0
2026-03-17 11:41:38.429950,DONE,51.4234127,-2.671415,0.003,0.0
2026-03-17 11:41:40.310284,DONE,51.4234127,-2.671415,0.003,0.0
2026-03-17 11:41:41.325822,DONE,51.4234127,-2.671415,0.003,0.0
2026-03-17 11:41:43.051152,DONE,51.4234127,-2.671415,0.003,0.0
2026-03-17 11:41:44.820499,DONE,51.4234127,-2.671415,0.003,0.0
2026-03-17 11:41:46.525666,DONE,51.4234127,-2.671415,0.003,0.0
2026-03-17 11:41:48.213823,DONE,51.4234127,-2.671415,0.003,0.0
2026-03-17 11:41:49.926171,DONE,51.4234127,-2.671415,0.003,0.0
2026-03-17 11:41:51.656253,DONE,51.4234127,-2.671415,0.003,0.0
2026-03-17 11:41:53.399176,DONE,51.4234127,-2.671415,0.003,0.0
2026-03-17 11:41:55.384149,DONE,51.4234127,-2.671415,0.003,0.0
2026-03-17 11:41:57.215912,DONE,51.4234127,-2.671415,0.003,0.0
2026-03-17 11:41:58.905458,DONE,51.4234127,-2.671415,0.003,0.0
2026-03-17 11:42:00.642857,DONE,51.4234127,-2.671415,0.003,0.0
2026-03-17 11:42:02.386642,DONE,51.4234127,-2.671415,0.003,0.0
2026-03-17 11:42:04.188868,DONE,51.4234127,-2.671415,0.003,0.0
2026-03-17 11:42:05.955894,DONE,51.4234127,-2.671415,0.003,0.0
2026-03-17 11:42:07.641565,DONE,51.4234127,-2.671415,0.003,0.0
2026-03-17 11:42:09.403162,DONE,51.4234127,-2.671415,0.003,0.0
2026-03-17 11:42:11.059324,DONE,51.4234127,-2.671415,0.003,0.0
2026-03-17 11:42:12.801402,DONE,51.4234127,-2.671415,0.003,0.0
2026-03-17 11:42:14.530916,DONE,51.4234127,-2.671415,0.003,0.0
2026-03-17 11:42:16.226741,DONE,51.4234127,-2.671415,0.003,0.0
2026-03-17 11:42:17.939047,DONE,51.4234127,-2.671415,0.003,0.0
2026-03-17 11:42:19.622636,DONE,51.4234127,-2.671415,0.003,0.0
2026-03-17 11:42:21.684128,DONE,51.4234127,-2.6714148,0.002,0.0
2026-03-17 11:42:23.417743,DONE,51.4234127,-2.6714147,0.003,0.0
2026-03-17 11:42:25.134635,DONE,51.4234127,-2.6714147,0.003,0.0
2026-03-17 11:42:26.798613,DONE,51.4234127,-2.6714146,0.003,0.0
2026-03-17 11:42:28.553461,DONE,51.4234127,-2.6714146,0.002,0.0
2026-03-17 11:42:30.665930,DONE,51.4234127,-2.6714146,0.003,0.0
2026-03-17 11:42:32.645422,DONE,51.4234127,-2.6714146,0.003,0.0
2026-03-17 11:42:34.615231,DONE,51.4234127,-2.6714146,0.003,0.0
2026-03-17 11:42:36.607835,DONE,51.4234127,-2.6714146,0.003,0.0
2026-03-17 11:42:38.602359,DONE,51.4234127,-2.6714146,0.003,0.0
2026-03-17 11:42:40.357479,DONE,51.4234127,-2.6714146,0.003,0.0
2026-03-17 11:42:42.130159,DONE,51.4234127,-2.6714146,0.003,0.0
2026-03-17 11:42:44.050529,DONE,51.4234127,-2.6714146,0.002,0.0
2026-03-17 11:42:45.968474,DONE,51.4234127,-2.6714146,0.003,0.0
2026-03-17 11:42:47.001974,DONE,51.4234127,-2.6714146,0.003,0.0
2026-03-17 11:42:48.905159,DONE,51.4234127,-2.6714146,0.003,0.0
2026-03-17 11:42:50.739517,DONE,51.4234127,-2.6714146,0.003,0.0
2026-03-17 11:42:52.448208,DONE,51.4234127,-2.6714146,0.003,0.0
2026-03-17 11:42:54.350719,DONE,51.4234127,-2.6714146,0.003,0.0
2026-03-17 11:42:55.386226,DONE,51.4234127,-2.6714146,0.003,0.0
2026-03-17 11:42:57.236465,DONE,51.4234127,-2.6714146,0.003,0.0
2026-03-17 11:42:58.932938,DONE,51.4234127,-2.6714146,0.003,0.0
2026-03-17 11:43:00.700894,DONE,51.4234127,-2.6714146,0.003,0.0
2026-03-17 11:43:02.397720,DONE,51.4234127,-2.6714146,0.003,0.0
2026-03-17 11:43:04.141457,DONE,51.4234127,-2.6714146,0.003,0.0
2026-03-17 11:43:05.960011,DONE,51.4234127,-2.6714146,0.003,0.0
2026-03-17 11:43:07.687109,DONE,51.4234127,-2.6714146,0.003,0.0
2026-03-17 11:43:09.390130,DONE,51.4234127,-2.6714146,0.003,0.0
2026-03-17 11:43:11.133226,DONE,51.4234127,-2.6714146,0.002,0.0
2026-03-17 11:43:12.822367,DONE,51.4234127,-2.6714146,0.003,0.0
2026-03-17 11:43:14.595086,DONE,51.4234127,-2.6714146,0.003,0.0
2026-03-17 11:43:16.278459,DONE,51.4234127,-2.6714146,0.003,0.0
2026-03-17 11:43:18.025133,DONE,51.4234127,-2.6714146,0.003,0.0
2026-03-17 11:43:19.893269,DONE,51.4234127,-2.6714147,0.003,0.0
2026-03-17 11:43:21.671452,DONE,51.4234127,-2.6714148,0.003,0.0
2026-03-17 11:43:23.376267,DONE,51.4234127,-2.6714149,0.003,0.0
2026-03-17 11:43:25.146363,DONE,51.4234127,-2.6714149,0.003,0.0
2026-03-17 11:43:27.042758,DONE,51.4234127,-2.671415,0.003,0.0
2026-03-17 11:43:29.077204,DONE,51.4234127,-2.671415,0.003,0.0
2026-03-17 11:43:30.111446,DONE,51.4234127,-2.671415,0.003,0.0
2026-03-17 11:43:31.908527,DONE,51.4234127,-2.671415,0.003,0.0
2026-03-17 11:43:33.619469,DONE,51.4234127,-2.671415,0.002,0.0
2026-03-17 11:43:35.367379,DONE,51.4234127,-2.671415,0.003,0.0
2026-03-17 11:43:37.180024,DONE,51.4234127,-2.671415,0.003,0.0
2026-03-17 11:43:38.854994,DONE,51.4234127,-2.671415,0.003,0.0
2026-03-17 11:43:40.573373,DONE,51.4234127,-2.671415,0.003,0.0
2026-03-17 11:43:42.289848,DONE,51.4234127,-2.671415,0.003,0.0
2026-03-17 11:43:43.979129,DONE,51.4234127,-2.671415,0.003,0.0
2026-03-17 11:43:45.759411,DONE,51.4234127,-2.671415,0.003,0.0
2026-03-17 11:43:47.455084,DONE,51.4234127,-2.671415,0.003,0.0
2026-03-17 11:43:49.120844,DONE,51.4234127,-2.671415,0.003,0.0
2026-03-17 11:43:50.900665,DONE,51.4234127,-2.671415,0.003,0.0
2026-03-17 11:43:52.579312,DONE,51.4234127,-2.671415,0.003,0.0
2026-03-17 11:43:54.459538,DONE,51.4234127,-2.671415,0.003,0.0
2026-03-17 11:43:56.426194,DONE,51.4234127,-2.671415,0.003,0.0
2026-03-17 11:43:58.114013,DONE,51.4234127,-2.671415,0.003,0.0
2026-03-17 11:43:59.916120,DONE,51.4234127,-2.671415,0.003,0.0
2026-03-17 11:44:01.739888,DONE,51.4234127,-2.671415,0.003,0.0
2026-03-17 11:44:03.453552,DONE,51.4234127,-2.671415,0.003,0.0
2026-03-17 11:44:05.190188,DONE,51.4234127,-2.671415,0.003,0.0
2026-03-17 11:44:06.905900,DONE,51.4234127,-2.671415,0.003,0.0
2026-03-17 11:44:08.619637,DONE,51.4234127,-2.671415,0.003,0.0
2026-03-17 11:44:10.309308,DONE,51.4234127,-2.671415,0.003,0.0
2026-03-17 11:44:11.989642,DONE,51.4234127,-2.671415,0.003,0.0
2026-03-17 11:44:13.676072,DONE,51.4234127,-2.671415,0.003,0.0
2026-03-17 11:44:15.455551,DONE,51.4234127,-2.671415,0.003,0.0
2026-03-17 11:44:16.466136,DONE,51.4234127,-2.671415,0.003,0.0
2026-03-17 11:44:18.238887,DONE,51.4234127,-2.671415,0.003,0.0
2026-03-17 11:44:19.995366,DONE,51.4234127,-2.6714149,0.003,0.0
2026-03-17 11:44:21.695067,DONE,51.4234127,-2.6714148,0.003,0.0
2026-03-17 11:44:23.380358,DONE,51.4234127,-2.6714147,0.003,0.0
2026-03-17 11:44:25.101911,DONE,51.4234127,-2.6714147,0.002,0.0
2026-03-17 11:44:26.811002,DONE,51.4234127,-2.6714146,0.003,0.0
2026-03-17 11:44:28.532666,DONE,51.4234127,-2.6714146,0.003,0.0
2026-03-17 11:44:30.228065,DONE,51.4234127,-2.6714146,0.003,0.0
2026-03-17 11:44:31.943925,DONE,51.4234127,-2.6714146,0.003,0.0
2026-03-17 11:44:33.667186,DONE,51.4234127,-2.6714146,0.003,0.0
2026-03-17 11:44:35.413792,DONE,51.4234127,-2.6714146,0.003,0.0
2026-03-17 11:44:37.113934,DONE,51.4234127,-2.6714146,0.003,0.0
2026-03-17 11:44:38.836613,DONE,51.4234127,-2.6714146,0.003,0.0
2026-03-17 11:44:40.515784,DONE,51.4234127,-2.6714146,0.003,0.0
2026-03-17 11:44:42.229930,DONE,51.4234127,-2.6714146,0.003,0.0
2026-03-17 11:44:43.978721,DONE,51.4234127,-2.6714146,0.003,0.0
2026-03-17 11:44:45.717607,DONE,51.4234127,-2.6714146,0.003,0.0
2026-03-17 11:44:47.449082,DONE,51.4234127,-2.6714146,0.003,0.0
2026-03-17 11:44:49.144025,DONE,51.4234127,-2.6714146,0.003,0.0
2026-03-17 11:44:50.846889,DONE,51.4234127,-2.6714146,0.003,0.0
2026-03-17 11:44:52.519612,DONE,51.4234127,-2.6714146,0.003,0.0
2026-03-17 11:44:54.363181,DONE,51.4234127,-2.6714146,0.003,0.0
2026-03-17 11:44:56.337952,DONE,51.4234127,-2.6714146,0.003,0.0
2026-03-17 11:44:58.029511,DONE,51.4234127,-2.6714146,0.003,0.0
2026-03-17 11:44:59.844989,DONE,51.4234127,-2.6714146,0.003,0.0
2026-03-17 11:45:01.527835,DONE,51.4234127,-2.6714146,0.003,0.0
2026-03-17 11:45:03.297448,DONE,51.4234127,-2.6714146,0.003,0.0
2026-03-17 11:45:05.123946,DONE,51.4234127,-2.6714146,0.003,0.0
2026-03-17 11:45:06.846299,DONE,51.4234127,-2.6714146,0.002,0.0
2026-03-17 11:45:08.544396,DONE,51.4234127,-2.6714146,0.003,0.0
2026-03-17 11:45:10.250360,DONE,51.4234127,-2.6714146,0.003,0.0
2026-03-17 11:45:11.933175,DONE,51.4234127,-2.6714146,0.003,0.0
2026-03-17 11:45:13.631040,DONE,51.4234127,-2.6714146,0.003,0.0
2026-03-17 11:45:15.330064,DONE,51.4234127,-2.6714146,0.003,0.0
2026-03-17 11:45:17.011606,DONE,51.4234127,-2.6714146,0.003,0.0
2026-03-17 11:45:18.733105,DONE,51.4234127,-2.6714146,0.002,0.0
2026-03-17 11:45:20.475157,DONE,51.4234127,-2.6714148,0.003,0.0
2026-03-17 11:45:22.180083,DONE,51.4234127,-2.6714149,0.003,0.0
2026-03-17 11:45:23.913406,DONE,51.4234127,-2.6714149,0.003,0.0
2026-03-17 11:45:25.681363,DONE,51.4234127,-2.671415,0.003,0.0
2026-03-17 11:45:27.433443,DONE,51.4234127,-2.671415,0.003,0.0
2026-03-17 11:45:29.143212,DONE,51.4234127,-2.671415,0.003,0.0
2026-03-17 11:45:30.865967,DONE,51.4234127,-2.671415,0.003,0.0
2026-03-17 11:45:32.526129,DONE,51.4234127,-2.671415,0.003,0.0
2026-03-17 11:45:34.214723,DONE,51.4234127,-2.671415,0.003,0.0
2026-03-17 11:45:35.994686,DONE,51.4234127,-2.671415,0.002,0.0
2026-03-17 11:45:37.704840,DONE,51.4234127,-2.671415,0.003,0.0
2026-03-17 11:45:39.451131,DONE,51.4234127,-2.671415,0.003,0.0
2026-03-17 11:45:41.186096,DONE,51.4234127,-2.671415,0.003,0.0
2026-03-17 11:45:42.923584,DONE,51.4234127,-2.671415,0.003,0.0
2026-03-17 11:45:44.678835,DONE,51.4234127,-2.671415,0.003,0.0
2026-03-17 11:45:46.404882,DONE,51.4234127,-2.671415,0.003,0.0
2026-03-17 11:45:48.146834,DONE,51.4234127,-2.671415,0.003,0.0
2026-03-17 11:45:49.851265,DONE,51.4234127,-2.671415,0.003,0.0
2026-03-17 11:45:51.570984,DONE,51.4234127,-2.671415,0.003,0.0
2026-03-17 11:45:53.260776,DONE,51.4234127,-2.671415,0.003,0.0
2026-03-17 11:45:55.285635,DONE,51.4234127,-2.671415,0.003,0.0
2026-03-17 11:45:56.319270,DONE,51.4234127,-2.671415,0.003,0.0
2026-03-17 11:45:58.073963,DONE,51.4234127,-2.671415,0.003,0.0
2026-03-17 11:45:59.789105,DONE,51.4234127,-2.671415,0.003,0.0
2026-03-17 11:46:01.574411,DONE,51.4234127,-2.671415,0.003,0.0
2026-03-17 11:46:03.346104,DONE,51.4234127,-2.671415,0.003,0.0
2026-03-17 11:46:05.093507,DONE,51.4234127,-2.671415,0.003,0.0
2026-03-17 11:46:06.782691,DONE,51.4234127,-2.671415,0.003,0.0
2026-03-17 11:46:08.505372,DONE,51.4234127,-2.671415,0.003,0.0
2026-03-17 11:46:10.236325,DONE,51.4234127,-2.671415,0.003,0.0
2026-03-17 11:46:11.918817,DONE,51.4234127,-2.671415,0.003,0.0
2026-03-17 11:46:13.620423,DONE,51.4234127,-2.671415,0.003,0.0
2026-03-17 11:46:15.336437,DONE,51.4234127,-2.671415,0.003,0.0
2026-03-17 11:46:17.536051,DONE,51.4234127,-2.671415,0.003,0.0
2026-03-17 11:46:18.560802,DONE,51.4234127,-2.671415,0.003,0.0
2026-03-17 11:46:19.582135,DONE,51.4234127,-2.6714149,0.003,0.0
2026-03-17 11:46:20.647462,DONE,51.4234127,-2.6714148,0.003,0.0
2026-03-17 11:46:21.815700,DONE,51.4234127,-2.6714148,0.003,0.0
2026-03-17 11:46:23.576439,DONE,51.4234127,-2.6714147,0.003,0.0
2026-03-17 11:46:25.406938,DONE,51.4234127,-2.6714146,0.003,0.0
2026-03-17 11:46:27.138985,DONE,51.4234127,-2.6714146,0.003,0.0
2026-03-17 11:46:28.939657,DONE,51.4234127,-2.6714146,0.003,0.0
2026-03-17 11:46:30.716361,DONE,51.4234127,-2.6714146,0.003,0.0
2026-03-17 11:46:32.514764,DONE,51.4234127,-2.6714146,0.003,0.0
2026-03-17 11:46:34.356945,DONE,51.4234127,-2.6714146,0.002,0.0
2026-03-17 11:46:36.188891,DONE,51.4234127,-2.6714146,0.003,0.0
2026-03-17 11:46:38.043396,DONE,51.4234127,-2.6714146,0.003,0.0
2026-03-17 11:46:39.822323,DONE,51.4234127,-2.6714146,0.003,0.0
2026-03-17 11:46:41.610251,DONE,51.4234127,-2.6714146,0.003,0.0
2026-03-17 11:46:42.652441,DONE,51.4234127,-2.6714146,0.003,0.0
2026-03-17 11:46:44.516492,DONE,51.4234127,-2.6714146,0.003,0.0
2026-03-17 11:46:46.258340,DONE,51.4234127,-2.6714146,0.002,0.0
2026-03-17 11:46:47.991834,DONE,51.4234127,-2.6714146,0.003,0.0
2026-03-17 11:46:49.754830,DONE,51.4234127,-2.6714146,0.003,0.0
2026-03-17 11:46:51.495504,DONE,51.4234127,-2.6714146,0.003,0.0
2026-03-17 11:46:53.265222,DONE,51.4234127,-2.6714146,0.003,0.0
2026-03-17 11:46:54.283666,DONE,51.4234127,-2.6714146,0.003,0.0
2026-03-17 11:46:55.318380,DONE,51.4234127,-2.6714146,0.003,0.0
2026-03-17 11:46:56.329468,DONE,51.4234127,-2.6714146,0.003,0.0
2026-03-17 11:46:58.084963,DONE,51.4234127,-2.6714146,0.003,0.0
2026-03-17 11:46:59.842879,DONE,51.4234127,-2.6714146,0.003,0.0
2026-03-17 11:47:01.579555,DONE,51.4234127,-2.6714146,0.002,0.0
2026-03-17 11:47:03.306750,DONE,51.4234127,-2.6714146,0.003,0.0
2026-03-17 11:47:05.093374,DONE,51.4234127,-2.6714146,0.003,0.0
2026-03-17 11:47:06.818501,DONE,51.4234127,-2.6714146,0.003,0.0
2026-03-17 11:47:08.493368,DONE,51.4234127,-2.6714146,0.003,0.0
2026-03-17 11:47:10.218924,DONE,51.4234127,-2.6714146,0.003,0.0
2026-03-17 11:47:11.967017,DONE,51.4234127,-2.6714146,0.003,0.0
2026-03-17 11:47:13.669815,DONE,51.4234127,-2.6714146,0.003,0.0
2026-03-17 11:47:15.416836,DONE,51.4234127,-2.6714146,0.003,0.0
2026-03-17 11:47:17.213070,DONE,51.4234127,-2.6714146,0.003,0.0
2026-03-17 11:47:18.262748,DONE,51.4234127,-2.6714146,0.003,0.0
2026-03-17 11:47:20.014114,DONE,51.4234127,-2.6714147,0.003,0.0
2026-03-17 11:47:21.744664,DONE,51.4234127,-2.6714148,0.003,0.0
2026-03-17 11:47:23.496154,DONE,51.4234127,-2.6714149,0.003,0.0
2026-03-17 11:47:25.258688,DONE,51.4234127,-2.6714149,0.004,0.0
2026-03-17 11:47:27.004130,DONE,51.4234127,-2.671415,0.003,0.0
2026-03-17 11:47:28.723171,DONE,51.4234127,-2.671415,0.003,0.0
2026-03-17 11:47:30.510688,DONE,51.4234127,-2.671415,0.003,0.0
2026-03-17 11:47:32.266812,DONE,51.4234127,-2.671415,0.003,0.0
2026-03-17 11:47:33.980399,DONE,51.4234127,-2.671415,0.003,0.0
2026-03-17 11:47:35.754882,DONE,51.4234127,-2.671415,0.003,0.0
2026-03-17 11:47:37.528504,DONE,51.4234127,-2.671415,0.003,0.0
2026-03-17 11:47:39.241330,DONE,51.4234127,-2.671415,0.003,0.0
2026-03-17 11:47:40.943984,DONE,51.4234127,-2.671415,0.003,0.0
2026-03-17 11:47:42.678451,DONE,51.4234127,-2.671415,0.003,0.0
2026-03-17 11:47:44.364266,DONE,51.4234127,-2.671415,0.003,0.0
2026-03-17 11:47:46.063487,DONE,51.4234127,-2.671415,0.003,0.0
2026-03-17 11:47:47.779070,DONE,51.4234127,-2.671415,0.003,0.0
2026-03-17 11:47:49.562356,DONE,51.4234127,-2.671415,0.003,0.0
2026-03-17 11:47:51.343044,DONE,51.4234127,-2.671415,0.003,0.0
2026-03-17 11:47:53.018262,DONE,51.4234127,-2.671415,0.003,0.0
2026-03-17 11:47:55.036512,DONE,51.4234127,-2.671415,0.003,0.0
2026-03-17 11:47:56.046558,DONE,51.4234127,-2.671415,0.003,0.0
2026-03-17 11:47:57.775030,DONE,51.4234127,-2.671415,0.003,0.0
2026-03-17 11:47:59.539503,DONE,51.4234127,-2.671415,0.003,0.0
2026-03-17 11:48:01.435813,DONE,51.4234127,-2.671415,0.003,0.0
2026-03-17 11:48:02.656228,DONE,51.4234127,-2.671415,0.003,0.0
2026-03-17 11:48:03.658718,DONE,51.4234127,-2.671415,0.003,0.0
2026-03-17 11:48:05.473006,DONE,51.4234127,-2.671415,0.003,0.0
2026-03-17 11:48:07.215958,DONE,51.4234127,-2.671415,0.003,0.0
2026-03-17 11:48:08.934373,DONE,51.4234127,-2.671415,0.003,0.0
2026-03-17 11:48:10.762762,DONE,51.4234127,-2.671415,0.003,0.0
2026-03-17 11:48:12.531110,DONE,51.4234127,-2.671415,0.003,0.0
2026-03-17 11:48:14.274873,DONE,51.4234127,-2.671415,0.003,0.0
2026-03-17 11:48:16.010409,DONE,51.4234127,-2.671415,0.003,0.0
2026-03-17 11:48:17.753899,DONE,51.4234127,-2.671415,0.003,0.0
2026-03-17 11:48:19.533604,DONE,51.4234127,-2.6714149,0.003,0.0
2026-03-17 11:48:21.282152,DONE,51.4234127,-2.6714148,0.003,0.0
2026-03-17 11:48:23.023307,DONE,51.4234127,-2.6714147,0.002,0.0
2026-03-17 11:48:24.857332,DONE,51.4234127,-2.6714147,0.003,0.0
2026-03-17 11:48:26.730225,DONE,51.4234127,-2.6714146,0.003,0.0
2026-03-17 11:48:28.451506,DONE,51.4234127,-2.6714146,0.003,0.0
2026-03-17 11:48:30.327277,DONE,51.4234127,-2.6714146,0.003,0.0
2026-03-17 11:48:32.052232,DONE,51.4234127,-2.6714146,0.003,0.0
2026-03-17 11:48:33.728486,DONE,51.4234127,-2.6714146,0.003,0.0
2026-03-17 11:48:35.450652,DONE,51.4234127,-2.6714146,0.003,0.0
2026-03-17 11:48:37.129980,DONE,51.4234127,-2.6714146,0.003,0.0
2026-03-17 11:48:38.963355,DONE,51.4234127,-2.6714146,0.003,0.0
2026-03-17 11:48:40.734585,DONE,51.4234127,-2.6714146,0.003,0.0
2026-03-17 11:48:42.432449,DONE,51.4234127,-2.6714146,0.003,0.0
2026-03-17 11:48:44.124920,DONE,51.4234127,-2.6714146,0.003,0.0
2026-03-17 11:48:45.868068,DONE,51.4234127,-2.6714146,0.003,0.0
2026-03-17 11:48:47.558689,DONE,51.4234127,-2.6714146,0.003,0.0
2026-03-17 11:48:49.253037,DONE,51.4234127,-2.6714146,0.003,0.0
2026-03-17 11:48:50.987518,DONE,51.4234127,-2.6714146,0.003,0.0
2026-03-17 11:48:52.692180,DONE,51.4234127,-2.6714146,0.002,0.0
2026-03-17 11:48:54.598772,DONE,51.4234127,-2.6714146,0.003,0.0
2026-03-17 11:48:55.619749,DONE,51.4234127,-2.6714146,0.003,0.0
2026-03-17 11:48:57.402573,DONE,51.4234127,-2.6714146,0.003,0.0
2026-03-17 11:48:59.211384,DONE,51.4234127,-2.6714146,0.003,0.0
2026-03-17 11:49:01.000198,DONE,51.4234127,-2.6714146,0.003,0.0
2026-03-17 11:49:02.758108,DONE,51.4234127,-2.6714146,0.003,0.0
2026-03-17 11:49:04.524891,DONE,51.4234127,-2.6714146,0.003,0.0
2026-03-17 11:49:06.282484,DONE,51.4234127,-2.6714146,0.003,0.0
2026-03-17 11:49:08.013712,DONE,51.4234127,-2.6714146,0.003,0.0
2026-03-17 11:49:09.775193,DONE,51.4234127,-2.6714146,0.003,0.0
2026-03-17 11:49:11.524899,DONE,51.4234127,-2.6714146,0.002,0.0
2026-03-17 11:49:13.186512,DONE,51.4234127,-2.6714146,0.003,0.0
2026-03-17 11:49:14.924246,DONE,51.4234127,-2.6714146,0.003,0.0
2026-03-17 11:49:16.895616,DONE,51.4234127,-2.6714146,0.003,0.0
2026-03-17 11:49:18.578409,DONE,51.4234127,-2.6714146,0.003,0.0
2026-03-17 11:49:19.586065,DONE,51.4234127,-2.6714147,0.002,0.0
2026-03-17 11:49:20.639524,DONE,51.4234127,-2.6714148,0.002,0.0
2026-03-17 11:49:22.362795,DONE,51.4234127,-2.6714149,0.003,0.0
2026-03-17 11:49:24.050021,DONE,51.4234127,-2.6714149,0.003,0.0
2026-03-17 11:49:25.769554,DONE,51.4234127,-2.671415,0.003,0.0
2026-03-17 11:49:27.546605,DONE,51.4234127,-2.671415,0.003,0.0
2026-03-17 11:49:29.281059,DONE,51.4234127,-2.671415,0.003,0.0
2026-03-17 11:49:31.023438,DONE,51.4234127,-2.671415,0.003,0.0
2026-03-17 11:49:32.707052,DONE,51.4234127,-2.671415,0.003,0.0
2026-03-17 11:49:34.425372,DONE,51.4234127,-2.671415,0.003,0.0
2026-03-17 11:49:36.127116,DONE,51.4234127,-2.671415,0.003,0.0
2026-03-17 11:49:37.783877,DONE,51.4234127,-2.671415,0.003,0.0
2026-03-17 11:49:39.507075,DONE,51.4234127,-2.671415,0.003,0.0
2026-03-17 11:49:41.179651,DONE,51.4234127,-2.671415,0.003,0.0
2026-03-17 11:49:42.845050,DONE,51.4234127,-2.671415,0.003,0.0
2026-03-17 11:49:44.548259,DONE,51.4234127,-2.671415,0.003,0.0
2026-03-17 11:49:46.422179,DONE,51.4234127,-2.671415,0.003,0.0
2026-03-17 11:49:48.132226,DONE,51.4234127,-2.671415,0.003,0.0
2026-03-17 11:49:49.873388,DONE,51.4234127,-2.671415,0.003,0.0
2026-03-17 11:49:51.589254,DONE,51.4234127,-2.671415,0.003,0.0
2026-03-17 11:49:53.293940,DONE,51.4234127,-2.671415,0.003,0.0
2026-03-17 11:49:54.464050,DONE,51.4234127,-2.671415,0.003,0.0
2026-03-17 11:49:55.488217,DONE,51.4234127,-2.671415,0.003,0.0
2026-03-17 11:49:57.315387,DONE,51.4234127,-2.671415,0.003,0.0
2026-03-17 11:49:59.041684,DONE,51.4234127,-2.671415,0.003,0.0
2026-03-17 11:50:00.789910,DONE,51.4234127,-2.671415,0.003,0.0
2026-03-17 11:50:02.518871,DONE,51.4234127,-2.671415,0.003,0.0
2026-03-17 11:50:04.246179,DONE,51.4234127,-2.671415,0.003,0.0
2026-03-17 11:50:06.009814,DONE,51.4234127,-2.671415,0.003,0.0
2026-03-17 11:50:07.676055,DONE,51.4234127,-2.671415,0.003,0.0
2026-03-17 11:50:09.391141,DONE,51.4234127,-2.671415,0.002,0.0
2026-03-17 11:50:11.033651,DONE,51.4234127,-2.671415,0.003,0.0
2026-03-17 11:50:12.718593,DONE,51.4234127,-2.671415,0.003,0.0
2026-03-17 11:50:14.630648,DONE,51.4234127,-2.671415,0.003,0.0
2026-03-17 11:50:16.393090,DONE,51.4234127,-2.671415,0.003,0.0
2026-03-17 11:50:18.092113,DONE,51.4234127,-2.671415,0.003,0.0
2026-03-17 11:50:19.799921,DONE,51.4234127,-2.6714149,0.003,0.0
2026-03-17 11:50:21.517559,DONE,51.4234127,-2.6714148,0.002,0.0
2026-03-17 11:50:23.226182,DONE,51.4234127,-2.6714147,0.003,0.0
2026-03-17 11:50:24.456624,DONE,51.4234127,-2.6714147,0.003,0.0
2026-03-17 11:50:26.402302,DONE,51.4234127,-2.6714146,0.003,0.0
2026-03-17 11:50:28.205656,DONE,51.4234127,-2.6714146,0.003,0.0
2026-03-17 11:50:30.210817,DONE,51.4234127,-2.6714146,0.003,0.0
2026-03-17 11:50:32.111754,DONE,51.4234127,-2.6714146,0.003,0.0
2026-03-17 11:50:33.992020,DONE,51.4234127,-2.6714146,0.003,0.0
2026-03-17 11:50:35.703027,DONE,51.4234127,-2.6714146,0.003,0.0
2026-03-17 11:50:37.408657,DONE,51.4234127,-2.6714146,0.003,0.0
2026-03-17 11:50:39.124217,DONE,51.4234127,-2.6714146,0.003,0.0
2026-03-17 11:50:40.891251,DONE,51.4234127,-2.6714146,0.003,0.0
2026-03-17 11:50:42.560853,DONE,51.4234127,-2.6714146,0.003,0.0
2026-03-17 11:50:44.261182,DONE,51.4234127,-2.6714146,0.003,0.0
2026-03-17 11:50:45.983381,DONE,51.4234127,-2.6714146,0.003,0.0
2026-03-17 11:50:47.659821,DONE,51.4234127,-2.6714146,0.003,0.0
2026-03-17 11:50:49.357668,DONE,51.4234127,-2.6714146,0.003,0.0
2026-03-17 11:50:51.070611,DONE,51.4234127,-2.6714146,0.003,0.0
2026-03-17 11:50:52.778840,DONE,51.4234127,-2.6714146,0.003,0.0
2026-03-17 11:50:54.719280,DONE,51.4234127,-2.6714146,0.003,0.0
2026-03-17 11:50:55.737897,DONE,51.4234127,-2.6714146,0.003,0.0
2026-03-17 11:50:57.528375,DONE,51.4234127,-2.6714146,0.002,0.0
2026-03-17 11:50:59.251459,DONE,51.4234127,-2.6714146,0.003,0.0
2026-03-17 11:51:01.104843,DONE,51.4234127,-2.6714146,0.003,0.0
2026-03-17 11:51:03.035328,DONE,51.4234127,-2.6714146,0.003,0.0
2026-03-17 11:51:04.829657,DONE,51.4234127,-2.6714146,0.003,0.0
2026-03-17 11:51:06.548000,DONE,51.4234127,-2.6714146,0.003,0.0
2026-03-17 11:51:08.305030,DONE,51.4234127,-2.6714146,0.003,0.0
2026-03-17 11:51:10.005099,DONE,51.4234127,-2.6714146,0.003,0.0
2026-03-17 11:51:11.719458,DONE,51.4234127,-2.6714146,0.003,0.0
2026-03-17 11:51:13.418806,DONE,51.4234127,-2.6714146,0.003,0.0
2026-03-17 11:51:15.100652,DONE,51.4234127,-2.6714146,0.003,0.0
2026-03-17 11:51:16.814890,DONE,51.4234127,-2.6714146,0.002,0.0
2026-03-17 11:51:18.475558,DONE,51.4234127,-2.6714146,0.002,0.0
2026-03-17 11:51:20.206575,DONE,51.4234127,-2.6714148,0.003,0.0
2026-03-17 11:51:21.950477,DONE,51.4234127,-2.6714149,0.003,0.0
2026-03-17 11:51:23.634756,DONE,51.4234127,-2.6714149,0.003,0.0
2026-03-17 11:51:25.418892,DONE,51.4234127,-2.671415,0.003,0.0
2026-03-17 11:51:27.092021,DONE,51.4234127,-2.671415,0.004,0.0
2026-03-17 11:51:28.744430,DONE,51.4234127,-2.671415,0.003,0.0
2026-03-17 11:51:30.521964,DONE,51.4234127,-2.671415,0.003,0.0
2026-03-17 11:51:32.202075,DONE,51.4234127,-2.671415,0.003,0.0
2026-03-17 11:51:33.871490,DONE,51.4234127,-2.671415,0.003,0.0
2026-03-17 11:51:35.695346,DONE,51.4234127,-2.671415,0.003,0.0
2026-03-17 11:51:37.406819,DONE,51.4234127,-2.671415,0.003,0.0
2026-03-17 11:51:39.086073,DONE,51.4234127,-2.671415,0.003,0.0
2026-03-17 11:51:40.774457,DONE,51.4234127,-2.671415,0.003,0.0
2026-03-17 11:51:42.469218,DONE,51.4234127,-2.671415,0.003,0.0
2026-03-17 11:51:44.165638,DONE,51.4234127,-2.671415,0.003,0.0
2026-03-17 11:51:45.841132,DONE,51.4234127,-2.671415,0.003,0.0
2026-03-17 11:51:47.523668,DONE,51.4234127,-2.671415,0.003,0.0
2026-03-17 11:51:49.173569,DONE,51.4234127,-2.671415,0.003,0.0
2026-03-17 11:51:50.845580,DONE,51.4234127,-2.671415,0.003,0.0
2026-03-17 11:51:52.537534,DONE,51.4234127,-2.671415,0.003,0.0
2026-03-17 11:51:54.371739,DONE,51.4234127,-2.671415,0.003,0.0
2026-03-17 11:51:55.380155,DONE,51.4234127,-2.671415,0.002,0.0
2026-03-17 11:51:57.196037,DONE,51.4234127,-2.671415,0.003,0.0
2026-03-17 11:51:58.904099,DONE,51.4234127,-2.671415,0.003,0.0
2026-03-17 11:52:00.624281,DONE,51.4234127,-2.671415,0.003,0.0
2026-03-17 11:52:02.333510,DONE,51.4234127,-2.671415,0.003,0.0
2026-03-17 11:52:03.999097,DONE,51.4234127,-2.671415,0.003,0.0
2026-03-17 11:52:05.747882,DONE,51.4234127,-2.671415,0.003,0.0
2026-03-17 11:52:07.432293,DONE,51.4234127,-2.671415,0.003,0.0
2026-03-17 11:52:09.137506,DONE,51.4234127,-2.671415,0.003,0.0
2026-03-17 11:52:10.804247,DONE,51.4234127,-2.671415,0.003,0.0
2026-03-17 11:52:12.484670,DONE,51.4234127,-2.671415,0.003,0.0
2026-03-17 11:52:14.172175,DONE,51.4234127,-2.671415,0.003,0.0
2026-03-17 11:52:15.857956,DONE,51.4234127,-2.671415,0.003,0.0
2026-03-17 11:52:17.503194,DONE,51.4234127,-2.671415,0.003,0.0
2026-03-17 11:52:19.164726,DONE,51.4234127,-2.6714149,0.003,0.0
2026-03-17 11:52:20.842928,DONE,51.4234127,-2.6714148,0.003,0.0
2026-03-17 11:52:22.539081,DONE,51.4234127,-2.6714147,0.003,0.0
2026-03-17 11:52:24.279865,DONE,51.4234127,-2.6714147,0.003,0.0
2026-03-17 11:52:25.960664,DONE,51.4234127,-2.6714146,0.003,0.0
2026-03-17 11:52:27.631440,DONE,51.4234127,-2.6714146,0.003,0.0
2026-03-17 11:52:29.318797,DONE,51.4234127,-2.6714146,0.003,0.0
2026-03-17 11:52:31.039727,DONE,51.4234127,-2.6714146,0.003,0.0
2026-03-17 11:52:32.713689,DONE,51.4234127,-2.6714146,0.003,0.0
2026-03-17 11:52:34.441353,DONE,51.4234127,-2.6714146,0.002,0.0
2026-03-17 11:52:36.095253,DONE,51.4234127,-2.6714146,0.003,0.0
2026-03-17 11:52:37.790327,DONE,51.4234127,-2.6714146,0.003,0.0
2026-03-17 11:52:39.466625,DONE,51.4234127,-2.6714146,0.003,0.0
2026-03-17 11:52:41.161687,DONE,51.4234127,-2.6714146,0.003,0.0
2026-03-17 11:52:42.850572,DONE,51.4234127,-2.6714146,0.003,0.0
2026-03-17 11:52:44.592650,DONE,51.4234127,-2.6714146,0.003,0.0
2026-03-17 11:52:46.247235,DONE,51.4234127,-2.6714146,0.002,0.0
2026-03-17 11:52:47.927346,DONE,51.4234127,-2.6714146,0.003,0.0
2026-03-17 11:52:49.593172,DONE,51.4234127,-2.6714146,0.003,0.0
2026-03-17 11:52:51.289475,DONE,51.4234127,-2.6714146,0.003,0.0
2026-03-17 11:52:52.994777,DONE,51.4234127,-2.6714146,0.003,0.0
2026-03-17 11:52:55.015984,DONE,51.4234127,-2.6714146,0.003,0.0
2026-03-17 11:52:56.025131,DONE,51.4234127,-2.6714146,0.003,0.0
2026-03-17 11:52:57.711052,DONE,51.4234127,-2.6714146,0.003,0.0
2026-03-17 11:52:59.398738,DONE,51.4234127,-2.6714146,0.003,0.0
2026-03-17 11:53:01.087818,DONE,51.4234127,-2.6714146,0.003,0.0
2026-03-17 11:53:02.753282,DONE,51.4234127,-2.6714146,0.003,0.0
2026-03-17 11:53:04.574163,DONE,51.4234127,-2.6714146,0.003,0.0
2026-03-17 11:53:05.586974,DONE,51.4234127,-2.6714146,0.003,0.0
2026-03-17 11:53:06.588989,DONE,51.4234127,-2.6714146,0.002,0.0
2026-03-17 11:53:08.287808,DONE,51.4234127,-2.6714146,0.003,0.0
2026-03-17 11:53:10.037368,DONE,51.4234127,-2.6714146,0.003,0.0
2026-03-17 11:53:11.768779,DONE,51.4234127,-2.6714146,0.003,0.0
2026-03-17 11:53:13.452757,DONE,51.4234127,-2.6714146,0.003,0.0
2026-03-17 11:53:15.156485,DONE,51.4234127,-2.6714146,0.003,0.0
2026-03-17 11:53:16.862952,DONE,51.4234127,-2.6714146,0.003,0.0
2026-03-17 11:53:18.570042,DONE,51.4234127,-2.6714146,0.003,0.0
2026-03-17 11:53:20.260905,DONE,51.4234127,-2.6714148,0.002,0.0
2026-03-17 11:53:21.988554,DONE,51.4234127,-2.6714149,0.003,0.0
2026-03-17 11:53:23.682382,DONE,51.4234127,-2.6714149,0.003,0.0
2026-03-17 11:53:25.441610,DONE,51.4234127,-2.671415,0.003,0.0
2026-03-17 11:53:27.180474,DONE,51.4234127,-2.671415,0.003,0.0
2026-03-17 11:53:28.966454,DONE,51.4234127,-2.671415,0.003,0.0
2026-03-17 11:53:30.748463,DONE,51.4234127,-2.671415,0.003,0.0
2026-03-17 11:53:32.624100,DONE,51.4234127,-2.671415,0.003,0.0
2026-03-17 11:53:34.320632,DONE,51.4234127,-2.671415,0.003,0.0
2026-03-17 11:53:36.022229,DONE,51.4234127,-2.671415,0.003,0.0
2026-03-17 11:53:37.725377,DONE,51.4234127,-2.671415,0.003,0.0
2026-03-17 11:53:38.773502,DONE,51.4234127,-2.671415,0.003,0.0
2026-03-17 11:53:39.833678,DONE,51.4234127,-2.671415,0.003,0.0
2026-03-17 11:53:41.728750,DONE,51.4234127,-2.671415,0.003,0.0
2026-03-17 11:53:43.582571,DONE,51.4234127,-2.671415,0.003,0.0
2026-03-17 11:53:45.339767,DONE,51.4234127,-2.671415,0.003,0.0
2026-03-17 11:53:47.190078,DONE,51.4234127,-2.671415,0.003,0.0
2026-03-17 11:53:49.044213,DONE,51.4234127,-2.671415,0.003,0.0
2026-03-17 11:53:50.769449,DONE,51.4234127,-2.671415,0.003,0.0
2026-03-17 11:53:52.412829,DONE,51.4234127,-2.671415,0.003,0.0
2026-03-17 11:53:54.235519,DONE,51.4234127,-2.671415,0.003,0.0
2026-03-17 11:53:55.241749,DONE,51.4234127,-2.671415,0.003,0.0
2026-03-17 11:53:57.074058,DONE,51.4234127,-2.671415,0.003,0.0
2026-03-17 11:53:58.785873,DONE,51.4234127,-2.671415,0.003,0.0
2026-03-17 11:54:00.610443,DONE,51.4234127,-2.671415,0.002,0.0
2026-03-17 11:54:02.278691,DONE,51.4234127,-2.671415,0.003,0.0
2026-03-17 11:54:03.977447,DONE,51.4234127,-2.671415,0.003,0.0
2026-03-17 11:54:05.736935,DONE,51.4234127,-2.671415,0.003,0.0
2026-03-17 11:54:07.396502,DONE,51.4234127,-2.671415,0.003,0.0
2026-03-17 11:54:09.095711,DONE,51.4234127,-2.671415,0.003,0.0
2026-03-17 11:54:10.805575,DONE,51.4234127,-2.671415,0.003,0.0
2026-03-17 11:54:12.490718,DONE,51.4234127,-2.671415,0.003,0.0
2026-03-17 11:54:14.208118,DONE,51.4234127,-2.671415,0.003,0.0
2026-03-17 11:54:16.102985,DONE,51.4234127,-2.671415,0.003,0.0
2026-03-17 11:54:17.909936,DONE,51.4234127,-2.671415,0.003,0.0
2026-03-17 11:54:19.626489,DONE,51.4234127,-2.6714148,0.003,0.0
2026-03-17 11:54:21.285847,DONE,51.4234127,-2.6714147,0.003,0.0
2026-03-17 11:54:22.958892,DONE,51.4234127,-2.6714147,0.003,0.0
2026-03-17 11:54:24.674528,DONE,51.4234127,-2.6714146,0.003,0.0
2026-03-17 11:54:26.392002,DONE,51.4234127,-2.6714146,0.003,0.0
2026-03-17 11:54:28.062005,DONE,51.4234127,-2.6714146,0.003,0.0
2026-03-17 11:54:29.756459,DONE,51.4234127,-2.6714146,0.003,0.0
2026-03-17 11:54:31.451831,DONE,51.4234127,-2.6714146,0.003,0.0
2026-03-17 11:54:33.134824,DONE,51.4234127,-2.6714146,0.003,0.0
2026-03-17 11:54:34.832302,DONE,51.4234127,-2.6714146,0.002,0.0
2026-03-17 11:54:36.503199,DONE,51.4234127,-2.6714146,0.003,0.0
2026-03-17 11:54:38.149095,DONE,51.4234127,-2.6714146,0.003,0.0
2026-03-17 11:54:39.879564,DONE,51.4234127,-2.6714146,0.003,0.0
2026-03-17 11:54:41.564053,DONE,51.4234127,-2.6714146,0.003,0.0
2026-03-17 11:54:43.272774,DONE,51.4234127,-2.6714146,0.003,0.0
2026-03-17 11:54:45.042082,DONE,51.4234127,-2.6714146,0.002,0.0
2026-03-17 11:54:46.735982,DONE,51.4234127,-2.6714146,0.003,0.0
2026-03-17 11:54:48.402122,DONE,51.4234127,-2.6714146,0.003,0.0
2026-03-17 11:54:50.110578,DONE,51.4234127,-2.6714146,0.003,0.0
2026-03-17 11:54:51.826486,DONE,51.4234127,-2.6714146,0.003,0.0
2026-03-17 11:54:53.516946,DONE,51.4234127,-2.6714146,0.003,0.0
2026-03-17 11:54:55.501604,DONE,51.4234127,-2.6714146,0.003,0.0
2026-03-17 11:54:57.352449,DONE,51.4234127,-2.6714146,0.003,0.0
2026-03-17 11:54:59.075130,DONE,51.4234127,-2.6714146,0.003,0.0
2026-03-17 11:55:00.809781,DONE,51.4234127,-2.6714146,0.002,0.0
2026-03-17 11:55:02.455475,DONE,51.4234127,-2.6714146,0.003,0.0
2026-03-17 11:55:04.116352,DONE,51.4234127,-2.6714146,0.003,0.0
2026-03-17 11:55:05.883452,DONE,51.4234127,-2.6714146,0.003,0.0
2026-03-17 11:55:07.565679,DONE,51.4234127,-2.6714146,0.003,0.0
2026-03-17 11:55:09.258997,DONE,51.4234127,-2.6714146,0.003,0.0
2026-03-17 11:55:10.927660,DONE,51.4234127,-2.6714146,0.003,0.0
2026-03-17 11:55:12.664346,DONE,51.4234127,-2.6714146,0.002,0.0
2026-03-17 11:55:14.401378,DONE,51.4234127,-2.6714146,0.003,0.0
2026-03-17 11:55:16.272754,DONE,51.4234127,-2.6714146,0.003,0.0
2026-03-17 11:55:18.025138,DONE,51.4234127,-2.6714146,0.003,0.0
2026-03-17 11:55:19.748995,DONE,51.4234127,-2.6714148,0.003,0.0
2026-03-17 11:55:21.493544,DONE,51.4234127,-2.6714149,0.003,0.0
2026-03-17 11:55:23.202424,DONE,51.4234127,-2.6714149,0.003,0.0
2026-03-17 11:55:24.952780,DONE,51.4234127,-2.671415,0.003,0.0
2026-03-17 11:55:26.624402,DONE,51.4234127,-2.671415,0.003,0.0
2026-03-17 11:55:28.310455,DONE,51.4234127,-2.671415,0.003,0.0
2026-03-17 11:55:30.038773,DONE,51.4234127,-2.671415,0.003,0.0
2026-03-17 11:55:31.734537,DONE,51.4234127,-2.671415,0.003,0.0
2026-03-17 11:55:33.438524,DONE,51.4234127,-2.671415,0.003,0.0
2026-03-17 11:55:35.131744,DONE,51.4234127,-2.671415,0.003,0.0
2026-03-17 11:55:36.825012,DONE,51.4234127,-2.671415,0.003,0.0
2026-03-17 11:55:38.504401,DONE,51.4234127,-2.671415,0.002,0.0
2026-03-17 11:55:40.241009,DONE,51.4234127,-2.671415,0.003,0.0
2026-03-17 11:55:41.906032,DONE,51.4234127,-2.671415,0.003,0.0
2026-03-17 11:55:43.621642,DONE,51.4234127,-2.671415,0.003,0.0
2026-03-17 11:55:45.371160,DONE,51.4234127,-2.671415,0.003,0.0
2026-03-17 11:55:47.110567,DONE,51.4234127,-2.671415,0.003,0.0
2026-03-17 11:55:48.840848,DONE,51.4234127,-2.671415,0.003,0.0
2026-03-17 11:55:50.558226,DONE,51.4234127,-2.671415,0.003,0.0
2026-03-17 11:55:52.309782,DONE,51.4234127,-2.671415,0.002,0.0
2026-03-17 11:55:54.126913,DONE,51.4234127,-2.671415,0.003,0.0
2026-03-17 11:55:55.144296,DONE,51.4234127,-2.671415,0.003,0.0
2026-03-17 11:55:56.150647,DONE,51.4234127,-2.671415,0.003,0.0
2026-03-17 11:55:57.881755,DONE,51.4234127,-2.671415,0.003,0.0
2026-03-17 11:55:59.633995,DONE,51.4234127,-2.671415,0.003,0.0
2026-03-17 11:56:01.343633,DONE,51.4234127,-2.671415,0.003,0.0
2026-03-17 11:56:03.078702,DONE,51.4234127,-2.671415,0.003,0.0
2026-03-17 11:56:04.859311,DONE,51.4234127,-2.671415,0.003,0.0
2026-03-17 11:56:06.533969,DONE,51.4234127,-2.671415,0.003,0.0
2026-03-17 11:56:08.229301,DONE,51.4234127,-2.671415,0.003,0.0
2026-03-17 11:56:09.970912,DONE,51.4234127,-2.671415,0.003,0.0
2026-03-17 11:56:11.665197,DONE,51.4234127,-2.671415,0.003,0.0
2026-03-17 11:56:13.362029,DONE,51.4234127,-2.671415,0.003,0.0
2026-03-17 11:56:15.114419,DONE,51.4234127,-2.671415,0.003,0.0
2026-03-17 11:56:16.805618,DONE,51.4234127,-2.671415,0.003,0.0
2026-03-17 11:56:18.515917,DONE,51.4234127,-2.6714149,0.002,0.0
2026-03-17 11:56:20.260372,DONE,51.4234127,-2.6714148,0.003,0.0
2026-03-17 11:56:21.963716,DONE,51.4234127,-2.6714147,0.003,0.0
2026-03-17 11:56:23.664265,DONE,51.4234127,-2.6714147,0.003,0.0
2026-03-17 11:56:25.451994,DONE,51.4234127,-2.6714146,0.003,0.0
2026-03-17 11:56:27.172575,DONE,51.4234127,-2.6714146,0.003,0.0
2026-03-17 11:56:28.895759,DONE,51.4234127,-2.6714146,0.003,0.0
2026-03-17 11:56:30.624340,DONE,51.4234127,-2.6714146,0.003,0.0
2026-03-17 11:56:32.383529,DONE,51.4234127,-2.6714146,0.003,0.0
2026-03-17 11:56:34.071656,DONE,51.4234127,-2.6714146,0.003,0.0
2026-03-17 11:56:35.794549,DONE,51.4234127,-2.6714146,0.002,0.0
2026-03-17 11:56:37.448716,DONE,51.4234127,-2.6714146,0.003,0.0
2026-03-17 11:56:39.147544,DONE,51.4234127,-2.6714146,0.003,0.0
2026-03-17 11:56:40.958803,DONE,51.4234127,-2.6714146,0.003,0.0
2026-03-17 11:56:42.675196,DONE,51.4234127,-2.6714146,0.003,0.0
2026-03-17 11:56:44.375579,DONE,51.4234127,-2.6714146,0.003,0.0
2026-03-17 11:56:46.118973,DONE,51.4234127,-2.6714146,0.003,0.0
2026-03-17 11:56:47.830333,DONE,51.4234127,-2.6714146,0.003,0.0
2026-03-17 11:56:49.536972,DONE,51.4234127,-2.6714146,0.003,0.0
2026-03-17 11:56:51.259949,DONE,51.4234127,-2.6714146,0.003,0.0
2026-03-17 11:56:52.948319,DONE,51.4234127,-2.6714146,0.002,0.0
2026-03-17 11:56:54.898114,DONE,51.4234127,-2.6714146,0.003,0.0
2026-03-17 11:56:55.917249,DONE,51.4234127,-2.6714146,0.003,0.0
2026-03-17 11:56:57.691863,DONE,51.4234127,-2.6714146,0.003,0.0
2026-03-17 11:56:59.400249,DONE,51.4234127,-2.6714146,0.003,0.0
2026-03-17 11:57:01.100829,DONE,51.4234127,-2.6714146,0.003,0.0
2026-03-17 11:57:02.814305,DONE,51.4234127,-2.6714146,0.003,0.0
2026-03-17 11:57:04.568112,DONE,51.4234127,-2.6714146,0.003,0.0
2026-03-17 11:57:06.385062,DONE,51.4234127,-2.6714146,0.003,0.0
2026-03-17 11:57:08.117952,DONE,51.4234127,-2.6714146,0.003,0.0
2026-03-17 11:57:09.911237,DONE,51.4234127,-2.6714146,0.002,0.0
2026-03-17 11:57:11.707488,DONE,51.4234127,-2.6714146,0.003,0.0
2026-03-17 11:57:13.417700,DONE,51.4234127,-2.6714146,0.003,0.0
2026-03-17 11:57:15.151975,DONE,51.4234127,-2.6714146,0.003,0.0
2026-03-17 11:57:16.861392,DONE,51.4234127,-2.6714146,0.003,0.0
2026-03-17 11:57:18.539864,DONE,51.4234127,-2.6714147,0.003,0.0
2026-03-17 11:57:20.339066,DONE,51.4234127,-2.6714148,0.003,0.0
2026-03-17 11:57:22.047974,DONE,51.4234127,-2.6714149,0.003,0.0
2026-03-17 11:57:23.765592,DONE,51.4234127,-2.6714149,0.003,0.0
2026-03-17 11:57:25.478089,DONE,51.4234127,-2.671415,0.003,0.0
2026-03-17 11:57:27.206626,DONE,51.4234127,-2.671415,0.003,0.0
2026-03-17 11:57:28.939553,DONE,51.4234127,-2.671415,0.004,0.0
2026-03-17 11:57:30.641263,DONE,51.4234127,-2.671415,0.003,0.0
2026-03-17 11:57:32.417624,DONE,51.4234127,-2.671415,0.002,0.0
2026-03-17 11:57:34.099776,DONE,51.4234127,-2.671415,0.003,0.0
2026-03-17 11:57:35.795931,DONE,51.4234127,-2.671415,0.003,0.0
2026-03-17 11:57:37.465557,DONE,51.4234127,-2.671415,0.003,0.0
2026-03-17 11:57:39.165550,DONE,51.4234127,-2.671415,0.003,0.0
2026-03-17 11:57:40.885518,DONE,51.4234127,-2.671415,0.003,0.0
2026-03-17 11:57:42.595457,DONE,51.4234127,-2.671415,0.003,0.0
2026-03-17 11:57:44.329851,DONE,51.4234127,-2.671415,0.003,0.0
2026-03-17 11:57:46.044034,DONE,51.4234127,-2.671415,0.003,0.0
2026-03-17 11:57:47.751478,DONE,51.4234127,-2.671415,0.003,0.0
2026-03-17 11:57:49.481201,DONE,51.4234127,-2.671415,0.003,0.0
2026-03-17 11:57:51.188424,DONE,51.4234127,-2.671415,0.002,0.0
2026-03-17 11:57:52.869903,DONE,51.4234127,-2.671415,0.003,0.0
2026-03-17 11:57:54.806738,DONE,51.4234127,-2.671415,0.003,0.0
2026-03-17 11:57:55.833858,DONE,51.4234127,-2.671415,0.003,0.0
2026-03-17 11:57:57.584813,DONE,51.4234127,-2.671415,0.003,0.0
2026-03-17 11:57:59.296836,DONE,51.4234127,-2.671415,0.003,0.0
2026-03-17 11:58:01.091863,DONE,51.4234127,-2.671415,0.003,0.0
2026-03-17 11:58:03.091149,DONE,51.4234127,-2.671415,0.003,0.0
2026-03-17 11:58:05.097538,DONE,51.4234127,-2.671415,0.003,0.0
2026-03-17 11:58:06.868358,DONE,51.4234127,-2.671415,0.003,0.0
2026-03-17 11:58:08.688448,DONE,51.4234127,-2.671415,0.003,0.0
2026-03-17 11:58:10.587541,DONE,51.4234127,-2.671415,0.003,0.0
2026-03-17 11:58:12.304261,DONE,51.4234127,-2.671415,0.003,0.0
2026-03-17 11:58:14.015884,DONE,51.4234127,-2.671415,0.003,0.0
2026-03-17 11:58:15.824887,DONE,51.4234127,-2.671415,0.003,0.0
2026-03-17 11:58:17.529124,DONE,51.4234127,-2.671415,0.003,0.0
2026-03-17 11:58:19.232405,DONE,51.4234127,-2.6714148,0.003,0.0
2026-03-17 11:58:20.970376,DONE,51.4234127,-2.6714147,0.003,0.0
2026-03-17 11:58:22.665872,DONE,51.4234127,-2.6714147,0.003,0.0
2026-03-17 11:58:24.461667,DONE,51.4234127,-2.6714147,0.003,0.0
2026-03-17 11:58:26.358247,DONE,51.4234127,-2.6714146,0.003,0.0
2026-03-17 11:58:28.160309,DONE,51.4234127,-2.6714146,0.003,0.0
2026-03-17 11:58:29.182154,DONE,51.4234127,-2.6714146,0.003,0.0
2026-03-17 11:58:31.147116,DONE,51.4234127,-2.6714146,0.003,0.0
2026-03-17 11:58:32.265614,DONE,51.4234127,-2.6714146,0.003,0.0
2026-03-17 11:58:33.810921,DONE,51.4234127,-2.6714146,0.002,0.0
2026-03-17 11:58:34.926294,DONE,51.4234127,-2.6714146,0.002,0.0
2026-03-17 11:58:35.936134,DONE,51.4234127,-2.6714146,0.002,0.0
2026-03-17 11:58:37.771877,DONE,51.4234127,-2.6714146,0.003,0.0
2026-03-17 11:58:39.633104,DONE,51.4234127,-2.6714146,0.003,0.0
2026-03-17 11:58:41.760417,DONE,51.4234127,-2.6714146,0.003,0.0
2026-03-17 11:58:42.961197,DONE,51.4234127,-2.6714146,0.003,0.0
2026-03-17 11:58:44.096122,DONE,51.4234127,-2.6714146,0.003,0.0
2026-03-17 11:58:46.021069,DONE,51.4234127,-2.6714146,0.003,0.0
2026-03-17 11:58:47.904938,DONE,51.4234127,-2.6714146,0.003,0.0
2026-03-17 11:58:49.797877,DONE,51.4234127,-2.6714146,0.003,0.0
2026-03-17 11:58:51.780036,DONE,51.4234127,-2.6714146,0.003,0.0
2026-03-17 11:58:52.890382,DONE,51.4234127,-2.6714146,0.003,0.0
2026-03-17 11:58:54.107826,DONE,51.4234127,-2.6714146,0.003,0.0
2026-03-17 11:58:55.656579,DONE,51.4234127,-2.6714146,0.003,0.0
2026-03-17 11:58:57.236688,DONE,51.4234127,-2.6714146,0.003,0.0
2026-03-17 11:58:58.757550,DONE,51.4234127,-2.6714146,0.003,0.0
2026-03-17 11:58:59.839092,DONE,51.4234127,-2.6714146,0.003,0.0
2026-03-17 11:59:01.203680,DONE,51.4234127,-2.6714146,0.003,0.0
2026-03-17 11:59:02.665776,DONE,51.4234127,-2.6714146,0.003,0.0
2026-03-17 11:59:04.094652,DONE,51.4234127,-2.6714146,0.003,0.0
2026-03-17 11:59:05.489017,DONE,51.4234127,-2.6714146,0.003,0.0
2026-03-17 11:59:06.810664,DONE,51.4234127,-2.6714146,0.002,0.0
2026-03-17 11:59:07.970879,DONE,51.4234127,-2.6714146,0.003,0.0
2026-03-17 11:59:09.388425,DONE,51.4234127,-2.6714146,0.003,0.0
2026-03-17 11:59:10.552250,DONE,51.4234127,-2.6714146,0.003,0.0
2026-03-17 11:59:11.577573,DONE,51.4234127,-2.6714146,0.003,0.0
2026-03-17 11:59:12.610219,DONE,51.4234127,-2.6714146,0.003,0.0
2026-03-17 11:59:13.786469,DONE,51.4234127,-2.6714146,0.003,0.0
2026-03-17 11:59:14.904129,DONE,51.4234127,-2.6714146,0.003,0.0
2026-03-17 11:59:16.069845,DONE,51.4234127,-2.6714146,0.003,0.0
2026-03-17 11:59:17.286516,DONE,51.4234127,-2.6714146,0.003,0.0
2026-03-17 11:59:19.260698,DONE,51.4234127,-2.6714148,0.002,0.0
2026-03-17 11:59:21.119208,DONE,51.4234127,-2.6714149,0.003,0.0
2026-03-17 11:59:22.165190,DONE,51.4234127,-2.6714149,0.003,0.0
2026-03-17 11:59:23.221926,DONE,51.4234127,-2.6714149,0.003,0.0
2026-03-17 11:59:25.123322,DONE,51.4234127,-2.671415,0.003,0.0
2026-03-17 11:59:26.998238,DONE,51.4234127,-2.671415,0.003,0.0
2026-03-17 11:59:28.980193,DONE,51.4234127,-2.671415,0.003,0.0
2026-03-17 11:59:30.173003,DONE,51.4234127,-2.671415,0.003,0.0
2026-03-17 11:59:32.113605,DONE,51.4234127,-2.671415,0.003,0.0
2026-03-17 11:59:33.929843,DONE,51.4234127,-2.671415,0.003,0.0
2026-03-17 11:59:35.757174,DONE,51.4234127,-2.671415,0.003,0.0
2026-03-17 11:59:37.525026,DONE,51.4234127,-2.671415,0.003,0.0
2026-03-17 11:59:39.317259,DONE,51.4234127,-2.671415,0.002,0.0
2026-03-17 11:59:41.051968,DONE,51.4234127,-2.671415,0.003,0.0
2026-03-17 11:59:42.799795,DONE,51.4234127,-2.671415,0.003,0.0
2026-03-17 11:59:44.772774,DONE,51.4234127,-2.671415,0.003,0.0
2026-03-17 11:59:46.621777,DONE,51.4234127,-2.671415,0.003,0.0
2026-03-17 11:59:48.377865,DONE,51.4234127,-2.671415,0.003,0.0
2026-03-17 11:59:50.139375,DONE,51.4234127,-2.671415,0.003,0.0
2026-03-17 11:59:51.929005,DONE,51.4234127,-2.671415,0.003,0.0
2026-03-17 11:59:53.746241,DONE,51.4234127,-2.671415,0.003,0.0
2026-03-17 11:59:54.794750,DONE,51.4234127,-2.671415,0.003,0.0
2026-03-17 11:59:55.825933,DONE,51.4234127,-2.671415,0.003,0.0
2026-03-17 11:59:57.644620,DONE,51.4234127,-2.671415,0.003,0.0
2026-03-17 11:59:59.395615,DONE,51.4234127,-2.671415,0.003,0.0
2026-03-17 12:00:01.177728,DONE,51.4234127,-2.671415,0.003,0.0
2026-03-17 12:00:02.972150,DONE,51.4234127,-2.671415,0.003,0.0
2026-03-17 12:00:04.846532,DONE,51.4234127,-2.671415,0.003,0.0
2026-03-17 12:00:06.627019,DONE,51.4234127,-2.671415,0.003,0.0
2026-03-17 12:00:08.368937,DONE,51.4234127,-2.671415,0.003,0.0
2026-03-17 12:00:10.165270,DONE,51.4234127,-2.671415,0.003,0.0
2026-03-17 12:00:11.904481,DONE,51.4234127,-2.671415,0.003,0.0
2026-03-17 12:00:13.631122,DONE,51.4234127,-2.671415,0.003,0.0
2026-03-17 12:00:15.370558,DONE,51.4234127,-2.671415,0.003,0.0
2026-03-17 12:00:17.066462,DONE,51.4234127,-2.671415,0.003,0.0
2026-03-17 12:00:18.773164,DONE,51.4234127,-2.6714149,0.002,0.0
2026-03-17 12:00:20.541456,DONE,51.4234127,-2.6714148,0.002,0.0
2026-03-17 12:00:22.279777,DONE,51.4234127,-2.6714147,0.003,0.0
2026-03-17 12:00:24.454310,DONE,51.4234127,-2.6714147,0.003,0.0
2026-03-17 12:00:25.486006,DONE,51.4234127,-2.6714146,0.003,0.0
2026-03-17 12:00:27.288038,DONE,51.4234127,-2.6714146,0.003,0.0
2026-03-17 12:00:29.033059,DONE,51.4234127,-2.6714146,0.003,0.0
2026-03-17 12:00:30.931772,DONE,51.4234127,-2.6714146,0.002,0.0
2026-03-17 12:00:32.755608,DONE,51.4234127,-2.6714146,0.003,0.0
2026-03-17 12:00:34.476162,DONE,51.4234127,-2.6714146,0.003,0.0
2026-03-17 12:00:36.186641,DONE,51.4234127,-2.6714146,0.003,0.0
2026-03-17 12:00:37.912499,DONE,51.4234127,-2.6714146,0.003,0.0
2026-03-17 12:00:39.649110,DONE,51.4234127,-2.6714146,0.002,0.0
2026-03-17 12:00:41.384867,DONE,51.4234127,-2.6714146,0.002,0.0
2026-03-17 12:00:43.135452,DONE,51.4234127,-2.6714146,0.003,0.0
2026-03-17 12:00:44.916524,DONE,51.4234127,-2.6714146,0.003,0.0
2026-03-17 12:00:46.719448,DONE,51.4234127,-2.6714146,0.003,0.0
2026-03-17 12:00:48.443935,DONE,51.4234127,-2.6714146,0.003,0.0
2026-03-17 12:00:50.155413,DONE,51.4234127,-2.6714146,0.003,0.0
2026-03-17 12:00:51.871805,DONE,51.4234127,-2.6714146,0.003,0.0
2026-03-17 12:00:53.644409,DONE,51.4234127,-2.6714146,0.003,0.0
2026-03-17 12:00:54.649388,DONE,51.4234127,-2.6714146,0.003,0.0
2026-03-17 12:00:56.580133,DONE,51.4234127,-2.6714146,0.003,0.0
2026-03-17 12:00:58.288233,DONE,51.4234127,-2.6714146,0.003,0.0
2026-03-17 12:01:00.035980,DONE,51.4234127,-2.6714146,0.003,0.0
2026-03-17 12:01:01.788570,DONE,51.4234127,-2.6714146,0.002,0.0
2026-03-17 12:01:03.596127,DONE,51.4234127,-2.6714146,0.003,0.0
2026-03-17 12:01:05.379662,DONE,51.4234127,-2.6714146,0.003,0.0
2026-03-17 12:01:07.144698,DONE,51.4234127,-2.6714146,0.003,0.0
2026-03-17 12:01:08.915687,DONE,51.4234127,-2.6714146,0.003,0.0
2026-03-17 12:01:10.632114,DONE,51.4234127,-2.6714146,0.003,0.0
2026-03-17 12:01:12.307245,DONE,51.4234127,-2.6714146,0.003,0.0
2026-03-17 12:01:14.036823,DONE,51.4234127,-2.6714146,0.003,0.0
2026-03-17 12:01:15.815938,DONE,51.4234127,-2.6714146,0.003,0.0
2026-03-17 12:01:17.552937,DONE,51.4234127,-2.6714146,0.003,0.0
2026-03-17 12:01:19.260995,DONE,51.4234127,-2.6714148,0.003,0.0
2026-03-17 12:01:20.970841,DONE,51.4234127,-2.6714149,0.003,0.0
2026-03-17 12:01:22.708135,DONE,51.4234127,-2.6714149,0.003,0.0
2026-03-17 12:01:24.474305,DONE,51.4234127,-2.671415,0.003,0.0
2026-03-17 12:01:26.180914,DONE,51.4234127,-2.671415,0.003,0.0
2026-03-17 12:01:27.903938,DONE,51.4234127,-2.671415,0.003,0.0
2026-03-17 12:01:29.620605,DONE,51.4234127,-2.671415,0.003,0.0
2026-03-17 12:01:31.322332,DONE,51.4234127,-2.671415,0.003,0.0
2026-03-17 12:01:33.069710,DONE,51.4234127,-2.671415,0.003,0.0
2026-03-17 12:01:34.824155,DONE,51.4234127,-2.671415,0.003,0.0
2026-03-17 12:01:36.535705,DONE,51.4234127,-2.671415,0.003,0.0
2026-03-17 12:01:38.215301,DONE,51.4234127,-2.671415,0.003,0.0
2026-03-17 12:01:39.957343,DONE,51.4234127,-2.671415,0.003,0.0
2026-03-17 12:01:41.649413,DONE,51.4234127,-2.671415,0.003,0.0
2026-03-17 12:01:43.327035,DONE,51.4234127,-2.671415,0.003,0.0
2026-03-17 12:01:45.071025,DONE,51.4234127,-2.671415,0.003,0.0
2026-03-17 12:01:46.793447,DONE,51.4234127,-2.671415,0.003,0.0
2026-03-17 12:01:48.493499,DONE,51.4234127,-2.671415,0.002,0.0
2026-03-17 12:01:50.188022,DONE,51.4234127,-2.671415,0.003,0.0
2026-03-17 12:01:51.900268,DONE,51.4234127,-2.671415,0.003,0.0
2026-03-17 12:01:53.633924,DONE,51.4234127,-2.671415,0.003,0.0
2026-03-17 12:01:54.645906,DONE,51.4234127,-2.671415,0.003,0.0
2026-03-17 12:01:55.660139,DONE,51.4234127,-2.671415,0.003,0.0
2026-03-17 12:01:57.458121,DONE,51.4234127,-2.671415,0.003,0.0
2026-03-17 12:01:59.143207,DONE,51.4234127,-2.671415,0.003,0.0
2026-03-17 12:02:00.963044,DONE,51.4234127,-2.671415,0.003,0.0
2026-03-17 12:02:02.693265,DONE,51.4234127,-2.671415,0.003,0.0
2026-03-17 12:02:04.374608,DONE,51.4234127,-2.671415,0.003,0.0
2026-03-17 12:02:06.125354,DONE,51.4234127,-2.671415,0.003,0.0
2026-03-17 12:02:07.815549,DONE,51.4234127,-2.671415,0.003,0.0
2026-03-17 12:02:09.525167,DONE,51.4234127,-2.671415,0.003,0.0
2026-03-17 12:02:11.178564,DONE,51.4234127,-2.671415,0.003,0.0
2026-03-17 12:02:12.875759,DONE,51.4234127,-2.671415,0.003,0.0
2026-03-17 12:02:14.597561,DONE,51.4234127,-2.671415,0.003,0.0
2026-03-17 12:02:16.294655,DONE,51.4234127,-2.671415,0.003,0.0
2026-03-17 12:02:18.028312,DONE,51.4234127,-2.6714149,0.003,0.0
2026-03-17 12:02:19.752123,DONE,51.4234127,-2.6714148,0.002,0.0
2026-03-17 12:02:21.452792,DONE,51.4234127,-2.6714147,0.003,0.0
2026-03-17 12:02:23.158245,DONE,51.4234127,-2.6714147,0.003,0.0
2026-03-17 12:02:24.865411,DONE,51.4234127,-2.6714146,0.003,0.0
2026-03-17 12:02:26.534202,DONE,51.4234127,-2.6714146,0.003,0.0
2026-03-17 12:02:28.302171,DONE,51.4234127,-2.6714146,0.002,0.0
2026-03-17 12:02:30.068257,DONE,51.4234127,-2.6714146,0.003,0.0
2026-03-17 12:02:31.863447,DONE,51.4234127,-2.6714146,0.003,0.0
2026-03-17 12:02:33.558828,DONE,51.4234127,-2.6714146,0.002,0.0
2026-03-17 12:02:35.285339,DONE,51.4234127,-2.6714146,0.002,0.0
2026-03-17 12:02:37.004156,DONE,51.4234127,-2.6714146,0.003,0.0
2026-03-17 12:02:38.698546,DONE,51.4234127,-2.6714146,0.003,0.0
2026-03-17 12:02:40.405801,DONE,51.4234127,-2.6714146,0.003,0.0
2026-03-17 12:02:42.110584,DONE,51.4234127,-2.6714146,0.003,0.0
2026-03-17 12:02:43.844833,DONE,51.4234127,-2.6714146,0.003,0.0
2026-03-17 12:02:45.651255,DONE,51.4234127,-2.6714146,0.003,0.0
2026-03-17 12:02:47.343720,DONE,51.4234127,-2.6714146,0.003,0.0
2026-03-17 12:02:49.026223,DONE,51.4234127,-2.6714146,0.003,0.0
2026-03-17 12:02:50.721011,DONE,51.4234127,-2.6714146,0.003,0.0
2026-03-17 12:02:52.411426,DONE,51.4234127,-2.6714146,0.003,0.0
2026-03-17 12:02:54.296256,DONE,51.4234127,-2.6714146,0.003,0.0
2026-03-17 12:02:55.333563,DONE,51.4234127,-2.6714146,0.003,0.0
2026-03-17 12:02:56.351067,DONE,51.4234127,-2.6714146,0.002,0.0
2026-03-17 12:02:58.094278,DONE,51.4234127,-2.6714146,0.003,0.0
2026-03-17 12:02:59.929179,DONE,51.4234127,-2.6714146,0.003,0.0
2026-03-17 12:03:01.739478,DONE,51.4234127,-2.6714146,0.003,0.0
2026-03-17 12:03:03.470045,DONE,51.4234127,-2.6714146,0.003,0.0
2026-03-17 12:03:05.236282,DONE,51.4234127,-2.6714146,0.003,0.0
2026-03-17 12:03:06.970134,DONE,51.4234127,-2.6714146,0.003,0.0
2026-03-17 12:03:08.674790,DONE,51.4234127,-2.6714146,0.003,0.0
2026-03-17 12:03:10.423799,DONE,51.4234127,-2.6714146,0.003,0.0
2026-03-17 12:03:12.079103,DONE,51.4234127,-2.6714146,0.003,0.0
2026-03-17 12:03:13.770590,DONE,51.4234127,-2.6714146,0.003,0.0
2026-03-17 12:03:15.559713,DONE,51.4234127,-2.6714146,0.003,0.0
2026-03-17 12:03:17.293055,DONE,51.4234127,-2.6714146,0.003,0.0
2026-03-17 12:03:19.009186,DONE,51.4234127,-2.6714148,0.003,0.0
2026-03-17 12:03:20.739443,DONE,51.4234127,-2.6714149,0.003,0.0
2026-03-17 12:03:22.428937,DONE,51.4234127,-2.6714149,0.003,0.0
2026-03-17 12:03:24.126938,DONE,51.4234127,-2.671415,0.003,0.0
2026-03-17 12:03:25.974555,DONE,51.4234127,-2.671415,0.003,0.0
2026-03-17 12:03:27.718317,DONE,51.4234127,-2.671415,0.003,0.0
2026-03-17 12:03:29.561616,DONE,51.4234127,-2.671415,0.003,0.0
2026-03-17 12:03:31.294287,DONE,51.4234127,-2.671415,0.003,0.0
2026-03-17 12:03:33.019992,DONE,51.4234127,-2.671415,0.003,0.0
2026-03-17 12:03:34.814267,DONE,51.4234127,-2.671415,0.003,0.0
2026-03-17 12:03:36.506563,DONE,51.4234127,-2.671415,0.003,0.0
2026-03-17 12:03:38.172931,DONE,51.4234127,-2.671415,0.003,0.0
2026-03-17 12:03:39.873159,DONE,51.4234127,-2.671415,0.003,0.0
2026-03-17 12:03:41.604527,DONE,51.4234127,-2.671415,0.003,0.0
2026-03-17 12:03:43.281150,DONE,51.4234127,-2.671415,0.003,0.0
2026-03-17 12:03:45.009034,DONE,51.4234127,-2.671415,0.003,0.0
2026-03-17 12:03:46.719547,DONE,51.4234127,-2.671415,0.003,0.0
2026-03-17 12:03:48.406313,DONE,51.4234127,-2.671415,0.003,0.0
2026-03-17 12:03:50.147192,DONE,51.4234127,-2.671415,0.003,0.0
2026-03-17 12:03:51.833564,DONE,51.4234127,-2.671415,0.003,0.0
2026-03-17 12:03:53.571218,DONE,51.4234127,-2.671415,0.003,0.0
2026-03-17 12:03:54.623958,DONE,51.4234127,-2.671415,0.003,0.0
2026-03-17 12:03:55.645208,DONE,51.4234127,-2.671415,0.003,0.0
2026-03-17 12:03:57.458608,DONE,51.4234127,-2.671415,0.003,0.0
2026-03-17 12:03:59.181180,DONE,51.4234127,-2.671415,0.003,0.0
2026-03-17 12:04:01.003267,DONE,51.4234127,-2.671415,0.003,0.0
2026-03-17 12:04:02.709964,DONE,51.4234127,-2.671415,0.003,0.0
2026-03-17 12:04:04.406387,DONE,51.4234127,-2.671415,0.003,0.0
2026-03-17 12:04:06.246673,DONE,51.4234127,-2.671415,0.003,0.0
2026-03-17 12:04:07.963644,DONE,51.4234127,-2.671415,0.003,0.0
2026-03-17 12:04:09.663917,DONE,51.4234127,-2.671415,0.003,0.0
2026-03-17 12:04:11.411954,DONE,51.4234127,-2.671415,0.003,0.0
2026-03-17 12:04:13.097073,DONE,51.4234127,-2.671415,0.003,0.0
2026-03-17 12:04:14.856629,DONE,51.4234127,-2.671415,0.003,0.0
2026-03-17 12:04:16.777186,DONE,51.4234127,-2.671415,0.003,0.0
2026-03-17 12:04:18.470745,DONE,51.4234127,-2.6714149,0.003,0.0
2026-03-17 12:04:20.185969,DONE,51.4234127,-2.6714147,0.003,0.0
2026-03-17 12:04:21.870469,DONE,51.4234127,-2.6714147,0.003,0.0
2026-03-17 12:04:23.567377,DONE,51.4234127,-2.6714147,0.003,0.0
2026-03-17 12:04:25.288085,DONE,51.4234127,-2.6714146,0.003,0.0
2026-03-17 12:04:26.991836,DONE,51.4234127,-2.6714146,0.003,0.0
2026-03-17 12:04:28.668352,DONE,51.4234127,-2.6714146,0.002,0.0
2026-03-17 12:04:30.370109,DONE,51.4234127,-2.6714146,0.003,0.0
2026-03-17 12:04:32.063293,DONE,51.4234127,-2.6714146,0.003,0.0
2026-03-17 12:04:33.750793,DONE,51.4234127,-2.6714146,0.003,0.0
2026-03-17 12:04:35.550183,DONE,51.4234127,-2.6714146,0.003,0.0
2026-03-17 12:04:37.242298,DONE,51.4234127,-2.6714146,0.003,0.0
2026-03-17 12:04:38.961997,DONE,51.4234127,-2.6714146,0.003,0.0
2026-03-17 12:04:40.666840,DONE,51.4234127,-2.6714146,0.003,0.0
2026-03-17 12:04:42.369424,DONE,51.4234127,-2.6714146,0.003,0.0
2026-03-17 12:04:44.084455,DONE,51.4234127,-2.6714146,0.003,0.0
2026-03-17 12:04:45.852488,DONE,51.4234127,-2.6714146,0.003,0.0
2026-03-17 12:04:47.541651,DONE,51.4234127,-2.6714146,0.003,0.0
2026-03-17 12:04:49.236258,DONE,51.4234127,-2.6714146,0.002,0.0
2026-03-17 12:04:50.965897,DONE,51.4234127,-2.6714146,0.003,0.0
2026-03-17 12:04:52.639918,DONE,51.4234127,-2.6714146,0.003,0.0
2026-03-17 12:04:54.507490,DONE,51.4234127,-2.6714146,0.003,0.0
2026-03-17 12:04:55.524346,DONE,51.4234127,-2.6714146,0.003,0.0
2026-03-17 12:04:57.327356,DONE,51.4234127,-2.6714146,0.003,0.0
2026-03-17 12:04:59.028307,DONE,51.4234127,-2.6714146,0.003,0.0
2026-03-17 12:05:00.805621,DONE,51.4234127,-2.6714146,0.003,0.0
2026-03-17 12:05:02.558481,DONE,51.4234127,-2.6714146,0.003,0.0
2026-03-17 12:05:04.292619,DONE,51.4234127,-2.6714146,0.003,0.0
2026-03-17 12:05:06.013387,DONE,51.4234127,-2.6714146,0.003,0.0
2026-03-17 12:05:07.690109,DONE,51.4234127,-2.6714146,0.003,0.0
2026-03-17 12:05:09.395505,DONE,51.4234127,-2.6714146,0.002,0.0
2026-03-17 12:05:11.049020,DONE,51.4234127,-2.6714146,0.003,0.0
2026-03-17 12:05:12.745342,DONE,51.4234127,-2.6714146,0.003,0.0
2026-03-17 12:05:14.541007,DONE,51.4234127,-2.6714146,0.002,0.0
2026-03-17 12:05:16.214896,DONE,51.4234127,-2.6714146,0.003,0.0
2026-03-17 12:05:17.960489,DONE,51.4234127,-2.6714147,0.003,0.0
2026-03-17 12:05:19.695165,DONE,51.4234127,-2.6714148,0.003,0.0
2026-03-17 12:05:21.437660,DONE,51.4234127,-2.6714149,0.003,0.0
2026-03-17 12:05:23.142636,DONE,51.4234127,-2.6714149,0.003,0.0
2026-03-17 12:05:24.881955,DONE,51.4234127,-2.671415,0.003,0.0
2026-03-17 12:05:26.556479,DONE,51.4234127,-2.671415,0.003,0.0
2026-03-17 12:05:28.244246,DONE,51.4234127,-2.671415,0.003,0.0
2026-03-17 12:05:29.948161,DONE,51.4234127,-2.671415,0.003,0.0
2026-03-17 12:05:31.648019,DONE,51.4234127,-2.671415,0.003,0.0
2026-03-17 12:05:33.391403,DONE,51.4234127,-2.671415,0.003,0.0
2026-03-17 12:05:35.117971,DONE,51.4234127,-2.671415,0.003,0.0
2026-03-17 12:05:36.767661,DONE,51.4234127,-2.671415,0.003,0.0
2026-03-17 12:05:38.510501,DONE,51.4234127,-2.671415,0.003,0.0
2026-03-17 12:05:40.228965,DONE,51.4234127,-2.671415,0.003,0.0
2026-03-17 12:05:41.907318,DONE,51.4234127,-2.671415,0.003,0.0
2026-03-17 12:05:43.578179,DONE,51.4234127,-2.671415,0.003,0.0
2026-03-17 12:05:45.266072,DONE,51.4234127,-2.671415,0.003,0.0
2026-03-17 12:05:46.958882,DONE,51.4234127,-2.671415,0.003,0.0
2026-03-17 12:05:48.658520,DONE,51.4234127,-2.671415,0.003,0.0
2026-03-17 12:05:50.368710,DONE,51.4234127,-2.671415,0.003,0.0
2026-03-17 12:05:52.077884,DONE,51.4234127,-2.671415,0.002,0.0
2026-03-17 12:05:53.847496,DONE,51.4234127,-2.671415,0.003,0.0
2026-03-17 12:05:54.859802,DONE,51.4234127,-2.671415,0.003,0.0
2026-03-17 12:05:56.734473,DONE,51.4234127,-2.671415,0.003,0.0
2026-03-17 12:05:58.451025,DONE,51.4234127,-2.671415,0.003,0.0
2026-03-17 12:06:00.150333,DONE,51.4234127,-2.671415,0.003,0.0
2026-03-17 12:06:01.836163,DONE,51.4234127,-2.671415,0.003,0.0
2026-03-17 12:06:03.517297,DONE,51.4234127,-2.671415,0.003,0.0
2026-03-17 12:06:05.319720,DONE,51.4234127,-2.671415,0.003,0.0
2026-03-17 12:06:07.094795,DONE,51.4234127,-2.671415,0.003,0.0
2026-03-17 12:06:08.800890,DONE,51.4234127,-2.671415,0.003,0.0
2026-03-17 12:06:10.539194,DONE,51.4234127,-2.671415,0.003,0.0
2026-03-17 12:06:12.203096,DONE,51.4234127,-2.671415,0.003,0.0
2026-03-17 12:06:13.896160,DONE,51.4234127,-2.671415,0.003,0.0
2026-03-17 12:06:15.667857,DONE,51.4234127,-2.671415,0.003,0.0
2026-03-17 12:06:17.370812,DONE,51.4234127,-2.6714149,0.003,0.0
2026-03-17 12:06:19.063724,DONE,51.4234127,-2.6714148,0.003,0.0
2026-03-17 12:06:20.846237,DONE,51.4234127,-2.6714147,0.003,0.0
2026-03-17 12:06:22.594777,DONE,51.4234127,-2.6714147,0.002,0.0
2026-03-17 12:06:24.302551,DONE,51.4234127,-2.6714146,0.003,0.0
2026-03-17 12:06:26.031569,DONE,51.4234127,-2.6714146,0.003,0.0
2026-03-17 12:06:27.693862,DONE,51.4234127,-2.6714146,0.003,0.0
2026-03-17 12:06:29.402368,DONE,51.4234127,-2.6714146,0.003,0.0
2026-03-17 12:06:31.131342,DONE,51.4234127,-2.6714146,0.003,0.0
2026-03-17 12:06:32.817728,DONE,51.4234127,-2.6714146,0.003,0.0
2026-03-17 12:06:34.586621,DONE,51.4234127,-2.6714146,0.003,0.0
2026-03-17 12:06:36.298764,DONE,51.4234127,-2.6714146,0.003,0.0
2026-03-17 12:06:37.983086,DONE,51.4234127,-2.6714146,0.003,0.0
2026-03-17 12:06:39.701909,DONE,51.4234127,-2.6714146,0.003,0.0
2026-03-17 12:06:41.383940,DONE,51.4234127,-2.6714146,0.003,0.0
2026-03-17 12:06:43.043648,DONE,51.4234127,-2.6714146,0.003,0.0
2026-03-17 12:06:44.818062,DONE,51.4234127,-2.6714146,0.002,0.0
2026-03-17 12:06:46.586508,DONE,51.4234127,-2.6714146,0.003,0.0
2026-03-17 12:06:48.268241,DONE,51.4234127,-2.6714146,0.003,0.0
2026-03-17 12:06:49.978845,DONE,51.4234127,-2.6714146,0.003,0.0
2026-03-17 12:06:51.633515,DONE,51.4234127,-2.6714146,0.003,0.0
2026-03-17 12:06:53.334440,DONE,51.4234127,-2.6714146,0.003,0.0
2026-03-17 12:06:55.321451,DONE,51.4234127,-2.6714146,0.003,0.0
2026-03-17 12:06:57.151426,DONE,51.4234127,-2.6714146,0.003,0.0
2026-03-17 12:06:58.886133,DONE,51.4234127,-2.6714146,0.003,0.0
2026-03-17 12:07:00.700558,DONE,51.4234127,-2.6714146,0.002,0.0
2026-03-17 12:07:02.451062,DONE,51.4234127,-2.6714146,0.003,0.0
2026-03-17 12:07:04.176291,DONE,51.4234127,-2.6714146,0.003,0.0
2026-03-17 12:07:05.940214,DONE,51.4234127,-2.6714146,0.003,0.0
2026-03-17 12:07:07.616225,DONE,51.4234127,-2.6714146,0.002,0.0
2026-03-17 12:07:09.421210,DONE,51.4234127,-2.6714146,0.003,0.0
2026-03-17 12:07:11.081742,DONE,51.4234127,-2.6714146,0.003,0.0
2026-03-17 12:07:12.749348,DONE,51.4234127,-2.6714146,0.003,0.0
2026-03-17 12:07:14.458884,DONE,51.4234127,-2.6714146,0.003,0.0
2026-03-17 12:07:16.127299,DONE,51.4234127,-2.6714146,0.003,0.0
2026-03-17 12:07:17.817362,DONE,51.4234127,-2.6714147,0.003,0.0
2026-03-17 12:07:19.640716,DONE,51.4234127,-2.6714148,0.003,0.0
2026-03-17 12:07:21.382014,DONE,51.4234127,-2.6714149,0.003,0.0
2026-03-17 12:07:23.057566,DONE,51.4234127,-2.6714149,0.002,0.0
2026-03-17 12:07:24.787373,DONE,51.4234127,-2.671415,0.003,0.0
2026-03-17 12:07:26.607905,DONE,51.4234127,-2.671415,0.003,0.0
2026-03-17 12:07:28.263553,DONE,51.4234127,-2.671415,0.003,0.0
2026-03-17 12:07:30.001686,DONE,51.4234127,-2.671415,0.003,0.0
2026-03-17 12:07:31.692110,DONE,51.4234127,-2.671415,0.003,0.0
2026-03-17 12:07:33.366498,DONE,51.4234127,-2.671415,0.003,0.0
2026-03-17 12:07:35.123354,DONE,51.4234127,-2.671415,0.003,0.0
2026-03-17 12:07:36.826138,DONE,51.4234127,-2.671415,0.003,0.0
2026-03-17 12:07:38.464746,DONE,51.4234127,-2.671415,0.003,0.0
2026-03-17 12:07:40.176626,DONE,51.4234127,-2.671415,0.003,0.0
2026-03-17 12:07:41.918308,DONE,51.4234127,-2.671415,0.003,0.0
2026-03-17 12:07:43.635677,DONE,51.4234127,-2.671415,0.003,0.0
2026-03-17 12:07:45.393572,DONE,51.4234127,-2.671415,0.003,0.0
2026-03-17 12:07:47.096821,DONE,51.4234127,-2.671415,0.003,0.0
2026-03-17 12:07:48.737469,DONE,51.4234127,-2.671415,0.002,0.0
2026-03-17 12:07:50.498086,DONE,51.4234127,-2.671415,0.003,0.0
2026-03-17 12:07:52.202107,DONE,51.4234127,-2.671415,0.003,0.0
2026-03-17 12:07:53.977297,DONE,51.4234127,-2.671415,0.003,0.0
2026-03-17 12:07:55.978074,DONE,51.4234127,-2.671415,0.003,0.0
2026-03-17 12:07:57.725391,DONE,51.4234127,-2.671415,0.003,0.0
2026-03-17 12:07:59.463802,DONE,51.4234127,-2.671415,0.003,0.0
2026-03-17 12:08:01.173091,DONE,51.4234127,-2.671415,0.003,0.0
2026-03-17 12:08:02.909434,DONE,51.4234127,-2.671415,0.003,0.0
2026-03-17 12:08:04.671363,DONE,51.4234127,-2.671415,0.003,0.0
2026-03-17 12:08:06.447270,DONE,51.4234127,-2.671415,0.003,0.0
2026-03-17 12:08:08.141149,DONE,51.4234127,-2.671415,0.003,0.0
2026-03-17 12:08:09.838493,DONE,51.4234127,-2.671415,0.003,0.0
2026-03-17 12:08:11.590289,DONE,51.4234127,-2.671415,0.003,0.0
2026-03-17 12:08:13.306720,DONE,51.4234127,-2.671415,0.003,0.0
2026-03-17 12:08:14.994019,DONE,51.4234127,-2.671415,0.003,0.0
2026-03-17 12:08:16.702188,DONE,51.4234127,-2.671415,0.002,0.0
2026-03-17 12:08:18.409815,DONE,51.4234127,-2.6714148,0.003,0.0
2026-03-17 12:08:20.107167,DONE,51.4234127,-2.6714147,0.003,0.0
2026-03-17 12:08:21.766343,DONE,51.4234127,-2.6714147,0.003,0.0
2026-03-17 12:08:23.480403,DONE,51.4234127,-2.6714146,0.003,0.0
2026-03-17 12:08:25.238327,DONE,51.4234127,-2.6714146,0.002,0.0
2026-03-17 12:08:27.070563,DONE,51.4234127,-2.6714146,0.003,0.0
2026-03-17 12:08:28.765048,DONE,51.4234127,-2.6714146,0.003,0.0
2026-03-17 12:08:30.481892,DONE,51.4234127,-2.6714146,0.003,0.0
2026-03-17 12:08:32.158329,DONE,51.4234127,-2.6714146,0.002,0.0
2026-03-17 12:08:33.823851,DONE,51.4234127,-2.6714146,0.003,0.0
2026-03-17 12:08:35.674904,DONE,51.4234127,-2.6714146,0.003,0.0
2026-03-17 12:08:37.373408,DONE,51.4234127,-2.6714146,0.003,0.0
2026-03-17 12:08:39.105410,DONE,51.4234127,-2.6714146,0.003,0.0
2026-03-17 12:08:40.857615,DONE,51.4234127,-2.6714146,0.003,0.0
2026-03-17 12:08:42.526540,DONE,51.4234127,-2.6714146,0.003,0.0
2026-03-17 12:08:44.539127,DONE,51.4234127,-2.6714146,0.003,0.0
2026-03-17 12:08:45.656141,DONE,51.4234127,-2.6714146,0.003,0.0
2026-03-17 12:08:47.608772,DONE,51.4234127,-2.6714146,0.003,0.0
2026-03-17 12:08:49.529767,DONE,51.4234127,-2.6714146,0.003,0.0
2026-03-17 12:08:51.214767,DONE,51.4234127,-2.6714146,0.003,0.0
2026-03-17 12:08:52.932463,DONE,51.4234127,-2.6714146,0.003,0.0
2026-03-17 12:08:54.949124,DONE,51.4234127,-2.6714146,0.003,0.0
2026-03-17 12:08:55.998032,DONE,51.4234127,-2.6714146,0.003,0.0
2026-03-17 12:08:57.798879,DONE,51.4234127,-2.6714146,0.003,0.0
2026-03-17 12:08:59.609883,DONE,51.4234127,-2.6714146,0.003,0.0
2026-03-17 12:09:01.576768,DONE,51.4234127,-2.6714146,0.003,0.0
2026-03-17 12:09:03.335449,DONE,51.4234127,-2.6714146,0.003,0.0
2026-03-17 12:09:05.183615,DONE,51.4234127,-2.6714146,0.003,0.0
2026-03-17 12:09:06.920360,DONE,51.4234127,-2.6714146,0.003,0.0
2026-03-17 12:09:08.634669,DONE,51.4234127,-2.6714146,0.003,0.0
2026-03-17 12:09:10.446699,DONE,51.4234127,-2.6714146,0.003,0.0
2026-03-17 12:09:12.139422,DONE,51.4234127,-2.6714146,0.003,0.0
2026-03-17 12:09:13.898529,DONE,51.4234127,-2.6714146,0.003,0.0
2026-03-17 12:09:15.054509,DONE,51.4234127,-2.6714146,0.003,0.0
2026-03-17 12:09:16.332806,DONE,51.4234127,-2.6714146,0.003,0.0
2026-03-17 12:09:17.544807,DONE,51.4234127,-2.6714147,0.003,0.0
2026-03-17 12:09:18.605282,DONE,51.4234127,-2.6714148,0.003,0.0
2026-03-17 12:09:20.437920,DONE,51.4234127,-2.6714149,0.003,0.0
2026-03-17 12:09:22.242184,DONE,51.4234127,-2.6714149,0.003,0.0
2026-03-17 12:09:24.018941,DONE,51.4234127,-2.671415,0.003,0.0
2026-03-17 12:09:25.024530,DONE,51.4234127,-2.671415,0.003,0.0
2026-03-17 12:09:26.890943,DONE,51.4234127,-2.671415,0.003,0.0
2026-03-17 12:09:28.617366,DONE,51.4234127,-2.671415,0.003,0.0
2026-03-17 12:09:30.363470,DONE,51.4234127,-2.671415,0.003,0.0
2026-03-17 12:09:32.091199,DONE,51.4234127,-2.671415,0.003,0.0
2026-03-17 12:09:33.808359,DONE,51.4234127,-2.671415,0.002,0.0
2026-03-17 12:09:35.528873,DONE,51.4234127,-2.671415,0.003,0.0
2026-03-17 12:09:37.240157,DONE,51.4234127,-2.671415,0.003,0.0
2026-03-17 12:09:38.907792,DONE,51.4234127,-2.671415,0.003,0.0
2026-03-17 12:09:40.616058,DONE,51.4234127,-2.671415,0.003,0.0
2026-03-17 12:09:42.322052,DONE,51.4234127,-2.671415,0.003,0.0
2026-03-17 12:09:44.030342,DONE,51.4234127,-2.671415,0.003,0.0
2026-03-17 12:09:45.764646,DONE,51.4234127,-2.671415,0.003,0.0
2026-03-17 12:09:47.480262,DONE,51.4234127,-2.671415,0.003,0.0
2026-03-17 12:09:49.187905,DONE,51.4234127,-2.671415,0.003,0.0
2026-03-17 12:09:50.893852,DONE,51.4234127,-2.671415,0.003,0.0
2026-03-17 12:09:52.618453,DONE,51.4234127,-2.671415,0.004,0.0
2026-03-17 12:09:54.492680,DONE,51.4234127,-2.671415,0.003,0.0
2026-03-17 12:09:55.518320,DONE,51.4234127,-2.671415,0.003,0.0
2026-03-17 12:09:57.375971,DONE,51.4234127,-2.671415,0.003,0.0
2026-03-17 12:09:59.059552,DONE,51.4234127,-2.671415,0.003,0.0
2026-03-17 12:10:00.785585,DONE,51.4234127,-2.671415,0.003,0.0
2026-03-17 12:10:02.502708,DONE,51.4234127,-2.671415,0.003,0.0
2026-03-17 12:10:04.197591,DONE,51.4234127,-2.671415,0.003,0.0
2026-03-17 12:10:05.948329,DONE,51.4234127,-2.671415,0.003,0.0
2026-03-17 12:10:07.670334,DONE,51.4234127,-2.671415,0.003,0.0
2026-03-17 12:10:09.369675,DONE,51.4234127,-2.671415,0.003,0.0
2026-03-17 12:10:11.093358,DONE,51.4234127,-2.671415,0.003,0.0
2026-03-17 12:10:12.753114,DONE,51.4234127,-2.671415,0.003,0.0
2026-03-17 12:10:14.552300,DONE,51.4234127,-2.671415,0.003,0.0
2026-03-17 12:10:16.248524,DONE,51.4234127,-2.671415,0.003,0.0
2026-03-17 12:10:17.901659,DONE,51.4234127,-2.6714149,0.003,0.0
2026-03-17 12:10:19.670141,DONE,51.4234127,-2.6714147,0.002,0.0
2026-03-17 12:10:21.373128,DONE,51.4234127,-2.6714147,0.003,0.0
2026-03-17 12:10:23.060250,DONE,51.4234127,-2.6714147,0.003,0.0
2026-03-17 12:10:24.180012,DONE,51.4234127,-2.6714146,0.003,0.0
2026-03-17 12:10:25.224193,DONE,51.4234127,-2.6714146,0.003,0.0
2026-03-17 12:10:26.937655,DONE,51.4234127,-2.6714146,0.003,0.0
2026-03-17 12:10:28.650449,DONE,51.4234127,-2.6714146,0.003,0.0
2026-03-17 12:10:30.440886,DONE,51.4234127,-2.6714146,0.003,0.0
2026-03-17 12:10:32.175048,DONE,51.4234127,-2.6714146,0.003,0.0
2026-03-17 12:10:33.883338,DONE,51.4234127,-2.6714146,0.003,0.0
2026-03-17 12:10:35.652801,DONE,51.4234127,-2.6714146,0.003,0.0
2026-03-17 12:10:37.387735,DONE,51.4234127,-2.6714146,0.003,0.0
2026-03-17 12:10:39.142065,DONE,51.4234127,-2.6714146,0.003,0.0
2026-03-17 12:10:40.879040,DONE,51.4234127,-2.6714146,0.003,0.0
2026-03-17 12:10:42.556749,DONE,51.4234127,-2.6714146,0.003,0.0
2026-03-17 12:10:44.271537,DONE,51.4234127,-2.6714146,0.003,0.0
2026-03-17 12:10:46.054019,DONE,51.4234127,-2.6714146,0.003,0.0
2026-03-17 12:10:47.775673,DONE,51.4234127,-2.6714146,0.003,0.0
2026-03-17 12:10:49.592649,DONE,51.4234127,-2.6714146,0.003,0.0
2026-03-17 12:10:51.400006,DONE,51.4234127,-2.6714146,0.003,0.0
2026-03-17 12:10:53.093942,DONE,51.4234127,-2.6714146,0.003,0.0
2026-03-17 12:10:54.103436,DONE,51.4234127,-2.6714146,0.003,0.0
2026-03-17 12:10:55.145173,DONE,51.4234127,-2.6714146,0.003,0.0
2026-03-17 12:10:56.162888,DONE,51.4234127,-2.6714146,0.003,0.0
2026-03-17 12:10:57.942900,DONE,51.4234127,-2.6714146,0.003,0.0
2026-03-17 12:10:59.684413,DONE,51.4234127,-2.6714146,0.003,0.0
2026-03-17 12:11:01.480834,DONE,51.4234127,-2.6714146,0.003,0.0
2026-03-17 12:11:03.201546,DONE,51.4234127,-2.6714146,0.003,0.0
2026-03-17 12:11:04.977878,DONE,51.4234127,-2.6714146,0.003,0.0
2026-03-17 12:11:06.714473,DONE,51.4234127,-2.6714146,0.003,0.0
2026-03-17 12:11:08.413607,DONE,51.4234127,-2.6714146,0.003,0.0
2026-03-17 12:11:10.252928,DONE,51.4234127,-2.6714146,0.003,0.0
2026-03-17 12:11:11.989723,DONE,51.4234127,-2.6714146,0.003,0.0
2026-03-17 12:11:13.707978,DONE,51.4234127,-2.6714146,0.003,0.0
2026-03-17 12:11:15.607122,DONE,51.4234127,-2.6714146,0.003,0.0
2026-03-17 12:11:17.426520,DONE,51.4234127,-2.6714147,0.003,0.0
2026-03-17 12:11:19.164713,DONE,51.4234127,-2.6714148,0.003,0.0
2026-03-17 12:11:20.940004,DONE,51.4234127,-2.6714149,0.003,0.0
2026-03-17 12:11:22.662814,DONE,51.4234127,-2.6714149,0.003,0.0
2026-03-17 12:11:24.462461,DONE,51.4234127,-2.671415,0.003,0.0
2026-03-17 12:11:26.186495,DONE,51.4234127,-2.671415,0.003,0.0
2026-03-17 12:11:27.858075,DONE,51.4234127,-2.671415,0.003,0.0
2026-03-17 12:11:29.690636,DONE,51.4234127,-2.671415,0.003,0.0
2026-03-17 12:11:31.494810,DONE,51.4234127,-2.671415,0.003,0.0
2026-03-17 12:11:33.186267,DONE,51.4234127,-2.671415,0.003,0.0
2026-03-17 12:11:35.052451,DONE,51.4234127,-2.671415,0.003,0.0
2026-03-17 12:11:36.742029,DONE,51.4234127,-2.671415,0.003,0.0
2026-03-17 12:11:38.541336,DONE,51.4234127,-2.671415,0.003,0.0
2026-03-17 12:11:40.480335,DONE,51.4234127,-2.671415,0.003,0.0
2026-03-17 12:11:42.149752,DONE,51.4234127,-2.671415,0.003,0.0
2026-03-17 12:11:43.773214,DONE,51.4234127,-2.671415,0.003,0.0
2026-03-17 12:11:45.473668,DONE,51.4234127,-2.671415,0.003,0.0
2026-03-17 12:11:47.115889,DONE,51.4234127,-2.671415,0.003,0.0
2026-03-17 12:11:48.803891,DONE,51.4234127,-2.671415,0.003,0.0
2026-03-17 12:11:50.512194,DONE,51.4234127,-2.671415,0.003,0.0
2026-03-17 12:11:52.219399,DONE,51.4234127,-2.671415,0.003,0.0
2026-03-17 12:11:53.986302,DONE,51.4234127,-2.671415,0.002,0.0
2026-03-17 12:11:55.971631,DONE,51.4234127,-2.671415,0.003,0.0
2026-03-17 12:11:57.895569,DONE,51.4234127,-2.671415,0.003,0.0
2026-03-17 12:11:59.697997,DONE,51.4234127,-2.671415,0.003,0.0
2026-03-17 12:12:01.379253,DONE,51.4234127,-2.671415,0.003,0.0
2026-03-17 12:12:03.082088,DONE,51.4234127,-2.671415,0.003,0.0
2026-03-17 12:12:04.816106,DONE,51.4234127,-2.671415,0.003,0.0
2026-03-17 12:12:06.501938,DONE,51.4234127,-2.671415,0.003,0.0
2026-03-17 12:12:08.157945,DONE,51.4234127,-2.671415,0.003,0.0
2026-03-17 12:12:09.855722,DONE,51.4234127,-2.671415,0.003,0.0
2026-03-17 12:12:11.526341,DONE,51.4234127,-2.671415,0.003,0.0
2026-03-17 12:12:13.170096,DONE,51.4234127,-2.671415,0.003,0.0
2026-03-17 12:12:14.891291,DONE,51.4234127,-2.671415,0.002,0.0
2026-03-17 12:12:16.572017,DONE,51.4234127,-2.671415,0.003,0.0
2026-03-17 12:12:18.221966,DONE,51.4234127,-2.6714148,0.003,0.0
2026-03-17 12:12:19.917279,DONE,51.4234127,-2.6714147,0.003,0.0
2026-03-17 12:12:21.623411,DONE,51.4234127,-2.6714147,0.002,0.0
2026-03-17 12:12:22.648670,DONE,51.4234127,-2.6714147,0.002,0.0
2026-03-17 12:12:24.451319,DONE,51.4234127,-2.6714146,0.003,0.0
2026-03-17 12:12:26.127387,DONE,51.4234127,-2.6714146,0.003,0.0
2026-03-17 12:12:27.775135,DONE,51.4234127,-2.6714146,0.002,0.0
2026-03-17 12:12:29.474186,DONE,51.4234127,-2.6714146,0.003,0.0
2026-03-17 12:12:31.134186,DONE,51.4234127,-2.6714146,0.003,0.0
2026-03-17 12:12:32.776485,DONE,51.4234127,-2.6714146,0.003,0.0
2026-03-17 12:12:34.523565,DONE,51.4234127,-2.6714146,0.002,0.0
2026-03-17 12:12:36.166337,DONE,51.4234127,-2.6714146,0.003,0.0
2026-03-17 12:12:37.969005,DONE,51.4234127,-2.6714146,0.003,0.0
2026-03-17 12:12:39.945514,DONE,51.4234127,-2.6714146,0.002,0.0
2026-03-17 12:12:40.956346,DONE,51.4234127,-2.6714146,0.003,0.0
2026-03-17 12:12:42.727832,DONE,51.4234127,-2.6714146,0.003,0.0
2026-03-17 12:12:44.415514,DONE,51.4234127,-2.6714146,0.003,0.0
2026-03-17 12:12:46.063306,DONE,51.4234127,-2.6714146,0.003,0.0
2026-03-17 12:12:47.738525,DONE,51.4234127,-2.6714146,0.003,0.0
2026-03-17 12:12:49.396187,DONE,51.4234127,-2.6714146,0.003,0.0
2026-03-17 12:12:51.083045,DONE,51.4234127,-2.6714146,0.003,0.0
2026-03-17 12:12:52.754942,DONE,51.4234127,-2.6714146,0.003,0.0
2026-03-17 12:12:54.595570,DONE,51.4234127,-2.6714146,0.003,0.0
2026-03-17 12:12:56.471981,DONE,51.4234127,-2.6714146,0.002,0.0
2026-03-17 12:12:58.127644,DONE,51.4234127,-2.6714146,0.003,0.0
2026-03-17 12:12:59.798420,DONE,51.4234127,-2.6714146,0.003,0.0
2026-03-17 12:13:01.460696,DONE,51.4234127,-2.6714146,0.003,0.0
2026-03-17 12:13:03.128195,DONE,51.4234127,-2.6714146,0.003,0.0
2026-03-17 12:13:05.016768,DONE,51.4234127,-2.6714146,0.003,0.0
2026-03-17 12:13:06.682522,DONE,51.4234127,-2.6714146,0.003,0.0
2026-03-17 12:13:08.379730,DONE,51.4234127,-2.6714146,0.003,0.0
2026-03-17 12:13:10.058263,DONE,51.4234127,-2.6714146,0.003,0.0
2026-03-17 12:13:11.744790,DONE,51.4234127,-2.6714146,0.003,0.0
2026-03-17 12:13:13.404945,DONE,51.4234127,-2.6714146,0.003,0.0
2026-03-17 12:13:15.056011,DONE,51.4234127,-2.6714146,0.002,0.0
2026-03-17 12:13:16.670677,DONE,51.4234127,-2.6714147,0.003,0.0
2026-03-17 12:13:18.363651,DONE,51.4234127,-2.6714148,0.004,0.0
2026-03-17 12:13:20.059517,DONE,51.4234127,-2.6714149,0.003,0.0
2026-03-17 12:13:21.726029,DONE,51.4234127,-2.6714149,0.003,0.0
2026-03-17 12:13:23.378735,DONE,51.4234127,-2.671415,0.003,0.0
2026-03-17 12:13:25.031030,DONE,51.4234127,-2.671415,0.003,0.0
2026-03-17 12:13:26.889166,DONE,51.4234127,-2.671415,0.003,0.0
2026-03-17 12:13:28.612974,DONE,51.4234127,-2.671415,0.003,0.0
2026-03-17 12:13:30.330687,DONE,51.4234127,-2.671415,0.003,0.0
2026-03-17 12:13:32.011745,DONE,51.4234127,-2.671415,0.003,0.0
2026-03-17 12:13:33.688123,DONE,51.4234127,-2.671415,0.003,0.0
2026-03-17 12:13:35.413433,DONE,51.4234127,-2.671415,0.003,0.0
2026-03-17 12:13:37.099527,DONE,51.4234127,-2.671415,0.003,0.0
2026-03-17 12:13:38.723862,DONE,51.4234127,-2.671415,0.003,0.0
2026-03-17 12:13:40.430073,DONE,51.4234127,-2.671415,0.003,0.0
2026-03-17 12:13:42.078832,DONE,51.4234127,-2.671415,0.003,0.0
2026-03-17 12:13:43.694376,DONE,51.4234127,-2.671415,0.003,0.0
2026-03-17 12:13:45.444097,DONE,51.4234127,-2.671415,0.003,0.0
2026-03-17 12:13:47.113372,DONE,51.4234127,-2.671415,0.003,0.0
2026-03-17 12:13:48.806129,DONE,51.4234127,-2.671415,0.003,0.0
2026-03-17 12:13:50.461272,DONE,51.4234127,-2.671415,0.003,0.0
2026-03-17 12:13:52.110520,DONE,51.4234127,-2.671415,0.003,0.0
2026-03-17 12:13:53.869487,DONE,51.4234127,-2.671415,0.002,0.0
2026-03-17 12:13:55.824701,DONE,51.4234127,-2.671415,0.003,0.0
2026-03-17 12:13:57.479050,DONE,51.4234127,-2.671415,0.003,0.0
2026-03-17 12:13:59.100346,DONE,51.4234127,-2.671415,0.003,0.0
2026-03-17 12:14:00.808911,DONE,51.4234127,-2.671415,0.003,0.0
2026-03-17 12:14:02.423410,DONE,51.4234127,-2.671415,0.003,0.0
2026-03-17 12:14:04.036637,DONE,51.4234127,-2.671415,0.003,0.0
2026-03-17 12:14:05.735225,DONE,51.4234127,-2.671415,0.003,0.0
2026-03-17 12:14:07.404635,DONE,51.4234127,-2.671415,0.003,0.0
2026-03-17 12:14:09.049611,DONE,51.4234127,-2.671415,0.003,0.0
2026-03-17 12:14:10.705902,DONE,51.4234127,-2.671415,0.003,0.0
2026-03-17 12:14:12.345790,DONE,51.4234127,-2.671415,0.003,0.0
2026-03-17 12:14:13.970264,DONE,51.4234127,-2.671415,0.003,0.0
2026-03-17 12:14:15.782390,DONE,51.4234127,-2.671415,0.003,0.0
2026-03-17 12:14:17.576008,DONE,51.4234127,-2.6714148,0.003,0.0
2026-03-17 12:14:19.283274,DONE,51.4234127,-2.6714147,0.003,0.0
2026-03-17 12:14:20.428440,DONE,51.4234127,-2.6714147,0.003,0.0
2026-03-17 12:14:21.824984,DONE,51.4234127,-2.6714147,0.003,0.0
2026-03-17 12:14:23.184381,DONE,51.4234127,-2.6714147,0.003,0.0
2026-03-17 12:14:24.276013,DONE,51.4234127,-2.6714146,0.003,0.0
2026-03-17 12:14:25.325889,DONE,51.4234127,-2.6714146,0.003,0.0
2026-03-17 12:14:26.375300,DONE,51.4234127,-2.6714146,0.003,0.0
2026-03-17 12:14:27.465817,DONE,51.4234127,-2.6714146,0.003,0.0
2026-03-17 12:14:28.494072,DONE,51.4234127,-2.6714146,0.003,0.0
2026-03-17 12:14:29.499027,DONE,51.4234127,-2.6714146,0.003,0.0
2026-03-17 12:14:31.428118,DONE,51.4234127,-2.6714146,0.002,0.0
2026-03-17 12:14:32.447654,DONE,51.4234127,-2.6714146,0.003,0.0
2026-03-17 12:14:33.487627,DONE,51.4234127,-2.6714146,0.003,0.0
2026-03-17 12:14:34.493477,DONE,51.4234127,-2.6714146,0.003,0.0
2026-03-17 12:14:36.472155,DONE,51.4234127,-2.6714146,0.003,0.0
2026-03-17 12:14:38.339130,DONE,51.4234127,-2.6714146,0.003,0.0
2026-03-17 12:14:40.093726,DONE,51.4234127,-2.6714146,0.003,0.0
2026-03-17 12:14:41.748082,DONE,51.4234127,-2.6714146,0.003,0.0
2026-03-17 12:14:43.418354,DONE,51.4234127,-2.6714146,0.003,0.0
2026-03-17 12:14:45.115959,DONE,51.4234127,-2.6714146,0.003,0.0
2026-03-17 12:14:46.752662,DONE,51.4234127,-2.6714146,0.003,0.0
2026-03-17 12:14:48.435201,DONE,51.4234127,-2.6714146,0.002,0.0
2026-03-17 12:14:50.066192,DONE,51.4234127,-2.6714146,0.002,0.0
2026-03-17 12:14:51.690709,DONE,51.4234127,-2.6714146,0.003,0.0
2026-03-17 12:14:53.395785,DONE,51.4234127,-2.6714146,0.003,0.0
2026-03-17 12:14:55.378546,DONE,51.4234127,-2.6714146,0.003,0.0
2026-03-17 12:14:57.175713,DONE,51.4234127,-2.6714146,0.003,0.0
2026-03-17 12:14:58.916990,DONE,51.4234127,-2.6714146,0.003,0.0
2026-03-17 12:15:00.628792,DONE,51.4234127,-2.6714146,0.003,0.0
2026-03-17 12:15:02.344654,DONE,51.4234127,-2.6714146,0.003,0.0
2026-03-17 12:15:04.069677,DONE,51.4234127,-2.6714146,0.003,0.0
2026-03-17 12:15:05.849562,DONE,51.4234127,-2.6714146,0.003,0.0
2026-03-17 12:15:07.544847,DONE,51.4234127,-2.6714146,0.003,0.0
2026-03-17 12:15:09.227647,DONE,51.4234127,-2.6714146,0.003,0.0
2026-03-17 12:15:11.016831,DONE,51.4234127,-2.6714146,0.003,0.0
2026-03-17 12:15:12.676907,DONE,51.4234127,-2.6714146,0.003,0.0
2026-03-17 12:15:14.354439,DONE,51.4234127,-2.6714146,0.003,0.0
2026-03-17 12:15:16.023861,DONE,51.4234127,-2.6714146,0.003,0.0
2026-03-17 12:15:17.701444,DONE,51.4234127,-2.6714148,0.003,0.0
2026-03-17 12:15:19.337506,DONE,51.4234127,-2.6714149,0.003,0.0
2026-03-17 12:15:21.006904,DONE,51.4234127,-2.6714149,0.003,0.0
2026-03-17 12:15:22.654508,DONE,51.4234127,-2.671415,0.003,0.0
2026-03-17 12:15:24.392072,DONE,51.4234127,-2.671415,0.003,0.0
2026-03-17 12:15:26.032495,DONE,51.4234127,-2.671415,0.003,0.0
2026-03-17 12:15:27.693420,DONE,51.4234127,-2.671415,0.003,0.0
2026-03-17 12:15:29.375437,DONE,51.4234127,-2.671415,0.003,0.0
2026-03-17 12:15:31.021662,DONE,51.4234127,-2.671415,0.003,0.0
2026-03-17 12:15:32.652571,DONE,51.4234127,-2.671415,0.003,0.0
2026-03-17 12:15:34.303951,DONE,51.4234127,-2.671415,0.003,0.0
2026-03-17 12:15:36.066028,DONE,51.4234127,-2.671415,0.003,0.0
2026-03-17 12:15:37.743668,DONE,51.4234127,-2.671415,0.003,0.0
2026-03-17 12:15:39.451168,DONE,51.4234127,-2.671415,0.003,0.0
2026-03-17 12:15:41.092350,DONE,51.4234127,-2.671415,0.003,0.0
2026-03-17 12:15:42.757409,DONE,51.4234127,-2.671415,0.003,0.0
2026-03-17 12:15:44.438321,DONE,51.4234127,-2.671415,0.003,0.0
2026-03-17 12:15:46.051480,DONE,51.4234127,-2.671415,0.003,0.0
2026-03-17 12:15:47.680777,DONE,51.4234127,-2.671415,0.003,0.0
2026-03-17 12:15:49.356544,DONE,51.4234127,-2.671415,0.003,0.0
2026-03-17 12:15:51.116383,DONE,51.4234127,-2.671415,0.003,0.0
2026-03-17 12:15:52.849311,DONE,51.4234127,-2.671415,0.003,0.0
2026-03-17 12:15:54.749019,DONE,51.4234127,-2.671415,0.003,0.0
2026-03-17 12:15:56.611819,DONE,51.4234127,-2.671415,0.003,0.0
2026-03-17 12:15:58.252701,DONE,51.4234127,-2.671415,0.003,0.0
2026-03-17 12:15:59.991000,DONE,51.4234127,-2.671415,0.003,0.0
2026-03-17 12:16:01.621396,DONE,51.4234127,-2.671415,0.003,0.0
2026-03-17 12:16:03.284067,DONE,51.4234127,-2.671415,0.003,0.0
2026-03-17 12:16:04.958267,DONE,51.4234127,-2.671415,0.003,0.0
2026-03-17 12:16:06.609451,DONE,51.4234127,-2.671415,0.003,0.0
2026-03-17 12:16:08.252667,DONE,51.4234127,-2.671415,0.003,0.0
2026-03-17 12:16:10.025131,DONE,51.4234127,-2.671415,0.003,0.0
2026-03-17 12:16:11.694596,DONE,51.4234127,-2.671415,0.003,0.0
2026-03-17 12:16:13.360788,DONE,51.4234127,-2.671415,0.003,0.0
2026-03-17 12:16:15.022381,DONE,51.4234127,-2.671415,0.003,0.0
2026-03-17 12:16:16.655682,DONE,51.4234127,-2.6714149,0.003,0.0
2026-03-17 12:16:18.290089,DONE,51.4234127,-2.6714148,0.003,0.0
2026-03-17 12:16:19.973689,DONE,51.4234127,-2.6714147,0.003,0.0
2026-03-17 12:16:21.625674,DONE,51.4234127,-2.6714147,0.003,0.0
2026-03-17 12:16:23.278525,DONE,51.4234127,-2.6714146,0.003,0.0
2026-03-17 12:16:24.972378,DONE,51.4234127,-2.6714146,0.002,0.0
2026-03-17 12:16:26.627064,DONE,51.4234127,-2.6714146,0.003,0.0
2026-03-17 12:16:28.262144,DONE,51.4234127,-2.6714146,0.003,0.0
2026-03-17 12:16:29.892410,DONE,51.4234127,-2.6714146,0.003,0.0
2026-03-17 12:16:31.581685,DONE,51.4234127,-2.6714146,0.003,0.0
2026-03-17 12:16:33.227483,DONE,51.4234127,-2.6714146,0.003,0.0
2026-03-17 12:16:34.872761,DONE,51.4234127,-2.6714146,0.003,0.0
2026-03-17 12:16:36.472117,DONE,51.4234127,-2.6714146,0.003,0.0
2026-03-17 12:16:38.132664,DONE,51.4234127,-2.6714146,0.003,0.0
2026-03-17 12:16:39.833838,DONE,51.4234127,-2.6714146,0.003,0.0
2026-03-17 12:16:41.493400,DONE,51.4234127,-2.6714146,0.003,0.0
2026-03-17 12:16:43.152267,DONE,51.4234127,-2.6714146,0.003,0.0
2026-03-17 12:16:44.848637,DONE,51.4234127,-2.6714146,0.003,0.0
2026-03-17 12:16:46.512496,DONE,51.4234127,-2.6714146,0.003,0.0
2026-03-17 12:16:48.191219,DONE,51.4234127,-2.6714146,0.003,0.0
2026-03-17 12:16:49.851992,DONE,51.4234127,-2.6714146,0.003,0.0
2026-03-17 12:16:51.480893,DONE,51.4234127,-2.6714146,0.003,0.0
2026-03-17 12:16:53.097489,DONE,51.4234127,-2.6714146,0.003,0.0
2026-03-17 12:16:55.049867,DONE,51.4234127,-2.6714146,0.003,0.0
2026-03-17 12:16:56.892289,DONE,51.4234127,-2.6714146,0.003,0.0
2026-03-17 12:16:58.535739,DONE,51.4234127,-2.6714146,0.003,0.0
2026-03-17 12:17:00.220079,DONE,51.4234127,-2.6714146,0.003,0.0
2026-03-17 12:17:01.898411,DONE,51.4234127,-2.6714146,0.002,0.0
2026-03-17 12:17:03.601921,DONE,51.4234127,-2.6714146,0.003,0.0
2026-03-17 12:17:05.329393,DONE,51.4234127,-2.6714146,0.003,0.0
2026-03-17 12:17:06.944224,DONE,51.4234127,-2.6714146,0.003,0.0
2026-03-17 12:17:08.581302,DONE,51.4234127,-2.6714146,0.003,0.0
2026-03-17 12:17:10.281717,DONE,51.4234127,-2.6714146,0.003,0.0
2026-03-17 12:17:11.936396,DONE,51.4234127,-2.6714146,0.003,0.0
2026-03-17 12:17:13.580430,DONE,51.4234127,-2.6714146,0.003,0.0
2026-03-17 12:17:15.284965,DONE,51.4234127,-2.6714146,0.003,0.0
2026-03-17 12:17:16.912499,DONE,51.4234127,-2.6714147,0.003,0.0
2026-03-17 12:17:18.536774,DONE,51.4234127,-2.6714148,0.003,0.0
2026-03-17 12:17:20.303085,DONE,51.4234127,-2.6714149,0.003,0.0
2026-03-17 12:17:21.917610,DONE,51.4234127,-2.6714149,0.003,0.0
2026-03-17 12:17:23.547375,DONE,51.4234127,-2.671415,0.002,0.0
2026-03-17 12:17:25.239256,DONE,51.4234127,-2.671415,0.003,0.0
2026-03-17 12:17:26.869874,DONE,51.4234127,-2.671415,0.003,0.0
2026-03-17 12:17:28.502908,DONE,51.4234127,-2.671415,0.003,0.0
2026-03-17 12:17:30.137126,DONE,51.4234127,-2.671415,0.003,0.0
2026-03-17 12:17:31.756828,DONE,51.4234127,-2.671415,0.003,0.0
2026-03-17 12:17:33.384183,DONE,51.4234127,-2.671415,0.003,0.0
2026-03-17 12:17:35.017649,DONE,51.4234127,-2.671415,0.003,0.0
2026-03-17 12:17:36.683368,DONE,51.4234127,-2.671415,0.003,0.0
2026-03-17 12:17:38.301280,DONE,51.4234127,-2.671415,0.003,0.0
2026-03-17 12:17:39.966987,DONE,51.4234127,-2.671415,0.003,0.0
2026-03-17 12:17:41.620369,DONE,51.4234127,-2.671415,0.003,0.0
2026-03-17 12:17:43.259040,DONE,51.4234127,-2.671415,0.003,0.0
2026-03-17 12:17:44.965983,DONE,51.4234127,-2.671415,0.003,0.0
2026-03-17 12:17:46.690383,DONE,51.4234127,-2.671415,0.003,0.0
2026-03-17 12:17:48.336831,DONE,51.4234127,-2.671415,0.003,0.0
2026-03-17 12:17:49.996568,DONE,51.4234127,-2.671415,0.003,0.0
2026-03-17 12:17:51.664378,DONE,51.4234127,-2.671415,0.003,0.0
2026-03-17 12:17:53.288826,DONE,51.4234127,-2.671415,0.003,0.0
2026-03-17 12:17:55.225769,DONE,51.4234127,-2.671415,0.003,0.0
2026-03-17 12:17:56.239058,DONE,51.4234127,-2.671415,0.003,0.0
2026-03-17 12:17:57.868783,DONE,51.4234127,-2.671415,0.003,0.0
2026-03-17 12:17:59.581673,DONE,51.4234127,-2.671415,0.003,0.0
2026-03-17 12:18:01.262043,DONE,51.4234127,-2.671415,0.003,0.0
2026-03-17 12:18:02.950801,DONE,51.4234127,-2.671415,0.003,0.0
2026-03-17 12:18:04.615522,DONE,51.4234127,-2.671415,0.003,0.0
2026-03-17 12:18:06.316713,DONE,51.4234127,-2.671415,0.003,0.0
2026-03-17 12:18:07.942072,DONE,51.4234127,-2.671415,0.002,0.0
2026-03-17 12:18:09.616262,DONE,51.4234127,-2.671415,0.003,0.0
2026-03-17 12:18:11.190551,DONE,51.4234127,-2.671415,0.003,0.0
2026-03-17 12:18:12.829861,DONE,51.4234127,-2.671415,0.003,0.0
2026-03-17 12:18:14.494067,DONE,51.4234127,-2.671415,0.003,0.0
2026-03-17 12:18:16.136566,DONE,51.4234127,-2.6714149,0.002,0.0
2026-03-17 12:18:17.825518,DONE,51.4234127,-2.6714148,0.003,0.0
2026-03-17 12:18:19.479056,DONE,51.4234127,-2.6714147,0.003,0.0
2026-03-17 12:18:21.115964,DONE,51.4234127,-2.6714147,0.003,0.0
2026-03-17 12:18:22.775969,DONE,51.4234127,-2.6714146,0.003,0.0
2026-03-17 12:18:24.434907,DONE,51.4234127,-2.6714146,0.003,0.0
2026-03-17 12:18:26.205493,DONE,51.4234127,-2.6714146,0.003,0.0
2026-03-17 12:18:27.898850,DONE,51.4234127,-2.6714146,0.003,0.0
2026-03-17 12:18:29.524543,DONE,51.4234127,-2.6714146,0.003,0.0
2026-03-17 12:18:31.127772,DONE,51.4234127,-2.6714146,0.003,0.0
2026-03-17 12:18:32.782103,DONE,51.4234127,-2.6714146,0.003,0.0
2026-03-17 12:18:34.464161,DONE,51.4234127,-2.6714146,0.003,0.0
2026-03-17 12:18:36.204911,DONE,51.4234127,-2.6714146,0.003,0.0
2026-03-17 12:18:37.894044,DONE,51.4234127,-2.6714146,0.003,0.0
2026-03-17 12:18:39.558003,DONE,51.4234127,-2.6714146,0.003,0.0
2026-03-17 12:18:41.216896,DONE,51.4234127,-2.6714146,0.003,0.0
2026-03-17 12:18:42.914445,DONE,51.4234127,-2.6714146,0.003,0.0
2026-03-17 12:18:44.603630,DONE,51.4234127,-2.6714146,0.003,0.0
2026-03-17 12:18:46.219124,DONE,51.4234127,-2.6714146,0.003,0.0
2026-03-17 12:18:47.866823,DONE,51.4234127,-2.6714146,0.003,0.0
2026-03-17 12:18:49.480934,DONE,51.4234127,-2.6714146,0.003,0.0
2026-03-17 12:18:51.148627,DONE,51.4234127,-2.6714146,0.003,0.0
2026-03-17 12:18:52.759933,DONE,51.4234127,-2.6714146,0.003,0.0
2026-03-17 12:18:54.606529,DONE,51.4234127,-2.6714146,0.003,0.0
2026-03-17 12:18:56.578401,DONE,51.4234127,-2.6714146,0.003,0.0
2026-03-17 12:18:58.199373,DONE,51.4234127,-2.6714146,0.003,0.0
2026-03-17 12:18:59.946545,DONE,51.4234127,-2.6714146,0.003,0.0
2026-03-17 12:19:01.595505,DONE,51.4234127,-2.6714146,0.003,0.0
2026-03-17 12:19:03.233745,DONE,51.4234127,-2.6714146,0.003,0.0
2026-03-17 12:19:04.975455,DONE,51.4234127,-2.6714146,0.003,0.0
2026-03-17 12:19:06.612464,DONE,51.4234127,-2.6714146,0.003,0.0
2026-03-17 12:19:08.276922,DONE,51.4234127,-2.6714146,0.003,0.0
2026-03-17 12:19:09.947322,DONE,51.4234127,-2.6714146,0.003,0.0
2026-03-17 12:19:11.605880,DONE,51.4234127,-2.6714146,0.002,0.0
2026-03-17 12:19:13.212124,DONE,51.4234127,-2.6714146,0.003,0.0
2026-03-17 12:19:14.854565,DONE,51.4234127,-2.6714146,0.003,0.0
2026-03-17 12:19:16.753035,DONE,51.4234127,-2.6714147,0.003,0.0
2026-03-17 12:19:18.397409,DONE,51.4234127,-2.6714148,0.003,0.0
2026-03-17 12:19:20.056500,DONE,51.4234127,-2.6714149,0.003,0.0
2026-03-17 12:19:21.736504,DONE,51.4234127,-2.6714149,0.003,0.0
2026-03-17 12:19:23.371073,DONE,51.4234127,-2.671415,0.003,0.0
2026-03-17 12:19:25.018154,DONE,51.4234127,-2.671415,0.003,0.0
2026-03-17 12:19:26.764485,DONE,51.4234127,-2.671415,0.003,0.0
2026-03-17 12:19:28.528417,DONE,51.4234127,-2.671415,0.003,0.0
2026-03-17 12:19:30.178118,DONE,51.4234127,-2.671415,0.003,0.0
2026-03-17 12:19:31.772207,DONE,51.4234127,-2.671415,0.003,0.0
2026-03-17 12:19:33.459917,DONE,51.4234127,-2.671415,0.003,0.0
2026-03-17 12:19:35.111990,DONE,51.4234127,-2.671415,0.003,0.0
2026-03-17 12:19:36.865553,DONE,51.4234127,-2.671415,0.003,0.0
2026-03-17 12:19:37.891767,DONE,51.4234127,-2.671415,0.003,0.0
2026-03-17 12:19:38.937534,DONE,51.4234127,-2.671415,0.003,0.0
2026-03-17 12:19:40.544509,DONE,51.4234127,-2.671415,0.003,0.0
2026-03-17 12:19:41.727496,DONE,51.4234127,-2.671415,0.003,0.0
2026-03-17 12:19:42.790526,DONE,51.4234127,-2.671415,0.003,0.0
2026-03-17 12:19:44.766927,DONE,51.4234127,-2.671415,0.003,0.0
2026-03-17 12:19:45.921335,DONE,51.4234127,-2.671415,0.003,0.0
2026-03-17 12:19:47.130503,DONE,51.4234127,-2.671415,0.003,0.0
2026-03-17 12:19:49.041808,DONE,51.4234127,-2.671415,0.003,0.0
2026-03-17 12:19:50.840242,DONE,51.4234127,-2.671415,0.003,0.0
2026-03-17 12:19:52.509163,DONE,51.4234127,-2.671415,0.003,0.0
2026-03-17 12:19:54.339169,DONE,51.4234127,-2.671415,0.003,0.0
2026-03-17 12:19:55.351536,DONE,51.4234127,-2.671415,0.003,0.0
2026-03-17 12:19:56.394391,DONE,51.4234127,-2.671415,0.003,0.0
2026-03-17 12:19:58.131232,DONE,51.4234127,-2.671415,0.003,0.0
2026-03-17 12:19:59.884368,DONE,51.4234127,-2.671415,0.003,0.0
2026-03-17 12:20:01.593982,DONE,51.4234127,-2.671415,0.003,0.0
2026-03-17 12:20:03.287667,DONE,51.4234127,-2.671415,0.003,0.0
2026-03-17 12:20:05.001065,DONE,51.4234127,-2.671415,0.003,0.0
2026-03-17 12:20:06.671965,DONE,51.4234127,-2.671415,0.003,0.0
2026-03-17 12:20:08.335365,DONE,51.4234127,-2.671415,0.003,0.0
2026-03-17 12:20:09.973335,DONE,51.4234127,-2.671415,0.003,0.0
2026-03-17 12:20:11.660699,DONE,51.4234127,-2.671415,0.003,0.0
2026-03-17 12:20:13.358113,DONE,51.4234127,-2.671415,0.003,0.0
2026-03-17 12:20:15.052177,DONE,51.4234127,-2.671415,0.003,0.0
2026-03-17 12:20:16.714090,DONE,51.4234127,-2.6714149,0.003,0.0
2026-03-17 12:20:18.392662,DONE,51.4234127,-2.6714148,0.003,0.0
2026-03-17 12:20:20.072663,DONE,51.4234127,-2.6714147,0.003,0.0
2026-03-17 12:20:21.729503,DONE,51.4234127,-2.6714147,0.003,0.0
2026-03-17 12:20:23.438630,DONE,51.4234127,-2.6714146,0.002,0.0
2026-03-17 12:20:24.614541,DONE,51.4234127,-2.6714146,0.003,0.0
2026-03-17 12:20:26.289900,DONE,51.4234127,-2.6714146,0.003,0.0
2026-03-17 12:20:28.020677,DONE,51.4234127,-2.6714146,0.003,0.0
2026-03-17 12:20:29.697182,DONE,51.4234127,-2.6714146,0.003,0.0
2026-03-17 12:20:31.441639,DONE,51.4234127,-2.6714146,0.003,0.0
2026-03-17 12:20:33.149564,DONE,51.4234127,-2.6714146,0.003,0.0
2026-03-17 12:20:34.843742,DONE,51.4234127,-2.6714146,0.003,0.0
2026-03-17 12:20:36.521316,DONE,51.4234127,-2.6714146,0.003,0.0
2026-03-17 12:20:38.193751,DONE,51.4234127,-2.6714146,0.003,0.0
2026-03-17 12:20:39.883308,DONE,51.4234127,-2.6714146,0.002,0.0
2026-03-17 12:20:41.493853,DONE,51.4234127,-2.6714146,0.003,0.0
2026-03-17 12:20:43.208712,DONE,51.4234127,-2.6714146,0.003,0.0
2026-03-17 12:20:44.870610,DONE,51.4234127,-2.6714146,0.003,0.0
2026-03-17 12:20:46.527198,DONE,51.4234127,-2.6714146,0.003,0.0
2026-03-17 12:20:48.217442,DONE,51.4234127,-2.6714146,0.003,0.0
2026-03-17 12:20:49.863472,DONE,51.4234127,-2.6714146,0.003,0.0
2026-03-17 12:20:51.492086,DONE,51.4234127,-2.6714146,0.003,0.0
2026-03-17 12:20:53.141035,DONE,51.4234127,-2.6714146,0.003,0.0
2026-03-17 12:20:55.091717,DONE,51.4234127,-2.6714146,0.003,0.0
2026-03-17 12:20:56.950401,DONE,51.4234127,-2.6714146,0.003,0.0
2026-03-17 12:20:58.602011,DONE,51.4234127,-2.6714146,0.003,0.0
2026-03-17 12:21:00.303247,DONE,51.4234127,-2.6714146,0.003,0.0
2026-03-17 12:21:01.968520,DONE,51.4234127,-2.6714146,0.003,0.0
2026-03-17 12:21:03.616345,DONE,51.4234127,-2.6714146,0.002,0.0
2026-03-17 12:21:05.402479,DONE,51.4234127,-2.6714146,0.003,0.0
2026-03-17 12:21:07.074248,DONE,51.4234127,-2.6714146,0.003,0.0
2026-03-17 12:21:08.707331,DONE,51.4234127,-2.6714146,0.002,0.0
2026-03-17 12:21:10.397944,DONE,51.4234127,-2.6714146,0.003,0.0
2026-03-17 12:21:12.027937,DONE,51.4234127,-2.6714146,0.003,0.0
2026-03-17 12:21:13.699915,DONE,51.4234127,-2.6714146,0.003,0.0
2026-03-17 12:21:15.410255,DONE,51.4234127,-2.6714146,0.003,0.0
2026-03-17 12:21:17.017160,DONE,51.4234127,-2.6714148,0.003,0.0
2026-03-17 12:21:18.692556,DONE,51.4234127,-2.6714149,0.003,0.0
2026-03-17 12:21:20.398638,DONE,51.4234127,-2.6714149,0.003,0.0
2026-03-17 12:21:22.077299,DONE,51.4234127,-2.671415,0.003,0.0
2026-03-17 12:21:23.724481,DONE,51.4234127,-2.671415,0.003,0.0
2026-03-17 12:21:25.453177,DONE,51.4234127,-2.671415,0.003,0.0
2026-03-17 12:21:27.102080,DONE,51.4234127,-2.671415,0.003,0.0
2026-03-17 12:21:28.773388,DONE,51.4234127,-2.671415,0.003,0.0
2026-03-17 12:21:30.521950,DONE,51.4234127,-2.671415,0.003,0.0
2026-03-17 12:21:32.203255,DONE,51.4234127,-2.671415,0.004,0.0
2026-03-17 12:21:33.842686,DONE,51.4234127,-2.671415,0.003,0.0
2026-03-17 12:21:35.534740,DONE,51.4234127,-2.671415,0.003,0.0
2026-03-17 12:21:37.204213,DONE,51.4234127,-2.671415,0.002,0.0
2026-03-17 12:21:38.820888,DONE,51.4234127,-2.671415,0.003,0.0
2026-03-17 12:21:40.533458,DONE,51.4234127,-2.671415,0.003,0.0
2026-03-17 12:21:42.223772,DONE,51.4234127,-2.671415,0.003,0.0
2026-03-17 12:21:43.860008,DONE,51.4234127,-2.671415,0.003,0.0
2026-03-17 12:21:45.523394,DONE,51.4234127,-2.671415,0.003,0.0
2026-03-17 12:21:47.229980,DONE,51.4234127,-2.671415,0.003,0.0
2026-03-17 12:21:48.865326,DONE,51.4234127,-2.671415,0.003,0.0
2026-03-17 12:21:50.594648,DONE,51.4234127,-2.671415,0.003,0.0
2026-03-17 12:21:52.229051,DONE,51.4234127,-2.671415,0.003,0.0
2026-03-17 12:21:53.944648,DONE,51.4234127,-2.671415,0.003,0.0
2026-03-17 12:21:55.896410,DONE,51.4234127,-2.671415,0.003,0.0
2026-03-17 12:21:57.563062,DONE,51.4234127,-2.671415,0.003,0.0
2026-03-17 12:21:59.223956,DONE,51.4234127,-2.671415,0.003,0.0
2026-03-17 12:22:00.821334,DONE,51.4234127,-2.671415,0.003,0.0
2026-03-17 12:22:02.491069,DONE,51.4234127,-2.671415,0.003,0.0
2026-03-17 12:22:04.125205,DONE,51.4234127,-2.671415,0.002,0.0
2026-03-17 12:22:05.795466,DONE,51.4234127,-2.671415,0.003,0.0
2026-03-17 12:22:07.391913,DONE,51.4234127,-2.671415,0.003,0.0
2026-03-17 12:22:09.048509,DONE,51.4234127,-2.671415,0.003,0.0
2026-03-17 12:22:10.745030,DONE,51.4234127,-2.671415,0.003,0.0
2026-03-17 12:22:12.363608,DONE,51.4234127,-2.671415,0.003,0.0
2026-03-17 12:22:14.019871,DONE,51.4234127,-2.671415,0.003,0.0
2026-03-17 12:22:15.736207,DONE,51.4234127,-2.671415,0.003,0.0
2026-03-17 12:22:17.376158,DONE,51.4234127,-2.6714148,0.003,0.0
2026-03-17 12:22:19.024483,DONE,51.4234127,-2.6714147,0.002,0.0
2026-03-17 12:22:20.668965,DONE,51.4234127,-2.6714147,0.003,0.0
2026-03-17 12:22:22.318202,DONE,51.4234127,-2.6714146,0.003,0.0
2026-03-17 12:22:24.025356,DONE,51.4234127,-2.6714146,0.003,0.0
2026-03-17 12:22:25.694155,DONE,51.4234127,-2.6714146,0.003,0.0
2026-03-17 12:22:27.319849,DONE,51.4234127,-2.6714146,0.003,0.0
2026-03-17 12:22:28.979287,DONE,51.4234127,-2.6714146,0.003,0.0
2026-03-17 12:22:30.633468,DONE,51.4234127,-2.6714146,0.003,0.0
2026-03-17 12:22:32.240864,DONE,51.4234127,-2.6714146,0.003,0.0
2026-03-17 12:22:33.892988,DONE,51.4234127,-2.6714146,0.003,0.0
2026-03-17 12:22:35.584093,DONE,51.4234127,-2.6714146,0.003,0.0
2026-03-17 12:22:37.248137,DONE,51.4234127,-2.6714146,0.003,0.0
2026-03-17 12:22:38.846421,DONE,51.4234127,-2.6714146,0.003,0.0
2026-03-17 12:22:40.534472,DONE,51.4234127,-2.6714146,0.003,0.0
2026-03-17 12:22:42.170305,DONE,51.4234127,-2.6714146,0.003,0.0
2026-03-17 12:22:43.823861,DONE,51.4234127,-2.6714146,0.003,0.0
2026-03-17 12:22:45.524861,DONE,51.4234127,-2.6714146,0.003,0.0
2026-03-17 12:22:47.211078,DONE,51.4234127,-2.6714146,0.003,0.0
2026-03-17 12:22:48.838917,DONE,51.4234127,-2.6714146,0.002,0.0
2026-03-17 12:22:50.506497,DONE,51.4234127,-2.6714146,0.002,0.0
2026-03-17 12:22:52.157358,DONE,51.4234127,-2.6714146,0.003,0.0
2026-03-17 12:22:53.862947,DONE,51.4234127,-2.6714146,0.003,0.0
2026-03-17 12:22:55.803371,DONE,51.4234127,-2.6714146,0.003,0.0
2026-03-17 12:22:57.484271,DONE,51.4234127,-2.6714146,0.003,0.0
2026-03-17 12:22:59.102804,DONE,51.4234127,-2.6714146,0.002,0.0
2026-03-17 12:23:00.773335,DONE,51.4234127,-2.6714146,0.003,0.0
2026-03-17 12:23:02.397037,DONE,51.4234127,-2.6714146,0.003,0.0
2026-03-17 12:23:04.079958,DONE,51.4234127,-2.6714146,0.003,0.0
2026-03-17 12:23:05.807419,DONE,51.4234127,-2.6714146,0.003,0.0
2026-03-17 12:23:07.462426,DONE,51.4234127,-2.6714146,0.003,0.0
2026-03-17 12:23:09.083212,DONE,51.4234127,-2.6714146,0.003,0.0
2026-03-17 12:23:10.779104,DONE,51.4234127,-2.6714146,0.003,0.0
2026-03-17 12:23:12.406764,DONE,51.4234127,-2.6714146,0.003,0.0
2026-03-17 12:23:14.055197,DONE,51.4234127,-2.6714146,0.002,0.0
2026-03-17 12:23:15.753276,DONE,51.4234127,-2.6714147,0.003,0.0
2026-03-17 12:23:17.415811,DONE,51.4234127,-2.6714148,0.003,0.0
2026-03-17 12:23:19.044877,DONE,51.4234127,-2.6714149,0.003,0.0
2026-03-17 12:23:20.698482,DONE,51.4234127,-2.6714149,0.003,0.0
2026-03-17 12:23:22.383251,DONE,51.4234127,-2.671415,0.003,0.0
2026-03-17 12:23:24.004932,DONE,51.4234127,-2.671415,0.003,0.0
2026-03-17 12:23:25.808685,DONE,51.4234127,-2.671415,0.003,0.0
2026-03-17 12:23:27.551241,DONE,51.4234127,-2.671415,0.003,0.0
2026-03-17 12:23:29.360484,DONE,51.4234127,-2.671415,0.003,0.0
2026-03-17 12:23:31.028657,DONE,51.4234127,-2.671415,0.003,0.0
2026-03-17 12:23:32.699866,DONE,51.4234127,-2.671415,0.003,0.0
2026-03-17 12:23:34.570865,DONE,51.4234127,-2.671415,0.003,0.0
2026-03-17 12:23:35.793872,DONE,51.4234127,-2.671415,0.003,0.0
2026-03-17 12:23:36.860130,DONE,51.4234127,-2.671415,0.003,0.0
2026-03-17 12:23:38.564296,DONE,51.4234127,-2.671415,0.003,0.0
2026-03-17 12:23:40.261495,DONE,51.4234127,-2.671415,0.003,0.0
2026-03-17 12:23:41.989098,DONE,51.4234127,-2.671415,0.003,0.0
2026-03-17 12:23:43.656609,DONE,51.4234127,-2.671415,0.003,0.0
2026-03-17 12:23:45.368913,DONE,51.4234127,-2.671415,0.003,0.0
2026-03-17 12:23:47.046531,DONE,51.4234127,-2.671415,0.003,0.0
2026-03-17 12:23:48.745282,DONE,51.4234127,-2.671415,0.003,0.0
2026-03-17 12:23:50.396003,DONE,51.4234127,-2.671415,0.003,0.0
2026-03-17 12:23:52.080999,DONE,51.4234127,-2.671415,0.003,0.0
2026-03-17 12:23:53.971021,DONE,51.4234127,-2.671415,0.003,0.0
2026-03-17 12:23:54.978873,DONE,51.4234127,-2.671415,0.003,0.0
2026-03-17 12:23:56.816239,DONE,51.4234127,-2.671415,0.003,0.0
2026-03-17 12:23:58.469234,DONE,51.4234127,-2.671415,0.003,0.0
2026-03-17 12:24:00.202014,DONE,51.4234127,-2.671415,0.003,0.0
2026-03-17 12:24:01.886037,DONE,51.4234127,-2.671415,0.003,0.0
2026-03-17 12:24:03.544855,DONE,51.4234127,-2.671415,0.003,0.0
2026-03-17 12:24:05.275759,DONE,51.4234127,-2.671415,0.003,0.0
2026-03-17 12:24:07.007665,DONE,51.4234127,-2.671415,0.003,0.0
2026-03-17 12:24:08.716800,DONE,51.4234127,-2.671415,0.003,0.0
2026-03-17 12:24:10.543927,DONE,51.4234127,-2.671415,0.003,0.0
2026-03-17 12:24:12.201064,DONE,51.4234127,-2.671415,0.003,0.0
2026-03-17 12:24:13.862933,DONE,51.4234127,-2.671415,0.003,0.0
2026-03-17 12:24:15.654068,DONE,51.4234127,-2.671415,0.003,0.0
2026-03-17 12:24:17.419608,DONE,51.4234127,-2.6714148,0.003,0.0
2026-03-17 12:24:19.055712,DONE,51.4234127,-2.6714147,0.003,0.0
2026-03-17 12:24:20.718529,DONE,51.4234127,-2.6714147,0.002,0.0
2026-03-17 12:24:22.348472,DONE,51.4234127,-2.6714146,0.003,0.0
2026-03-17 12:24:23.997415,DONE,51.4234127,-2.6714146,0.003,0.0
2026-03-17 12:24:25.673372,DONE,51.4234127,-2.6714146,0.003,0.0
2026-03-17 12:24:27.334332,DONE,51.4234127,-2.6714146,0.003,0.0
2026-03-17 12:24:28.985983,DONE,51.4234127,-2.6714146,0.003,0.0
2026-03-17 12:24:30.687921,DONE,51.4234127,-2.6714146,0.003,0.0
2026-03-17 12:24:32.322064,DONE,51.4234127,-2.6714146,0.003,0.0
2026-03-17 12:24:33.942668,DONE,51.4234127,-2.6714146,0.003,0.0
2026-03-17 12:24:35.630560,DONE,51.4234127,-2.6714146,0.003,0.0
2026-03-17 12:24:37.255899,DONE,51.4234127,-2.6714146,0.003,0.0
2026-03-17 12:24:38.889764,DONE,51.4234127,-2.6714146,0.003,0.0
2026-03-17 12:24:40.633503,DONE,51.4234127,-2.6714146,0.003,0.0
2026-03-17 12:24:42.289657,DONE,51.4234127,-2.6714146,0.003,0.0
2026-03-17 12:24:43.943075,DONE,51.4234127,-2.6714146,0.003,0.0
2026-03-17 12:24:45.657896,DONE,51.4234127,-2.6714146,0.003,0.0
2026-03-17 12:24:47.317366,DONE,51.4234127,-2.6714146,0.003,0.0
2026-03-17 12:24:48.970711,DONE,51.4234127,-2.6714146,0.003,0.0
2026-03-17 12:24:50.638850,DONE,51.4234127,-2.6714146,0.003,0.0
2026-03-17 12:24:52.286333,DONE,51.4234127,-2.6714146,0.002,0.0
2026-03-17 12:24:54.063511,DONE,51.4234127,-2.6714146,0.003,0.0
2026-03-17 12:24:56.026151,DONE,51.4234127,-2.6714146,0.003,0.0
2026-03-17 12:24:57.675868,DONE,51.4234127,-2.6714146,0.003,0.0
2026-03-17 12:24:59.339592,DONE,51.4234127,-2.6714146,0.002,0.0
2026-03-17 12:25:00.988308,DONE,51.4234127,-2.6714146,0.003,0.0
2026-03-17 12:25:02.644519,DONE,51.4234127,-2.6714146,0.003,0.0
2026-03-17 12:25:04.315151,DONE,51.4234127,-2.6714146,0.003,0.0
2026-03-17 12:25:06.020982,DONE,51.4234127,-2.6714146,0.003,0.0
2026-03-17 12:25:07.699253,DONE,51.4234127,-2.6714146,0.003,0.0
2026-03-17 12:25:09.431739,DONE,51.4234127,-2.6714146,0.003,0.0
2026-03-17 12:25:11.083771,DONE,51.4234127,-2.6714146,0.003,0.0
2026-03-17 12:25:12.744679,DONE,51.4234127,-2.6714146,0.002,0.0
2026-03-17 12:25:14.473423,DONE,51.4234127,-2.6714146,0.003,0.0
2026-03-17 12:25:16.111108,DONE,51.4234127,-2.6714147,0.003,0.0
2026-03-17 12:25:17.783058,DONE,51.4234127,-2.6714148,0.003,0.0
2026-03-17 12:25:19.454148,DONE,51.4234127,-2.6714149,0.003,0.0
2026-03-17 12:25:21.105178,DONE,51.4234127,-2.6714149,0.003,0.0
2026-03-17 12:25:22.749778,DONE,51.4234127,-2.671415,0.003,0.0
2026-03-17 12:25:24.401951,DONE,51.4234127,-2.671415,0.003,0.0
2026-03-17 12:25:26.053827,DONE,51.4234127,-2.671415,0.003,0.0
2026-03-17 12:25:27.846087,DONE,51.4234127,-2.671415,0.003,0.0
2026-03-17 12:25:30.036207,DONE,51.4234127,-2.671415,0.003,0.0
2026-03-17 12:25:31.105125,DONE,51.4234127,-2.671415,0.003,0.0
2026-03-17 12:25:32.120311,DONE,51.4234127,-2.671415,0.003,0.0
2026-03-17 12:25:33.235583,DONE,51.4234127,-2.671415,0.003,0.0
2026-03-17 12:25:35.325769,DONE,51.4234127,-2.671415,0.002,0.0
2026-03-17 12:25:36.416438,DONE,51.4234127,-2.671415,0.003,0.0
2026-03-17 12:25:37.456510,DONE,51.4234127,-2.671415,0.003,0.0
2026-03-17 12:25:39.461044,DONE,51.4234127,-2.671415,0.003,0.0
2026-03-17 12:25:40.467357,DONE,51.4234127,-2.671415,0.003,0.0
2026-03-17 12:25:41.487114,DONE,51.4234127,-2.671415,0.003,0.0
2026-03-17 12:25:42.524175,DONE,51.4234127,-2.671415,0.003,0.0
2026-03-17 12:25:44.546988,DONE,51.4234127,-2.671415,0.003,0.0
2026-03-17 12:25:46.592958,DONE,51.4234127,-2.671415,0.003,0.0
2026-03-17 12:25:47.611665,DONE,51.4234127,-2.671415,0.003,0.0
2026-03-17 12:25:49.614031,DONE,51.4234127,-2.671415,0.003,0.0
2026-03-17 12:25:51.318836,DONE,51.4234127,-2.671415,0.003,0.0
2026-03-17 12:25:52.913285,DONE,51.4234127,-2.671415,0.003,0.0
2026-03-17 12:25:54.759095,DONE,51.4234127,-2.671415,0.003,0.0
2026-03-17 12:25:56.533744,DONE,51.4234127,-2.671415,0.003,0.0
2026-03-17 12:25:58.137948,DONE,51.4234127,-2.671415,0.003,0.0
2026-03-17 12:25:59.735414,DONE,51.4234127,-2.671415,0.003,0.0
2026-03-17 12:26:01.334194,DONE,51.4234127,-2.671415,0.003,0.0
2026-03-17 12:26:02.935560,DONE,51.4234127,-2.671415,0.003,0.0
2026-03-17 12:26:04.534902,DONE,51.4234127,-2.671415,0.003,0.0
2026-03-17 12:26:06.220472,DONE,51.4234127,-2.671415,0.003,0.0
2026-03-17 12:26:07.837023,DONE,51.4234127,-2.671415,0.003,0.0
2026-03-17 12:26:09.472043,DONE,51.4234127,-2.671415,0.003,0.0
2026-03-17 12:26:11.063169,DONE,51.4234127,-2.671415,0.003,0.0
2026-03-17 12:26:12.613239,DONE,51.4234127,-2.671415,0.003,0.0
2026-03-17 12:26:14.164670,DONE,51.4234127,-2.671415,0.003,0.0
2026-03-17 12:26:15.762495,DONE,51.4234127,-2.6714149,0.003,0.0
2026-03-17 12:26:17.324222,DONE,51.4234127,-2.6714148,0.002,0.0
2026-03-17 12:26:18.898572,DONE,51.4234127,-2.6714147,0.003,0.0
2026-03-17 12:26:20.494482,DONE,51.4234127,-2.6714147,0.003,0.0
2026-03-17 12:26:22.052989,DONE,51.4234127,-2.6714146,0.003,0.0
2026-03-17 12:26:23.627748,DONE,51.4234127,-2.6714146,0.003,0.0
2026-03-17 12:26:25.204551,DONE,51.4234127,-2.6714146,0.003,0.0
2026-03-17 12:26:26.807306,DONE,51.4234127,-2.6714146,0.003,0.0
2026-03-17 12:26:28.377600,DONE,51.4234127,-2.6714146,0.003,0.0
2026-03-17 12:26:30.006096,DONE,51.4234127,-2.6714146,0.003,0.0
2026-03-17 12:26:31.574227,DONE,51.4234127,-2.6714146,0.003,0.0
2026-03-17 12:26:33.129571,DONE,51.4234127,-2.6714146,0.003,0.0
2026-03-17 12:26:34.696377,DONE,51.4234127,-2.6714146,0.003,0.0
2026-03-17 12:26:36.242776,DONE,51.4234127,-2.6714146,0.003,0.0
2026-03-17 12:26:37.788097,DONE,51.4234127,-2.6714146,0.003,0.0
2026-03-17 12:26:39.388606,DONE,51.4234127,-2.6714146,0.003,0.0
2026-03-17 12:26:40.971635,DONE,51.4234127,-2.6714146,0.003,0.0
2026-03-17 12:26:42.493129,DONE,51.4234127,-2.6714146,0.003,0.0
2026-03-17 12:26:44.016729,DONE,51.4234127,-2.6714146,0.003,0.0
2026-03-17 12:26:45.583737,DONE,51.4234127,-2.6714146,0.003,0.0
2026-03-17 12:26:47.158699,DONE,51.4234127,-2.6714146,0.003,0.0
2026-03-17 12:26:48.704476,DONE,51.4234127,-2.6714146,0.003,0.0
2026-03-17 12:26:50.272193,DONE,51.4234127,-2.6714146,0.003,0.0
2026-03-17 12:26:51.830613,DONE,51.4234127,-2.6714146,0.003,0.0
2026-03-17 12:26:53.382934,DONE,51.4234127,-2.6714146,0.003,0.0
2026-03-17 12:26:55.209759,DONE,51.4234127,-2.6714146,0.003,0.0
2026-03-17 12:26:56.908591,DONE,51.4234127,-2.6714146,0.003,0.0
2026-03-17 12:26:58.467966,DONE,51.4234127,-2.6714146,0.003,0.0
2026-03-17 12:27:00.030786,DONE,51.4234127,-2.6714146,0.003,0.0
2026-03-17 12:27:01.540391,DONE,51.4234127,-2.6714146,0.003,0.0
2026-03-17 12:27:03.086262,DONE,51.4234127,-2.6714146,0.003,0.0
2026-03-17 12:27:04.690283,DONE,51.4234127,-2.6714146,0.003,0.0
2026-03-17 12:27:06.270893,DONE,51.4234127,-2.6714146,0.003,0.0
2026-03-17 12:27:07.824403,DONE,51.4234127,-2.6714146,0.003,0.0
2026-03-17 12:27:09.442541,DONE,51.4234127,-2.6714146,0.003,0.0
2026-03-17 12:27:10.961239,DONE,51.4234127,-2.6714146,0.003,0.0
2026-03-17 12:27:12.447502,DONE,51.4234127,-2.6714146,0.003,0.0
2026-03-17 12:27:13.995613,DONE,51.4234127,-2.6714146,0.002,0.0
2026-03-17 12:27:15.592381,DONE,51.4234127,-2.6714147,0.003,0.0
2026-03-17 12:27:17.135048,DONE,51.4234127,-2.6714148,0.003,0.0
2026-03-17 12:27:18.712888,DONE,51.4234127,-2.6714149,0.003,0.0
2026-03-17 12:27:20.256414,DONE,51.4234127,-2.6714149,0.003,0.0
2026-03-17 12:27:21.780750,DONE,51.4234127,-2.671415,0.003,0.0
2026-03-17 12:27:23.338205,DONE,51.4234127,-2.671415,0.002,0.0
2026-03-17 12:27:24.888433,DONE,51.4234127,-2.671415,0.003,0.0
2026-03-17 12:27:26.486585,DONE,51.4234127,-2.671415,0.003,0.0
2026-03-17 12:27:28.035076,DONE,51.4234127,-2.671415,0.003,0.0
2026-03-17 12:27:29.759444,DONE,51.4234127,-2.671415,0.003,0.0
2026-03-17 12:27:31.407562,DONE,51.4234127,-2.671415,0.004,0.0
2026-03-17 12:27:32.976120,DONE,51.4234127,-2.671415,0.003,0.0
2026-03-17 12:27:34.610335,DONE,51.4234127,-2.671415,0.003,0.0
2026-03-17 12:27:36.154653,DONE,51.4234127,-2.671415,0.003,0.0
2026-03-17 12:27:37.757041,DONE,51.4234127,-2.671415,0.003,0.0
2026-03-17 12:27:39.317658,DONE,51.4234127,-2.671415,0.003,0.0
2026-03-17 12:27:40.866753,DONE,51.4234127,-2.671415,0.003,0.0
2026-03-17 12:27:42.421970,DONE,51.4234127,-2.671415,0.003,0.0
2026-03-17 12:27:43.958001,DONE,51.4234127,-2.671415,0.003,0.0
2026-03-17 12:27:45.519126,DONE,51.4234127,-2.671415,0.003,0.0
2026-03-17 12:27:47.114094,DONE,51.4234127,-2.671415,0.003,0.0
2026-03-17 12:27:48.634269,DONE,51.4234127,-2.671415,0.003,0.0
2026-03-17 12:27:50.164923,DONE,51.4234127,-2.671415,0.003,0.0
2026-03-17 12:27:51.720685,DONE,51.4234127,-2.671415,0.003,0.0
2026-03-17 12:27:53.239931,DONE,51.4234127,-2.671415,0.003,0.0
2026-03-17 12:27:55.032247,DONE,51.4234127,-2.671415,0.003,0.0
2026-03-17 12:27:56.709979,DONE,51.4234127,-2.671415,0.003,0.0
2026-03-17 12:27:58.214037,DONE,51.4234127,-2.671415,0.003,0.0
2026-03-17 12:27:59.778662,DONE,51.4234127,-2.671415,0.003,0.0
2026-03-17 12:28:01.354456,DONE,51.4234127,-2.671415,0.003,0.0
2026-03-17 12:28:02.906944,DONE,51.4234127,-2.671415,0.003,0.0
2026-03-17 12:28:04.476943,DONE,51.4234127,-2.671415,0.003,0.0
2026-03-17 12:28:06.058889,DONE,51.4234127,-2.671415,0.003,0.0
2026-03-17 12:28:07.579781,DONE,51.4234127,-2.671415,0.003,0.0
2026-03-17 12:28:09.112176,DONE,51.4234127,-2.671415,0.003,0.0
2026-03-17 12:28:10.624244,DONE,51.4234127,-2.671415,0.003,0.0
2026-03-17 12:28:12.138784,DONE,51.4234127,-2.671415,0.003,0.0
2026-03-17 12:28:13.639324,DONE,51.4234127,-2.671415,0.003,0.0
2026-03-17 12:28:15.181590,DONE,51.4234127,-2.6714149,0.003,0.0
2026-03-17 12:28:16.696621,DONE,51.4234127,-2.6714148,0.003,0.0
2026-03-17 12:28:18.220283,DONE,51.4234127,-2.6714147,0.003,0.0
2026-03-17 12:28:19.790902,DONE,51.4234127,-2.6714147,0.003,0.0
2026-03-17 12:28:21.350896,DONE,51.4234127,-2.6714146,0.003,0.0
2026-03-17 12:28:22.899406,DONE,51.4234127,-2.6714146,0.003,0.0
2026-03-17 12:28:24.454287,DONE,51.4234127,-2.6714146,0.003,0.0
2026-03-17 12:28:26.095721,DONE,51.4234127,-2.6714146,0.003,0.0
2026-03-17 12:28:27.663364,DONE,51.4234127,-2.6714146,0.003,0.0
2026-03-17 12:28:29.167357,DONE,51.4234127,-2.6714146,0.003,0.0
2026-03-17 12:28:30.739260,DONE,51.4234127,-2.6714146,0.003,0.0
2026-03-17 12:28:32.341210,DONE,51.4234127,-2.6714146,0.002,0.0
2026-03-17 12:28:33.903766,DONE,51.4234127,-2.6714146,0.003,0.0
2026-03-17 12:28:35.455257,DONE,51.4234127,-2.6714146,0.003,0.0
2026-03-17 12:28:37.039175,DONE,51.4234127,-2.6714146,0.003,0.0
2026-03-17 12:28:38.696429,DONE,51.4234127,-2.6714146,0.003,0.0
2026-03-17 12:28:40.230694,DONE,51.4234127,-2.6714146,0.003,0.0
2026-03-17 12:28:41.737884,DONE,51.4234127,-2.6714146,0.003,0.0
2026-03-17 12:28:43.287146,DONE,51.4234127,-2.6714146,0.002,0.0
2026-03-17 12:28:44.870618,DONE,51.4234127,-2.6714146,0.003,0.0
2026-03-17 12:28:46.488407,DONE,51.4234127,-2.6714146,0.003,0.0
2026-03-17 12:28:48.027881,DONE,51.4234127,-2.6714146,0.003,0.0
2026-03-17 12:28:49.704469,DONE,51.4234127,-2.6714146,0.002,0.0
2026-03-17 12:28:51.246241,DONE,51.4234127,-2.6714146,0.003,0.0
2026-03-17 12:28:52.791717,DONE,51.4234127,-2.6714146,0.003,0.0
2026-03-17 12:28:54.503346,DONE,51.4234127,-2.6714146,0.003,0.0
2026-03-17 12:28:56.273171,DONE,51.4234127,-2.6714146,0.003,0.0
2026-03-17 12:28:57.805578,DONE,51.4234127,-2.6714146,0.003,0.0
2026-03-17 12:28:59.358516,DONE,51.4234127,-2.6714146,0.003,0.0
2026-03-17 12:29:00.904602,DONE,51.4234127,-2.6714146,0.003,0.0
2026-03-17 12:29:02.443544,DONE,51.4234127,-2.6714146,0.003,0.0
2026-03-17 12:29:03.971130,DONE,51.4234127,-2.6714146,0.003,0.0
2026-03-17 12:29:05.585081,DONE,51.4234127,-2.6714146,0.003,0.0
2026-03-17 12:29:07.134212,DONE,51.4234127,-2.6714146,0.003,0.0
2026-03-17 12:29:08.653807,DONE,51.4234127,-2.6714146,0.003,0.0
2026-03-17 12:29:10.248234,DONE,51.4234127,-2.6714146,0.003,0.0
2026-03-17 12:29:11.763354,DONE,51.4234127,-2.6714146,0.003,0.0
2026-03-17 12:29:13.375326,DONE,51.4234127,-2.6714146,0.003,0.0
2026-03-17 12:29:14.927548,DONE,51.4234127,-2.6714146,0.003,0.0
2026-03-17 12:29:16.671878,DONE,51.4234127,-2.6714148,0.003,0.0
2026-03-17 12:29:18.214834,DONE,51.4234127,-2.6714149,0.003,0.0
2026-03-17 12:29:19.741768,DONE,51.4234127,-2.6714149,0.003,0.0
2026-03-17 12:29:21.252293,DONE,51.4234127,-2.671415,0.003,0.0
2026-03-17 12:29:22.759727,DONE,51.4234127,-2.671415,0.003,0.0
2026-03-17 12:29:24.300673,DONE,51.4234127,-2.671415,0.003,0.0
2026-03-17 12:29:25.848882,DONE,51.4234127,-2.671415,0.003,0.0
2026-03-17 12:29:27.369958,DONE,51.4234127,-2.671415,0.003,0.0
2026-03-17 12:29:29.029975,DONE,51.4234127,-2.671415,0.003,0.0
2026-03-17 12:29:30.770131,DONE,51.4234127,-2.671415,0.003,0.0
2026-03-17 12:29:32.346971,DONE,51.4234127,-2.671415,0.003,0.0
2026-03-17 12:29:33.923802,DONE,51.4234127,-2.671415,0.003,0.0
2026-03-17 12:29:35.499864,DONE,51.4234127,-2.671415,0.003,0.0
2026-03-17 12:29:36.998692,DONE,51.4234127,-2.671415,0.003,0.0
2026-03-17 12:29:38.564282,DONE,51.4234127,-2.671415,0.003,0.0
2026-03-17 12:29:40.104581,DONE,51.4234127,-2.671415,0.003,0.0
2026-03-17 12:29:41.608777,DONE,51.4234127,-2.671415,0.003,0.0
2026-03-17 12:29:43.120334,DONE,51.4234127,-2.671415,0.003,0.0
2026-03-17 12:29:44.736756,DONE,51.4234127,-2.671415,0.003,0.0
2026-03-17 12:29:46.306338,DONE,51.4234127,-2.671415,0.003,0.0
2026-03-17 12:29:47.809223,DONE,51.4234127,-2.671415,0.004,0.0
2026-03-17 12:29:49.471247,DONE,51.4234127,-2.671415,0.003,0.0
2026-03-17 12:29:50.994125,DONE,51.4234127,-2.671415,0.003,0.0
2026-03-17 12:29:52.633234,DONE,51.4234127,-2.671415,0.003,0.0
2026-03-17 12:29:54.474681,DONE,51.4234127,-2.671415,0.003,0.0
2026-03-17 12:29:56.339820,DONE,51.4234127,-2.671415,0.003,0.0
2026-03-17 12:29:57.916551,DONE,51.4234127,-2.671415,0.003,0.0
2026-03-17 12:29:59.489890,DONE,51.4234127,-2.671415,0.003,0.0
2026-03-17 12:30:01.013952,DONE,51.4234127,-2.671415,0.003,0.0
2026-03-17 12:30:02.566225,DONE,51.4234127,-2.671415,0.003,0.0
2026-03-17 12:30:04.099771,DONE,51.4234127,-2.671415,0.003,0.0
2026-03-17 12:30:05.824462,DONE,51.4234127,-2.671415,0.003,0.0
2026-03-17 12:30:07.374974,DONE,51.4234127,-2.671415,0.003,0.0
2026-03-17 12:30:08.916043,DONE,51.4234127,-2.671415,0.003,0.0
2026-03-17 12:30:10.492353,DONE,51.4234127,-2.671415,0.003,0.0
2026-03-17 12:30:12.027916,DONE,51.4234127,-2.671415,0.003,0.0
2026-03-17 12:30:13.572987,DONE,51.4234127,-2.671415,0.003,0.0
2026-03-17 12:30:15.096519,DONE,51.4234127,-2.6714149,0.003,0.0
2026-03-17 12:30:16.646572,DONE,51.4234127,-2.6714148,0.003,0.0
2026-03-17 12:30:18.154785,DONE,51.4234127,-2.6714147,0.003,0.0
2026-03-17 12:30:19.704470,DONE,51.4234127,-2.6714147,0.002,0.0
2026-03-17 12:30:21.231649,DONE,51.4234127,-2.6714146,0.003,0.0
2026-03-17 12:30:22.719482,DONE,51.4234127,-2.6714146,0.002,0.0
2026-03-17 12:30:24.530300,DONE,51.4234127,-2.6714146,0.002,0.0
2026-03-17 12:30:26.069440,DONE,51.4234127,-2.6714146,0.003,0.0
2026-03-17 12:30:27.566310,DONE,51.4234127,-2.6714146,0.003,0.0
2026-03-17 12:30:29.104164,DONE,51.4234127,-2.6714146,0.003,0.0
2026-03-17 12:30:30.790534,DONE,51.4234127,-2.6714146,0.003,0.0
2026-03-17 12:30:32.311464,DONE,51.4234127,-2.6714146,0.003,0.0
2026-03-17 12:30:33.893391,DONE,51.4234127,-2.6714146,0.003,0.0
2026-03-17 12:30:35.529237,DONE,51.4234127,-2.6714146,0.003,0.0
2026-03-17 12:30:36.538568,DONE,51.4234127,-2.6714146,0.003,0.0
2026-03-17 12:30:38.269655,DONE,51.4234127,-2.6714146,0.003,0.0
2026-03-17 12:30:39.851606,DONE,51.4234127,-2.6714146,0.003,0.0
2026-03-17 12:30:41.409534,DONE,51.4234127,-2.6714146,0.003,0.0
2026-03-17 12:30:42.962440,DONE,51.4234127,-2.6714146,0.003,0.0
2026-03-17 12:30:44.505247,DONE,51.4234127,-2.6714146,0.003,0.0
2026-03-17 12:30:46.016719,DONE,51.4234127,-2.6714146,0.003,0.0
2026-03-17 12:30:47.531273,DONE,51.4234127,-2.6714146,0.003,0.0
2026-03-17 12:30:49.036585,DONE,51.4234127,-2.6714146,0.003,0.0
2026-03-17 12:30:50.583982,DONE,51.4234127,-2.6714146,0.002,0.0
2026-03-17 12:30:52.145304,DONE,51.4234127,-2.6714146,0.002,0.0
2026-03-17 12:30:53.807833,DONE,51.4234127,-2.6714146,0.003,0.0
2026-03-17 12:30:55.657293,DONE,51.4234127,-2.6714146,0.003,0.0
2026-03-17 12:30:57.277180,DONE,51.4234127,-2.6714146,0.003,0.0
2026-03-17 12:30:58.839777,DONE,51.4234127,-2.6714146,0.003,0.0
2026-03-17 12:31:00.425417,DONE,51.4234127,-2.6714146,0.002,0.0
2026-03-17 12:31:01.978811,DONE,51.4234127,-2.6714146,0.003,0.0
2026-03-17 12:31:03.529578,DONE,51.4234127,-2.6714146,0.003,0.0
2026-03-17 12:31:05.110869,DONE,51.4234127,-2.6714146,0.002,0.0
2026-03-17 12:31:06.634093,DONE,51.4234127,-2.6714146,0.003,0.0
2026-03-17 12:31:08.170300,DONE,51.4234127,-2.6714146,0.003,0.0
2026-03-17 12:31:09.758301,DONE,51.4234127,-2.6714146,0.003,0.0
2026-03-17 12:31:11.332449,DONE,51.4234127,-2.6714146,0.003,0.0
2026-03-17 12:31:12.879634,DONE,51.4234127,-2.6714146,0.003,0.0
2026-03-17 12:31:14.436053,DONE,51.4234127,-2.6714146,0.003,0.0
2026-03-17 12:31:16.008528,DONE,51.4234127,-2.6714148,0.003,0.0
2026-03-17 12:31:17.511907,DONE,51.4234127,-2.6714149,0.003,0.0
2026-03-17 12:31:19.037049,DONE,51.4234127,-2.6714149,0.003,0.0
2026-03-17 12:31:20.565063,DONE,51.4234127,-2.6714149,0.003,0.0
2026-03-17 12:31:22.113442,DONE,51.4234127,-2.671415,0.003,0.0
2026-03-17 12:31:23.637047,DONE,51.4234127,-2.671415,0.003,0.0
2026-03-17 12:31:25.173766,DONE,51.4234127,-2.671415,0.003,0.0
2026-03-17 12:31:26.702356,DONE,51.4234127,-2.671415,0.003,0.0
2026-03-17 12:31:28.235505,DONE,51.4234127,-2.671415,0.003,0.0
2026-03-17 12:31:29.802965,DONE,51.4234127,-2.671415,0.003,0.0
2026-03-17 12:31:31.320162,DONE,51.4234127,-2.671415,0.003,0.0
2026-03-17 12:31:32.814017,DONE,51.4234127,-2.671415,0.003,0.0
2026-03-17 12:31:34.345366,DONE,51.4234127,-2.671415,0.003,0.0
2026-03-17 12:31:35.873402,DONE,51.4234127,-2.671415,0.002,0.0
2026-03-17 12:31:37.402968,DONE,51.4234127,-2.671415,0.003,0.0
2026-03-17 12:31:38.907627,DONE,51.4234127,-2.671415,0.003,0.0
2026-03-17 12:31:40.468547,DONE,51.4234127,-2.671415,0.003,0.0
2026-03-17 12:31:41.986632,DONE,51.4234127,-2.671415,0.003,0.0
2026-03-17 12:31:43.509988,DONE,51.4234127,-2.671415,0.003,0.0
2026-03-17 12:31:45.053720,DONE,51.4234127,-2.671415,0.003,0.0
2026-03-17 12:31:46.595713,DONE,51.4234127,-2.671415,0.003,0.0
2026-03-17 12:31:48.124498,DONE,51.4234127,-2.671415,0.003,0.0
2026-03-17 12:31:49.654707,DONE,51.4234127,-2.671415,0.003,0.0
2026-03-17 12:31:51.164931,DONE,51.4234127,-2.671415,0.003,0.0
2026-03-17 12:31:52.685436,DONE,51.4234127,-2.671415,0.003,0.0
2026-03-17 12:31:54.330265,DONE,51.4234127,-2.671415,0.003,0.0
2026-03-17 12:31:56.076796,DONE,51.4234127,-2.671415,0.003,0.0
2026-03-17 12:31:57.599624,DONE,51.4234127,-2.671415,0.003,0.0
2026-03-17 12:31:59.110013,DONE,51.4234127,-2.671415,0.003,0.0
2026-03-17 12:32:00.647799,DONE,51.4234127,-2.671415,0.003,0.0
2026-03-17 12:32:02.191253,DONE,51.4234127,-2.671415,0.003,0.0
2026-03-17 12:32:03.714314,DONE,51.4234127,-2.671415,0.003,0.0
2026-03-17 12:32:05.366430,DONE,51.4234127,-2.671415,0.003,0.0
2026-03-17 12:32:06.910694,DONE,51.4234127,-2.671415,0.002,0.0
2026-03-17 12:32:08.422039,DONE,51.4234127,-2.671415,0.003,0.0
2026-03-17 12:32:09.964874,DONE,51.4234127,-2.671415,0.003,0.0
2026-03-17 12:32:11.458977,DONE,51.4234127,-2.671415,0.003,0.0
2026-03-17 12:32:12.987086,DONE,51.4234127,-2.671415,0.003,0.0
2026-03-17 12:32:14.525113,DONE,51.4234127,-2.671415,0.003,0.0
2026-03-17 12:32:16.036433,DONE,51.4234127,-2.6714148,0.002,0.0
2026-03-17 12:32:17.559595,DONE,51.4234127,-2.6714147,0.003,0.0
2026-03-17 12:32:19.085584,DONE,51.4234127,-2.6714147,0.003,0.0
2026-03-17 12:32:20.634827,DONE,51.4234127,-2.6714147,0.003,0.0
2026-03-17 12:32:22.145227,DONE,51.4234127,-2.6714146,0.003,0.0
2026-03-17 12:32:23.684186,DONE,51.4234127,-2.6714146,0.003,0.0
2026-03-17 12:32:25.248718,DONE,51.4234127,-2.6714146,0.003,0.0
2026-03-17 12:32:26.784512,DONE,51.4234127,-2.6714146,0.003,0.0
2026-03-17 12:32:28.268513,DONE,51.4234127,-2.6714146,0.003,0.0
2026-03-17 12:32:29.824318,DONE,51.4234127,-2.6714146,0.003,0.0
2026-03-17 12:32:31.377613,DONE,51.4234127,-2.6714146,0.003,0.0
2026-03-17 12:32:32.911096,DONE,51.4234127,-2.6714146,0.003,0.0
2026-03-17 12:32:34.427697,DONE,51.4234127,-2.6714146,0.002,0.0
2026-03-17 12:32:35.918888,DONE,51.4234127,-2.6714146,0.003,0.0
2026-03-17 12:32:37.435956,DONE,51.4234127,-2.6714146,0.003,0.0
2026-03-17 12:32:38.987226,DONE,51.4234127,-2.6714146,0.003,0.0
2026-03-17 12:32:40.562934,DONE,51.4234127,-2.6714146,0.002,0.0
2026-03-17 12:32:42.070930,DONE,51.4234127,-2.6714146,0.003,0.0
2026-03-17 12:32:43.591303,DONE,51.4234127,-2.6714146,0.003,0.0
2026-03-17 12:32:45.169271,DONE,51.4234127,-2.6714146,0.003,0.0
2026-03-17 12:32:46.672626,DONE,51.4234127,-2.6714146,0.003,0.0
2026-03-17 12:32:48.246065,DONE,51.4234127,-2.6714146,0.003,0.0
2026-03-17 12:32:49.793431,DONE,51.4234127,-2.6714146,0.003,0.0
2026-03-17 12:32:51.341233,DONE,51.4234127,-2.6714146,0.003,0.0
2026-03-17 12:32:52.881544,DONE,51.4234127,-2.6714146,0.003,0.0
2026-03-17 12:32:54.616173,DONE,51.4234127,-2.6714146,0.003,0.0
2026-03-17 12:32:56.350367,DONE,51.4234127,-2.6714146,0.003,0.0
2026-03-17 12:32:57.837526,DONE,51.4234127,-2.6714146,0.003,0.0
2026-03-17 12:32:59.410039,DONE,51.4234127,-2.6714146,0.003,0.0
2026-03-17 12:33:01.073458,DONE,51.4234127,-2.6714146,0.002,0.0
2026-03-17 12:33:02.627186,DONE,51.4234127,-2.6714146,0.003,0.0
2026-03-17 12:33:04.186500,DONE,51.4234127,-2.6714146,0.003,0.0
2026-03-17 12:33:05.827765,DONE,51.4234127,-2.6714146,0.003,0.0
2026-03-17 12:33:07.350730,DONE,51.4234127,-2.6714146,0.003,0.0
2026-03-17 12:33:08.885672,DONE,51.4234127,-2.6714146,0.003,0.0
2026-03-17 12:33:10.468335,DONE,51.4234127,-2.6714146,0.003,0.0
2026-03-17 12:33:12.014634,DONE,51.4234127,-2.6714146,0.003,0.0
2026-03-17 12:33:13.541105,DONE,51.4234127,-2.6714146,0.003,0.0
2026-03-17 12:33:15.107964,DONE,51.4234127,-2.6714147,0.003,0.0
2026-03-17 12:33:16.617651,DONE,51.4234127,-2.6714148,0.003,0.0
2026-03-17 12:33:18.114402,DONE,51.4234127,-2.6714149,0.003,0.0
2026-03-17 12:33:19.650410,DONE,51.4234127,-2.6714149,0.004,0.0
2026-03-17 12:33:21.152261,DONE,51.4234127,-2.671415,0.003,0.0
2026-03-17 12:33:22.678368,DONE,51.4234127,-2.671415,0.003,0.0
2026-03-17 12:33:24.202785,DONE,51.4234127,-2.671415,0.003,0.0
2026-03-17 12:33:25.805498,DONE,51.4234127,-2.671415,0.003,0.0
2026-03-17 12:33:27.361911,DONE,51.4234127,-2.671415,0.003,0.0
2026-03-17 12:33:28.988794,DONE,51.4234127,-2.671415,0.003,0.0
2026-03-17 12:33:30.554766,DONE,51.4234127,-2.671415,0.003,0.0
2026-03-17 12:33:32.057703,DONE,51.4234127,-2.671415,0.003,0.0
2026-03-17 12:33:33.615143,DONE,51.4234127,-2.671415,0.003,0.0
2026-03-17 12:33:35.169195,DONE,51.4234127,-2.671415,0.003,0.0
2026-03-17 12:33:36.695710,DONE,51.4234127,-2.671415,0.003,0.0
2026-03-17 12:33:38.246717,DONE,51.4234127,-2.671415,0.003,0.0
2026-03-17 12:33:39.906871,DONE,51.4234127,-2.671415,0.003,0.0
2026-03-17 12:33:41.445250,DONE,51.4234127,-2.671415,0.003,0.0
2026-03-17 12:33:42.995662,DONE,51.4234127,-2.671415,0.003,0.0
2026-03-17 12:33:44.570372,DONE,51.4234127,-2.671415,0.003,0.0
2026-03-17 12:33:46.101333,DONE,51.4234127,-2.671415,0.002,0.0
2026-03-17 12:33:47.626468,DONE,51.4234127,-2.671415,0.003,0.0
2026-03-17 12:33:49.184558,DONE,51.4234127,-2.671415,0.003,0.0
2026-03-17 12:33:50.704460,DONE,51.4234127,-2.671415,0.003,0.0
2026-03-17 12:33:52.235625,DONE,51.4234127,-2.671415,0.003,0.0
2026-03-17 12:33:53.818275,DONE,51.4234127,-2.671415,0.003,0.0
2026-03-17 12:33:55.636645,DONE,51.4234127,-2.671415,0.003,0.0
2026-03-17 12:33:57.185492,DONE,51.4234127,-2.671415,0.003,0.0
2026-03-17 12:33:58.696294,DONE,51.4234127,-2.671415,0.003,0.0
2026-03-17 12:34:00.289678,DONE,51.4234127,-2.671415,0.003,0.0
2026-03-17 12:34:01.804871,DONE,51.4234127,-2.671415,0.002,0.0
2026-03-17 12:34:03.342914,DONE,51.4234127,-2.671415,0.003,0.0
2026-03-17 12:34:04.896497,DONE,51.4234127,-2.671415,0.003,0.0
2026-03-17 12:34:06.454791,DONE,51.4234127,-2.671415,0.003,0.0
2026-03-17 12:34:07.963821,DONE,51.4234127,-2.671415,0.003,0.0
2026-03-17 12:34:09.473094,DONE,51.4234127,-2.671415,0.003,0.0
2026-03-17 12:34:10.994284,DONE,51.4234127,-2.671415,0.003,0.0
2026-03-17 12:34:12.551375,DONE,51.4234127,-2.671415,0.003,0.0
2026-03-17 12:34:14.057673,DONE,51.4234127,-2.671415,0.003,0.0
2026-03-17 12:34:15.781370,DONE,51.4234127,-2.6714148,0.003,0.0
2026-03-17 12:34:17.411747,DONE,51.4234127,-2.6714147,0.003,0.0
2026-03-17 12:34:18.935876,DONE,51.4234127,-2.6714147,0.003,0.0
2026-03-17 12:34:20.516494,DONE,51.4234127,-2.6714147,0.002,0.0
2026-03-17 12:34:22.094379,DONE,51.4234127,-2.6714146,0.002,0.0
2026-03-17 12:34:23.762505,DONE,51.4234127,-2.6714146,0.003,0.0
2026-03-17 12:34:25.329378,DONE,51.4234127,-2.6714146,0.003,0.0
2026-03-17 12:34:26.896845,DONE,51.4234127,-2.6714146,0.003,0.0
2026-03-17 12:34:28.493004,DONE,51.4234127,-2.6714146,0.003,0.0
2026-03-17 12:34:30.026388,DONE,51.4234127,-2.6714146,0.002,0.0
2026-03-17 12:34:31.571016,DONE,51.4234127,-2.6714146,0.003,0.0
2026-03-17 12:34:33.069885,DONE,51.4234127,-2.6714146,0.003,0.0
2026-03-17 12:34:34.637026,DONE,51.4234127,-2.6714146,0.003,0.0
2026-03-17 12:34:36.122412,DONE,51.4234127,-2.6714146,0.003,0.0
2026-03-17 12:34:37.677144,DONE,51.4234127,-2.6714146,0.003,0.0
2026-03-17 12:34:39.211849,DONE,51.4234127,-2.6714146,0.003,0.0
2026-03-17 12:34:40.776197,DONE,51.4234127,-2.6714146,0.003,0.0
2026-03-17 12:34:42.324967,DONE,51.4234127,-2.6714146,0.003,0.0
2026-03-17 12:34:43.823260,DONE,51.4234127,-2.6714146,0.003,0.0
2026-03-17 12:34:45.386690,DONE,51.4234127,-2.6714146,0.003,0.0
2026-03-17 12:34:46.930788,DONE,51.4234127,-2.6714146,0.003,0.0
2026-03-17 12:34:48.459372,DONE,51.4234127,-2.6714146,0.003,0.0
2026-03-17 12:34:49.990612,DONE,51.4234127,-2.6714146,0.003,0.0
2026-03-17 12:34:51.462027,DONE,51.4234127,-2.6714146,0.003,0.0
2026-03-17 12:34:52.946703,DONE,51.4234127,-2.6714146,0.003,0.0
2026-03-17 12:34:54.674889,DONE,51.4234127,-2.6714146,0.003,0.0
2026-03-17 12:34:56.355611,DONE,51.4234127,-2.6714146,0.003,0.0
2026-03-17 12:34:57.910807,DONE,51.4234127,-2.6714146,0.003,0.0
2026-03-17 12:34:59.434591,DONE,51.4234127,-2.6714146,0.003,0.0
2026-03-17 12:35:00.992976,DONE,51.4234127,-2.6714146,0.003,0.0
2026-03-17 12:35:02.615265,DONE,51.4234127,-2.6714146,0.003,0.0
2026-03-17 12:35:04.127104,DONE,51.4234127,-2.6714146,0.003,0.0
2026-03-17 12:35:05.704709,DONE,51.4234127,-2.6714146,0.003,0.0
2026-03-17 12:35:07.235449,DONE,51.4234127,-2.6714146,0.003,0.0
2026-03-17 12:35:08.745130,DONE,51.4234127,-2.6714146,0.003,0.0
2026-03-17 12:35:10.321140,DONE,51.4234127,-2.6714146,0.003,0.0
2026-03-17 12:35:11.833730,DONE,51.4234127,-2.6714146,0.003,0.0
2026-03-17 12:35:13.349386,DONE,51.4234127,-2.6714146,0.003,0.0
2026-03-17 12:35:14.879411,DONE,51.4234127,-2.6714147,0.003,0.0
2026-03-17 12:35:16.389407,DONE,51.4234127,-2.6714148,0.003,0.0
2026-03-17 12:35:17.915762,DONE,51.4234127,-2.6714149,0.003,0.0
2026-03-17 12:35:19.466737,DONE,51.4234127,-2.6714149,0.003,0.0
2026-03-17 12:35:20.989651,DONE,51.4234127,-2.671415,0.003,0.0
2026-03-17 12:35:22.504517,DONE,51.4234127,-2.671415,0.003,0.0
2026-03-17 12:35:24.004013,DONE,51.4234127,-2.671415,0.003,0.0
2026-03-17 12:35:25.556940,DONE,51.4234127,-2.671415,0.003,0.0
2026-03-17 12:35:27.090241,DONE,51.4234127,-2.671415,0.003,0.0
2026-03-17 12:35:28.628090,DONE,51.4234127,-2.671415,0.003,0.0
2026-03-17 12:35:30.153896,DONE,51.4234127,-2.671415,0.003,0.0
2026-03-17 12:35:31.716020,DONE,51.4234127,-2.671415,0.003,0.0
2026-03-17 12:35:33.308244,DONE,51.4234127,-2.671415,0.003,0.0
2026-03-17 12:35:34.829123,DONE,51.4234127,-2.671415,0.003,0.0
2026-03-17 12:35:36.405074,DONE,51.4234127,-2.671415,0.003,0.0
2026-03-17 12:35:37.957123,DONE,51.4234127,-2.671415,0.003,0.0
2026-03-17 12:35:39.512746,DONE,51.4234127,-2.671415,0.003,0.0
2026-03-17 12:35:41.025616,DONE,51.4234127,-2.671415,0.003,0.0
2026-03-17 12:35:42.547311,DONE,51.4234127,-2.671415,0.003,0.0
2026-03-17 12:35:44.046005,DONE,51.4234127,-2.671415,0.003,0.0
2026-03-17 12:35:45.557683,DONE,51.4234127,-2.671415,0.003,0.0
2026-03-17 12:35:47.113638,DONE,51.4234127,-2.671415,0.003,0.0
2026-03-17 12:35:48.644788,DONE,51.4234127,-2.671415,0.003,0.0
2026-03-17 12:35:50.240373,DONE,51.4234127,-2.671415,0.003,0.0
2026-03-17 12:35:51.798005,DONE,51.4234127,-2.671415,0.003,0.0
2026-03-17 12:35:53.426243,DONE,51.4234127,-2.671415,0.003,0.0
2026-03-17 12:35:55.267572,DONE,51.4234127,-2.671415,0.003,0.0
2026-03-17 12:35:56.918333,DONE,51.4234127,-2.671415,0.003,0.0
2026-03-17 12:35:58.443468,DONE,51.4234127,-2.671415,0.003,0.0
2026-03-17 12:35:59.916218,DONE,51.4234127,-2.671415,0.003,0.0
2026-03-17 12:36:01.454537,DONE,51.4234127,-2.671415,0.003,0.0
2026-03-17 12:36:02.975486,DONE,51.4234127,-2.671415,0.003,0.0
2026-03-17 12:36:04.493384,DONE,51.4234127,-2.671415,0.003,0.0
2026-03-17 12:36:06.044546,DONE,51.4234127,-2.671415,0.003,0.0
2026-03-17 12:36:07.555392,DONE,51.4234127,-2.671415,0.003,0.0
2026-03-17 12:36:09.046140,DONE,51.4234127,-2.671415,0.003,0.0
2026-03-17 12:36:10.659611,DONE,51.4234127,-2.671415,0.003,0.0
2026-03-17 12:36:12.173616,DONE,51.4234127,-2.671415,0.003,0.0
2026-03-17 12:36:13.714359,DONE,51.4234127,-2.671415,0.003,0.0
2026-03-17 12:36:15.295329,DONE,51.4234127,-2.6714148,0.003,0.0
2026-03-17 12:36:16.838762,DONE,51.4234127,-2.6714147,0.003,0.0
2026-03-17 12:36:18.356473,DONE,51.4234127,-2.6714147,0.002,0.0
2026-03-17 12:36:19.856264,DONE,51.4234127,-2.6714147,0.003,0.0
2026-03-17 12:36:21.348248,DONE,51.4234127,-2.6714146,0.003,0.0
2026-03-17 12:36:22.914385,DONE,51.4234127,-2.6714146,0.003,0.0
2026-03-17 12:36:24.406657,DONE,51.4234127,-2.6714146,0.003,0.0
2026-03-17 12:36:25.953681,DONE,51.4234127,-2.6714146,0.003,0.0
2026-03-17 12:36:27.483029,DONE,51.4234127,-2.6714146,0.003,0.0
2026-03-17 12:36:28.976835,DONE,51.4234127,-2.6714146,0.002,0.0
2026-03-17 12:36:30.506927,DONE,51.4234127,-2.6714146,0.003,0.0
2026-03-17 12:36:32.016332,DONE,51.4234127,-2.6714146,0.003,0.0
2026-03-17 12:36:33.523804,DONE,51.4234127,-2.6714146,0.003,0.0
2026-03-17 12:36:35.063829,DONE,51.4234127,-2.6714146,0.003,0.0
2026-03-17 12:36:36.630105,DONE,51.4234127,-2.6714146,0.002,0.0
2026-03-17 12:36:38.174234,DONE,51.4234127,-2.6714146,0.003,0.0
2026-03-17 12:36:39.741892,DONE,51.4234127,-2.6714146,0.003,0.0
2026-03-17 12:36:41.239700,DONE,51.4234127,-2.6714146,0.003,0.0
2026-03-17 12:36:42.728994,DONE,51.4234127,-2.6714146,0.003,0.0
2026-03-17 12:36:44.251471,DONE,51.4234127,-2.6714146,0.003,0.0
2026-03-17 12:36:45.736646,DONE,51.4234127,-2.6714146,0.003,0.0
2026-03-17 12:36:47.280041,DONE,51.4234127,-2.6714146,0.003,0.0
2026-03-17 12:36:48.802590,DONE,51.4234127,-2.6714146,0.003,0.0
2026-03-17 12:36:50.332395,DONE,51.4234127,-2.6714146,0.003,0.0
2026-03-17 12:36:51.863381,DONE,51.4234127,-2.6714146,0.003,0.0
2026-03-17 12:36:53.429571,DONE,51.4234127,-2.6714146,0.003,0.0
2026-03-17 12:36:55.212575,DONE,51.4234127,-2.6714146,0.003,0.0
2026-03-17 12:36:56.831702,DONE,51.4234127,-2.6714146,0.003,0.0
2026-03-17 12:36:58.344120,DONE,51.4234127,-2.6714146,0.003,0.0
2026-03-17 12:36:59.915239,DONE,51.4234127,-2.6714146,0.003,0.0
2026-03-17 12:37:01.432804,DONE,51.4234127,-2.6714146,0.003,0.0
2026-03-17 12:37:02.963721,DONE,51.4234127,-2.6714146,0.003,0.0
2026-03-17 12:37:04.494474,DONE,51.4234127,-2.6714146,0.003,0.0
2026-03-17 12:37:06.067511,DONE,51.4234127,-2.6714146,0.002,0.0
2026-03-17 12:37:07.580877,DONE,51.4234127,-2.6714146,0.003,0.0
2026-03-17 12:37:09.083127,DONE,51.4234127,-2.6714146,0.003,0.0
2026-03-17 12:37:10.625337,DONE,51.4234127,-2.6714146,0.003,0.0
2026-03-17 12:37:12.126852,DONE,51.4234127,-2.6714146,0.003,0.0
2026-03-17 12:37:13.606320,DONE,51.4234127,-2.6714146,0.003,0.0
2026-03-17 12:37:15.107136,DONE,51.4234127,-2.6714148,0.003,0.0
2026-03-17 12:37:16.588775,DONE,51.4234127,-2.6714149,0.003,0.0
2026-03-17 12:37:18.138848,DONE,51.4234127,-2.6714149,0.003,0.0
2026-03-17 12:37:19.675997,DONE,51.4234127,-2.671415,0.003,0.0
2026-03-17 12:37:21.163113,DONE,51.4234127,-2.671415,0.003,0.0
2026-03-17 12:37:22.682654,DONE,51.4234127,-2.671415,0.003,0.0
2026-03-17 12:37:24.204099,DONE,51.4234127,-2.671415,0.003,0.0
2026-03-17 12:37:25.734502,DONE,51.4234127,-2.671415,0.003,0.0
2026-03-17 12:37:27.316630,DONE,51.4234127,-2.671415,0.003,0.0
2026-03-17 12:37:28.835686,DONE,51.4234127,-2.671415,0.003,0.0
2026-03-17 12:37:30.344258,DONE,51.4234127,-2.671415,0.003,0.0
2026-03-17 12:37:31.829403,DONE,51.4234127,-2.671415,0.003,0.0
2026-03-17 12:37:33.338212,DONE,51.4234127,-2.671415,0.003,0.0
2026-03-17 12:37:34.868612,DONE,51.4234127,-2.671415,0.003,0.0
2026-03-17 12:37:36.388965,DONE,51.4234127,-2.671415,0.003,0.0
2026-03-17 12:37:37.942334,DONE,51.4234127,-2.671415,0.003,0.0
2026-03-17 12:37:39.472038,DONE,51.4234127,-2.671415,0.003,0.0
2026-03-17 12:37:40.985778,DONE,51.4234127,-2.671415,0.004,0.0
2026-03-17 12:37:42.539425,DONE,51.4234127,-2.671415,0.003,0.0
2026-03-17 12:37:44.073690,DONE,51.4234127,-2.671415,0.003,0.0
2026-03-17 12:37:45.575020,DONE,51.4234127,-2.671415,0.002,0.0
2026-03-17 12:37:47.089180,DONE,51.4234127,-2.671415,0.003,0.0
2026-03-17 12:37:48.581162,DONE,51.4234127,-2.671415,0.003,0.0
2026-03-17 12:37:50.063493,DONE,51.4234127,-2.671415,0.003,0.0
2026-03-17 12:37:51.591190,DONE,51.4234127,-2.671415,0.003,0.0
2026-03-17 12:37:53.069281,DONE,51.4234127,-2.671415,0.003,0.0
2026-03-17 12:37:54.831783,DONE,51.4234127,-2.671415,0.003,0.0
2026-03-17 12:37:56.505733,DONE,51.4234127,-2.671415,0.003,0.0
2026-03-17 12:37:58.059905,DONE,51.4234127,-2.671415,0.003,0.0
2026-03-17 12:37:59.611183,DONE,51.4234127,-2.671415,0.003,0.0
2026-03-17 12:38:01.138217,DONE,51.4234127,-2.671415,0.003,0.0
2026-03-17 12:38:02.627256,DONE,51.4234127,-2.671415,0.003,0.0
2026-03-17 12:38:04.121206,DONE,51.4234127,-2.671415,0.003,0.0
2026-03-17 12:38:05.705896,DONE,51.4234127,-2.671415,0.003,0.0
2026-03-17 12:38:07.242890,DONE,51.4234127,-2.671415,0.003,0.0
2026-03-17 12:38:08.758916,DONE,51.4234127,-2.671415,0.003,0.0
2026-03-17 12:38:10.255950,DONE,51.4234127,-2.671415,0.003,0.0
2026-03-17 12:38:11.805004,DONE,51.4234127,-2.671415,0.003,0.0
2026-03-17 12:38:13.338900,DONE,51.4234127,-2.671415,0.003,0.0
2026-03-17 12:38:14.838928,DONE,51.4234127,-2.6714148,0.003,0.0
2026-03-17 12:38:16.403639,DONE,51.4234127,-2.6714147,0.002,0.0
2026-03-17 12:38:17.932288,DONE,51.4234127,-2.6714147,0.003,0.0
2026-03-17 12:38:19.494881,DONE,51.4234127,-2.6714147,0.003,0.0
2026-03-17 12:38:21.041726,DONE,51.4234127,-2.6714146,0.002,0.0
2026-03-17 12:38:22.568770,DONE,51.4234127,-2.6714146,0.003,0.0
2026-03-17 12:38:24.099969,DONE,51.4234127,-2.6714146,0.003,0.0
2026-03-17 12:38:25.724147,DONE,51.4234127,-2.6714146,0.003,0.0
2026-03-17 12:38:27.287041,DONE,51.4234127,-2.6714146,0.003,0.0
2026-03-17 12:38:28.833769,DONE,51.4234127,-2.6714146,0.003,0.0
2026-03-17 12:38:30.389546,DONE,51.4234127,-2.6714146,0.002,0.0
2026-03-17 12:38:31.891239,DONE,51.4234127,-2.6714146,0.003,0.0
2026-03-17 12:38:33.387576,DONE,51.4234127,-2.6714146,0.003,0.0
2026-03-17 12:38:34.915826,DONE,51.4234127,-2.6714146,0.003,0.0
2026-03-17 12:38:36.444397,DONE,51.4234127,-2.6714146,0.003,0.0
2026-03-17 12:38:37.946826,DONE,51.4234127,-2.6714146,0.003,0.0
2026-03-17 12:38:39.505762,DONE,51.4234127,-2.6714146,0.003,0.0
2026-03-17 12:38:41.027614,DONE,51.4234127,-2.6714146,0.003,0.0
2026-03-17 12:38:42.537832,DONE,51.4234127,-2.6714146,0.003,0.0
2026-03-17 12:38:44.015137,DONE,51.4234127,-2.6714146,0.003,0.0
2026-03-17 12:38:45.577157,DONE,51.4234127,-2.6714146,0.003,0.0
2026-03-17 12:38:47.067151,DONE,51.4234127,-2.6714146,0.003,0.0
2026-03-17 12:38:48.622148,DONE,51.4234127,-2.6714146,0.003,0.0
2026-03-17 12:38:50.133873,DONE,51.4234127,-2.6714146,0.002,0.0
2026-03-17 12:38:51.639201,DONE,51.4234127,-2.6714146,0.003,0.0
2026-03-17 12:38:53.157985,DONE,51.4234127,-2.6714146,0.003,0.0
2026-03-17 12:38:54.915806,DONE,51.4234127,-2.6714146,0.003,0.0
2026-03-17 12:38:56.577864,DONE,51.4234127,-2.6714146,0.003,0.0
2026-03-17 12:38:58.117893,DONE,51.4234127,-2.6714146,0.003,0.0
2026-03-17 12:38:59.670851,DONE,51.4234127,-2.6714146,0.003,0.0
2026-03-17 12:39:01.198376,DONE,51.4234127,-2.6714146,0.003,0.0
2026-03-17 12:39:02.744083,DONE,51.4234127,-2.6714146,0.003,0.0
2026-03-17 12:39:04.266072,DONE,51.4234127,-2.6714146,0.003,0.0
2026-03-17 12:39:05.869637,DONE,51.4234127,-2.6714146,0.003,0.0
2026-03-17 12:39:07.394272,DONE,51.4234127,-2.6714146,0.003,0.0
2026-03-17 12:39:08.908254,DONE,51.4234127,-2.6714146,0.003,0.0
2026-03-17 12:39:10.461942,DONE,51.4234127,-2.6714146,0.003,0.0
2026-03-17 12:39:12.056330,DONE,51.4234127,-2.6714146,0.003,0.0
2026-03-17 12:39:13.603897,DONE,51.4234127,-2.6714146,0.003,0.0
2026-03-17 12:39:15.146503,DONE,51.4234127,-2.6714148,0.003,0.0
2026-03-17 12:39:16.855694,DONE,51.4234127,-2.6714149,0.003,0.0
2026-03-17 12:39:18.377371,DONE,51.4234127,-2.6714149,0.003,0.0
2026-03-17 12:39:20.023447,DONE,51.4234127,-2.6714149,0.003,0.0
2026-03-17 12:39:21.533885,DONE,51.4234127,-2.671415,0.003,0.0
2026-03-17 12:39:23.030562,DONE,51.4234127,-2.671415,0.003,0.0
2026-03-17 12:39:24.578139,DONE,51.4234127,-2.671415,0.003,0.0
2026-03-17 12:39:26.118374,DONE,51.4234127,-2.671415,0.003,0.0
2026-03-17 12:39:27.655043,DONE,51.4234127,-2.671415,0.003,0.0
2026-03-17 12:39:29.161776,DONE,51.4234127,-2.671415,0.003,0.0
2026-03-17 12:39:30.834323,DONE,51.4234127,-2.671415,0.003,0.0
2026-03-17 12:39:32.387910,DONE,51.4234127,-2.671415,0.003,0.0
2026-03-17 12:39:33.943075,DONE,51.4234127,-2.671415,0.003,0.0
2026-03-17 12:39:35.480139,DONE,51.4234127,-2.671415,0.003,0.0
2026-03-17 12:39:36.965742,DONE,51.4234127,-2.671415,0.003,0.0
2026-03-17 12:39:38.523935,DONE,51.4234127,-2.671415,0.003,0.0
2026-03-17 12:39:40.066417,DONE,51.4234127,-2.671415,0.003,0.0
2026-03-17 12:39:41.571526,DONE,51.4234127,-2.671415,0.003,0.0
2026-03-17 12:39:43.119709,DONE,51.4234127,-2.671415,0.003,0.0
2026-03-17 12:39:44.651322,DONE,51.4234127,-2.671415,0.003,0.0
2026-03-17 12:39:46.234524,DONE,51.4234127,-2.671415,0.003,0.0
2026-03-17 12:39:47.748096,DONE,51.4234127,-2.671415,0.003,0.0
2026-03-17 12:39:49.285542,DONE,51.4234127,-2.671415,0.003,0.0
2026-03-17 12:39:50.809928,DONE,51.4234127,-2.671415,0.003,0.0
2026-03-17 12:39:52.377855,DONE,51.4234127,-2.671415,0.003,0.0
2026-03-17 12:39:54.033000,DONE,51.4234127,-2.671415,0.003,0.0
2026-03-17 12:39:55.810946,DONE,51.4234127,-2.671415,0.003,0.0
2026-03-17 12:39:57.380779,DONE,51.4234127,-2.671415,0.003,0.0
2026-03-17 12:39:58.843347,DONE,51.4234127,-2.671415,0.003,0.0
2026-03-17 12:40:00.376977,DONE,51.4234127,-2.671415,0.003,0.0
2026-03-17 12:40:01.981206,DONE,51.4234127,-2.671415,0.003,0.0
2026-03-17 12:40:03.500920,DONE,51.4234127,-2.671415,0.003,0.0
2026-03-17 12:40:05.110635,DONE,51.4234127,-2.671415,0.003,0.0
2026-03-17 12:40:06.620156,DONE,51.4234127,-2.671415,0.003,0.0
2026-03-17 12:40:08.144819,DONE,51.4234127,-2.671415,0.003,0.0
2026-03-17 12:40:09.674480,DONE,51.4234127,-2.671415,0.003,0.0
2026-03-17 12:40:11.197328,DONE,51.4234127,-2.671415,0.003,0.0
2026-03-17 12:40:12.691748,DONE,51.4234127,-2.671415,0.003,0.0
2026-03-17 12:40:14.184853,DONE,51.4234127,-2.6714149,0.003,0.0
2026-03-17 12:40:15.753789,DONE,51.4234127,-2.6714148,0.003,0.0
2026-03-17 12:40:17.273292,DONE,51.4234127,-2.6714147,0.003,0.0
2026-03-17 12:40:18.804496,DONE,51.4234127,-2.6714147,0.003,0.0
2026-03-17 12:40:20.309643,DONE,51.4234127,-2.6714146,0.003,0.0
2026-03-17 12:40:21.813973,DONE,51.4234127,-2.6714146,0.003,0.0
2026-03-17 12:40:23.310015,DONE,51.4234127,-2.6714146,0.002,0.0
2026-03-17 12:40:24.412893,DONE,51.4234127,-2.6714146,0.003,0.0
2026-03-17 12:40:25.983758,DONE,51.4234127,-2.6714146,0.003,0.0
2026-03-17 12:40:27.466133,DONE,51.4234127,-2.6714146,0.003,0.0
2026-03-17 12:40:29.015457,DONE,51.4234127,-2.6714146,0.003,0.0
2026-03-17 12:40:30.644624,DONE,51.4234127,-2.6714146,0.003,0.0
2026-03-17 12:40:32.189200,DONE,51.4234127,-2.6714146,0.003,0.0
2026-03-17 12:40:33.700964,DONE,51.4234127,-2.6714146,0.003,0.0
2026-03-17 12:40:35.246380,DONE,51.4234127,-2.6714146,0.003,0.0
2026-03-17 12:40:36.726374,DONE,51.4234127,-2.6714146,0.003,0.0
2026-03-17 12:40:38.218555,DONE,51.4234127,-2.6714146,0.003,0.0
2026-03-17 12:40:39.762685,DONE,51.4234127,-2.6714146,0.003,0.0
2026-03-17 12:40:41.345473,DONE,51.4234127,-2.6714146,0.003,0.0
2026-03-17 12:40:42.884207,DONE,51.4234127,-2.6714146,0.003,0.0
2026-03-17 12:40:44.524375,DONE,51.4234127,-2.6714146,0.003,0.0
2026-03-17 12:40:46.027614,DONE,51.4234127,-2.6714146,0.003,0.0
2026-03-17 12:40:47.578568,DONE,51.4234127,-2.6714146,0.003,0.0
2026-03-17 12:40:49.091281,DONE,51.4234127,-2.6714146,0.003,0.0
2026-03-17 12:40:50.647394,DONE,51.4234127,-2.6714146,0.003,0.0
2026-03-17 12:40:52.178771,DONE,51.4234127,-2.6714146,0.003,0.0
2026-03-17 12:40:53.796610,DONE,51.4234127,-2.6714146,0.003,0.0
2026-03-17 12:40:55.625273,DONE,51.4234127,-2.6714146,0.003,0.0
2026-03-17 12:40:57.217305,DONE,51.4234127,-2.6714146,0.003,0.0
2026-03-17 12:40:58.756864,DONE,51.4234127,-2.6714146,0.003,0.0
2026-03-17 12:41:00.304091,DONE,51.4234127,-2.6714146,0.003,0.0
2026-03-17 12:41:01.847757,DONE,51.4234127,-2.6714146,0.003,0.0
2026-03-17 12:41:03.371040,DONE,51.4234127,-2.6714146,0.003,0.0
2026-03-17 12:41:04.944059,DONE,51.4234127,-2.6714146,0.003,0.0
2026-03-17 12:41:06.532943,DONE,51.4234127,-2.6714146,0.003,0.0
2026-03-17 12:41:08.014040,DONE,51.4234127,-2.6714146,0.003,0.0
2026-03-17 12:41:09.580634,DONE,51.4234127,-2.6714146,0.003,0.0
2026-03-17 12:41:11.184991,DONE,51.4234127,-2.6714146,0.003,0.0
2026-03-17 12:41:12.727803,DONE,51.4234127,-2.6714146,0.003,0.0
2026-03-17 12:41:14.238672,DONE,51.4234127,-2.6714147,0.003,0.0
2026-03-17 12:41:15.776072,DONE,51.4234127,-2.6714148,0.003,0.0
2026-03-17 12:41:17.297127,DONE,51.4234127,-2.6714149,0.003,0.0
2026-03-17 12:41:18.811809,DONE,51.4234127,-2.6714149,0.003,0.0
2026-03-17 12:41:20.341640,DONE,51.4234127,-2.671415,0.003,0.0
2026-03-17 12:41:21.847489,DONE,51.4234127,-2.671415,0.003,0.0
2026-03-17 12:41:23.381827,DONE,51.4234127,-2.671415,0.003,0.0
2026-03-17 12:41:24.912849,DONE,51.4234127,-2.671415,0.003,0.0
2026-03-17 12:41:26.421474,DONE,51.4234127,-2.671415,0.003,0.0
2026-03-17 12:41:27.921030,DONE,51.4234127,-2.671415,0.003,0.0
2026-03-17 12:41:29.499599,DONE,51.4234127,-2.671415,0.003,0.0
2026-03-17 12:41:31.011767,DONE,51.4234127,-2.671415,0.003,0.0
2026-03-17 12:41:32.511693,DONE,51.4234127,-2.671415,0.003,0.0
2026-03-17 12:41:34.041008,DONE,51.4234127,-2.671415,0.003,0.0
2026-03-17 12:41:35.628577,DONE,51.4234127,-2.671415,0.003,0.0
2026-03-17 12:41:37.151913,DONE,51.4234127,-2.671415,0.002,0.0
2026-03-17 12:41:38.641423,DONE,51.4234127,-2.671415,0.003,0.0
2026-03-17 12:41:40.151565,DONE,51.4234127,-2.671415,0.003,0.0
2026-03-17 12:41:41.684346,DONE,51.4234127,-2.671415,0.003,0.0
2026-03-17 12:41:43.202712,DONE,51.4234127,-2.671415,0.003,0.0
2026-03-17 12:41:44.747488,DONE,51.4234127,-2.671415,0.003,0.0
2026-03-17 12:41:46.269258,DONE,51.4234127,-2.671415,0.003,0.0
2026-03-17 12:41:47.772960,DONE,51.4234127,-2.671415,0.003,0.0
2026-03-17 12:41:49.307168,DONE,51.4234127,-2.671415,0.003,0.0
2026-03-17 12:41:50.801977,DONE,51.4234127,-2.671415,0.003,0.0
2026-03-17 12:41:52.311356,DONE,51.4234127,-2.671415,0.003,0.0
2026-03-17 12:41:53.913935,DONE,51.4234127,-2.671415,0.003,0.0
2026-03-17 12:41:55.689101,DONE,51.4234127,-2.671415,0.003,0.0
2026-03-17 12:41:57.195988,DONE,51.4234127,-2.671415,0.003,0.0
2026-03-17 12:41:58.722178,DONE,51.4234127,-2.671415,0.003,0.0
2026-03-17 12:42:00.280063,DONE,51.4234127,-2.671415,0.003,0.0
2026-03-17 12:42:01.769241,DONE,51.4234127,-2.671415,0.003,0.0
2026-03-17 12:42:03.275163,DONE,51.4234127,-2.671415,0.003,0.0
2026-03-17 12:42:04.825018,DONE,51.4234127,-2.671415,0.003,0.0
2026-03-17 12:42:06.336944,DONE,51.4234127,-2.671415,0.003,0.0
2026-03-17 12:42:07.809604,DONE,51.4234127,-2.671415,0.003,0.0
2026-03-17 12:42:09.299279,DONE,51.4234127,-2.671415,0.003,0.0
2026-03-17 12:42:10.805223,DONE,51.4234127,-2.671415,0.003,0.0
2026-03-17 12:42:12.309643,DONE,51.4234127,-2.671415,0.003,0.0
2026-03-17 12:42:13.871888,DONE,51.4234127,-2.6714149,0.003,0.0
2026-03-17 12:42:15.380514,DONE,51.4234127,-2.6714148,0.003,0.0
2026-03-17 12:42:16.908119,DONE,51.4234127,-2.6714147,0.003,0.0
2026-03-17 12:42:18.422694,DONE,51.4234127,-2.6714147,0.003,0.0
2026-03-17 12:42:19.909921,DONE,51.4234127,-2.6714146,0.002,0.0
2026-03-17 12:42:21.442111,DONE,51.4234127,-2.6714146,0.003,0.0
2026-03-17 12:42:22.924366,DONE,51.4234127,-2.6714146,0.003,0.0
2026-03-17 12:42:24.434918,DONE,51.4234127,-2.6714146,0.003,0.0
2026-03-17 12:42:25.967923,DONE,51.4234127,-2.6714146,0.003,0.0
2026-03-17 12:42:27.516250,DONE,51.4234127,-2.6714146,0.002,0.0
2026-03-17 12:42:29.048088,DONE,51.4234127,-2.6714146,0.003,0.0
2026-03-17 12:42:30.610707,DONE,51.4234127,-2.6714146,0.003,0.0
2026-03-17 12:42:32.110110,DONE,51.4234127,-2.6714146,0.003,0.0
2026-03-17 12:42:33.599805,DONE,51.4234127,-2.6714146,0.003,0.0
2026-03-17 12:42:35.130909,DONE,51.4234127,-2.6714146,0.003,0.0
2026-03-17 12:42:36.643501,DONE,51.4234127,-2.6714146,0.003,0.0
2026-03-17 12:42:38.174956,DONE,51.4234127,-2.6714146,0.002,0.0
2026-03-17 12:42:39.752273,DONE,51.4234127,-2.6714146,0.003,0.0
2026-03-17 12:42:41.263486,DONE,51.4234127,-2.6714146,0.003,0.0
2026-03-17 12:42:42.762539,DONE,51.4234127,-2.6714146,0.003,0.0
2026-03-17 12:42:44.291921,DONE,51.4234127,-2.6714146,0.003,0.0
2026-03-17 12:42:45.813139,DONE,51.4234127,-2.6714146,0.003,0.0
2026-03-17 12:42:47.333033,DONE,51.4234127,-2.6714146,0.003,0.0
2026-03-17 12:42:48.830309,DONE,51.4234127,-2.6714146,0.003,0.0
2026-03-17 12:42:50.438554,DONE,51.4234127,-2.6714146,0.003,0.0
2026-03-17 12:42:51.927027,DONE,51.4234127,-2.6714146,0.003,0.0
2026-03-17 12:42:53.419240,DONE,51.4234127,-2.6714146,0.003,0.0
2026-03-17 12:42:55.209903,DONE,51.4234127,-2.6714146,0.003,0.0
2026-03-17 12:42:56.869442,DONE,51.4234127,-2.6714146,0.003,0.0
2026-03-17 12:42:58.574396,DONE,51.4234127,-2.6714146,0.002,0.0
2026-03-17 12:43:00.125041,DONE,51.4234127,-2.6714146,0.003,0.0
2026-03-17 12:43:01.611477,DONE,51.4234127,-2.6714146,0.003,0.0
2026-03-17 12:43:03.104093,DONE,51.4234127,-2.6714146,0.003,0.0
2026-03-17 12:43:04.683816,DONE,51.4234127,-2.6714146,0.003,0.0
2026-03-17 12:43:06.229653,DONE,51.4234127,-2.6714146,0.003,0.0
2026-03-17 12:43:07.709779,DONE,51.4234127,-2.6714146,0.003,0.0
2026-03-17 12:43:09.229981,DONE,51.4234127,-2.6714146,0.003,0.0
2026-03-17 12:43:10.744159,DONE,51.4234127,-2.6714146,0.003,0.0
2026-03-17 12:43:12.239662,DONE,51.4234127,-2.6714146,0.003,0.0
2026-03-17 12:43:13.741999,DONE,51.4234127,-2.6714147,0.003,0.0
2026-03-17 12:43:15.334770,DONE,51.4234127,-2.6714148,0.003,0.0
2026-03-17 12:43:16.819233,DONE,51.4234127,-2.6714149,0.003,0.0
2026-03-17 12:43:18.331614,DONE,51.4234127,-2.6714149,0.003,0.0
2026-03-17 12:43:19.961627,DONE,51.4234127,-2.671415,0.003,0.0
2026-03-17 12:43:21.497842,DONE,51.4234127,-2.671415,0.003,0.0
2026-03-17 12:43:22.993344,DONE,51.4234127,-2.671415,0.003,0.0
2026-03-17 12:43:24.537159,DONE,51.4234127,-2.671415,0.003,0.0
2026-03-17 12:43:26.154692,DONE,51.4234127,-2.671415,0.003,0.0
2026-03-17 12:43:27.684365,DONE,51.4234127,-2.671415,0.003,0.0
2026-03-17 12:43:29.270127,DONE,51.4234127,-2.671415,0.003,0.0
2026-03-17 12:43:30.814429,DONE,51.4234127,-2.671415,0.003,0.0
2026-03-17 12:43:32.318723,DONE,51.4234127,-2.671415,0.003,0.0
2026-03-17 12:43:33.825036,DONE,51.4234127,-2.671415,0.003,0.0
2026-03-17 12:43:35.435982,DONE,51.4234127,-2.671415,0.003,0.0
2026-03-17 12:43:36.987432,DONE,51.4234127,-2.671415,0.003,0.0
2026-03-17 12:43:38.523635,DONE,51.4234127,-2.671415,0.003,0.0
2026-03-17 12:43:40.064437,DONE,51.4234127,-2.671415,0.003,0.0
2026-03-17 12:43:41.601316,DONE,51.4234127,-2.671415,0.003,0.0
2026-03-17 12:43:43.111902,DONE,51.4234127,-2.671415,0.003,0.0
2026-03-17 12:43:44.656526,DONE,51.4234127,-2.671415,0.003,0.0
2026-03-17 12:43:46.201185,DONE,51.4234127,-2.671415,0.003,0.0
2026-03-17 12:43:47.765254,DONE,51.4234127,-2.671415,0.003,0.0
2026-03-17 12:43:49.412635,DONE,51.4234127,-2.671415,0.003,0.0
2026-03-17 12:43:51.051683,DONE,51.4234127,-2.671415,0.003,0.0
2026-03-17 12:43:52.612901,DONE,51.4234127,-2.671415,0.003,0.0
2026-03-17 12:43:54.280688,DONE,51.4234127,-2.671415,0.003,0.0
2026-03-17 12:43:56.059147,DONE,51.4234127,-2.671415,0.003,0.0
2026-03-17 12:43:57.567131,DONE,51.4234127,-2.671415,0.003,0.0
2026-03-17 12:43:59.085016,DONE,51.4234127,-2.671415,0.003,0.0
2026-03-17 12:44:00.676122,DONE,51.4234127,-2.671415,0.003,0.0
2026-03-17 12:44:02.263821,DONE,51.4234127,-2.671415,0.003,0.0
2026-03-17 12:44:03.758114,DONE,51.4234127,-2.671415,0.003,0.0
2026-03-17 12:44:05.308469,DONE,51.4234127,-2.671415,0.002,0.0
2026-03-17 12:44:06.842141,DONE,51.4234127,-2.671415,0.003,0.0
2026-03-17 12:44:08.336362,DONE,51.4234127,-2.671415,0.003,0.0
2026-03-17 12:44:09.848333,DONE,51.4234127,-2.671415,0.003,0.0
2026-03-17 12:44:11.379931,DONE,51.4234127,-2.671415,0.003,0.0
2026-03-17 12:44:12.885077,DONE,51.4234127,-2.671415,0.003,0.0
2026-03-17 12:44:14.422130,DONE,51.4234127,-2.6714148,0.003,0.0
2026-03-17 12:44:16.067803,DONE,51.4234127,-2.6714147,0.003,0.0
2026-03-17 12:44:17.719413,DONE,51.4234127,-2.6714147,0.003,0.0
2026-03-17 12:44:19.216657,DONE,51.4234127,-2.6714147,0.003,0.0
2026-03-17 12:44:20.796689,DONE,51.4234127,-2.6714146,0.002,0.0
2026-03-17 12:44:22.328608,DONE,51.4234127,-2.6714146,0.003,0.0
2026-03-17 12:44:23.834452,DONE,51.4234127,-2.6714146,0.003,0.0
2026-03-17 12:44:25.336975,DONE,51.4234127,-2.6714146,0.003,0.0
2026-03-17 12:44:26.860464,DONE,51.4234127,-2.6714146,0.002,0.0
2026-03-17 12:44:28.392833,DONE,51.4234127,-2.6714146,0.003,0.0
2026-03-17 12:44:29.905258,DONE,51.4234127,-2.6714146,0.003,0.0
2026-03-17 12:44:31.407853,DONE,51.4234127,-2.6714146,0.003,0.0
2026-03-17 12:44:32.890332,DONE,51.4234127,-2.6714146,0.003,0.0
2026-03-17 12:44:34.460175,DONE,51.4234127,-2.6714146,0.003,0.0
2026-03-17 12:44:35.960588,DONE,51.4234127,-2.6714146,0.003,0.0
2026-03-17 12:44:37.421708,DONE,51.4234127,-2.6714146,0.002,0.0
2026-03-17 12:44:38.962675,DONE,51.4234127,-2.6714146,0.003,0.0
2026-03-17 12:44:40.520044,DONE,51.4234127,-2.6714146,0.003,0.0
2026-03-17 12:44:42.050763,DONE,51.4234127,-2.6714146,0.003,0.0
2026-03-17 12:44:43.687684,DONE,51.4234127,-2.6714146,0.003,0.0
2026-03-17 12:44:45.380403,DONE,51.4234127,-2.6714146,0.003,0.0
2026-03-17 12:44:47.129366,DONE,51.4234127,-2.6714146,0.003,0.0
2026-03-17 12:44:49.022479,DONE,51.4234127,-2.6714146,0.003,0.0
2026-03-17 12:44:50.777869,DONE,51.4234127,-2.6714146,0.003,0.0
2026-03-17 12:44:52.419730,DONE,51.4234127,-2.6714146,0.003,0.0
2026-03-17 12:44:54.217945,DONE,51.4234127,-2.6714146,0.003,0.0
2026-03-17 12:44:56.158326,DONE,51.4234127,-2.6714146,0.003,0.0
2026-03-17 12:44:58.049514,DONE,51.4234127,-2.6714146,0.002,0.0
2026-03-17 12:44:59.908951,DONE,51.4234127,-2.6714146,0.003,0.0
2026-03-17 12:45:01.754691,DONE,51.4234127,-2.6714146,0.003,0.0
2026-03-17 12:45:03.485259,DONE,51.4234127,-2.6714146,0.003,0.0
2026-03-17 12:45:05.354384,DONE,51.4234127,-2.6714146,0.003,0.0
2026-03-17 12:45:07.071914,DONE,51.4234127,-2.6714146,0.003,0.0
2026-03-17 12:45:08.753969,DONE,51.4234127,-2.6714146,0.003,0.0
2026-03-17 12:45:10.608152,DONE,51.4234127,-2.6714146,0.002,0.0
2026-03-17 12:45:12.343843,DONE,51.4234127,-2.6714146,0.003,0.0
2026-03-17 12:45:13.967902,DONE,51.4234127,-2.6714147,0.003,0.0
2026-03-17 12:45:15.628681,DONE,51.4234127,-2.6714149,0.003,0.0
2026-03-17 12:45:17.464144,DONE,51.4234127,-2.6714149,0.003,0.0
2026-03-17 12:45:19.227576,DONE,51.4234127,-2.671415,0.003,0.0
2026-03-17 12:45:20.878033,DONE,51.4234127,-2.671415,0.003,0.0
2026-03-17 12:45:22.625401,DONE,51.4234127,-2.671415,0.003,0.0
2026-03-17 12:45:24.430155,DONE,51.4234127,-2.671415,0.003,0.0
2026-03-17 12:45:26.497323,DONE,51.4234127,-2.671415,0.003,0.0
2026-03-17 12:45:27.714770,DONE,51.4234127,-2.671415,0.003,0.0
2026-03-17 12:45:29.327874,DONE,51.4234127,-2.671415,0.003,0.0
2026-03-17 12:45:30.597252,DONE,51.4234127,-2.671415,0.003,0.0
2026-03-17 12:45:31.639874,DONE,51.4234127,-2.671415,0.003,0.0
2026-03-17 12:45:33.489062,DONE,51.4234127,-2.671415,0.003,0.0
2026-03-17 12:45:35.269712,DONE,51.4234127,-2.671415,0.003,0.0
2026-03-17 12:45:37.001383,DONE,51.4234127,-2.671415,0.003,0.0
2026-03-17 12:45:38.879165,DONE,51.4234127,-2.671415,0.003,0.0
2026-03-17 12:45:40.688225,DONE,51.4234127,-2.671415,0.003,0.0
2026-03-17 12:45:42.428706,DONE,51.4234127,-2.671415,0.003,0.0
2026-03-17 12:45:44.276216,DONE,51.4234127,-2.671415,0.003,0.0
2026-03-17 12:45:46.085884,DONE,51.4234127,-2.671415,0.003,0.0
2026-03-17 12:45:47.945268,DONE,51.4234127,-2.671415,0.003,0.0
2026-03-17 12:45:49.719609,DONE,51.4234127,-2.671415,0.003,0.0
2026-03-17 12:45:51.507301,DONE,51.4234127,-2.671415,0.003,0.0
2026-03-17 12:45:53.457814,DONE,51.4234127,-2.671415,0.003,0.0
2026-03-17 12:45:55.362060,DONE,51.4234127,-2.671415,0.003,0.0
2026-03-17 12:45:57.153518,DONE,51.4234127,-2.671415,0.003,0.0
2026-03-17 12:45:58.949929,DONE,51.4234127,-2.671415,0.003,0.0
2026-03-17 12:46:00.775912,DONE,51.4234127,-2.671415,0.003,0.0
2026-03-17 12:46:02.607140,DONE,51.4234127,-2.671415,0.003,0.0
2026-03-17 12:46:04.361073,DONE,51.4234127,-2.671415,0.003,0.0
2026-03-17 12:46:06.194701,DONE,51.4234127,-2.671415,0.003,0.0
2026-03-17 12:46:07.946754,DONE,51.4234127,-2.671415,0.003,0.0
2026-03-17 12:46:09.639871,DONE,51.4234127,-2.671415,0.003,0.0
2026-03-17 12:46:11.429720,DONE,51.4234127,-2.671415,0.003,0.0
2026-03-17 12:46:13.257904,DONE,51.4234127,-2.6714149,0.003,0.0
2026-03-17 12:46:15.021411,DONE,51.4234127,-2.6714148,0.003,0.0
2026-03-17 12:46:16.649685,DONE,51.4234127,-2.6714147,0.003,0.0
2026-03-17 12:46:18.306724,DONE,51.4234127,-2.6714147,0.002,0.0
2026-03-17 12:46:20.111713,DONE,51.4234127,-2.6714146,0.003,0.0
2026-03-17 12:46:21.868009,DONE,51.4234127,-2.6714146,0.003,0.0
2026-03-17 12:46:23.584303,DONE,51.4234127,-2.6714146,0.003,0.0
2026-03-17 12:46:25.341664,DONE,51.4234127,-2.6714146,0.002,0.0
2026-03-17 12:46:27.151182,DONE,51.4234127,-2.6714146,0.003,0.0
2026-03-17 12:46:28.849416,DONE,51.4234127,-2.6714146,0.003,0.0
2026-03-17 12:46:30.515527,DONE,51.4234127,-2.6714146,0.002,0.0
2026-03-17 12:46:32.231140,DONE,51.4234127,-2.6714146,0.003,0.0
2026-03-17 12:46:34.066943,DONE,51.4234127,-2.6714146,0.003,0.0
2026-03-17 12:46:35.793736,DONE,51.4234127,-2.6714146,0.003,0.0
2026-03-17 12:46:37.389750,DONE,51.4234127,-2.6714146,0.003,0.0
2026-03-17 12:46:39.142503,DONE,51.4234127,-2.6714146,0.003,0.0
2026-03-17 12:46:41.005626,DONE,51.4234127,-2.6714146,0.003,0.0
2026-03-17 12:46:42.780975,DONE,51.4234127,-2.6714146,0.003,0.0
2026-03-17 12:46:44.477446,DONE,51.4234127,-2.6714146,0.003,0.0
2026-03-17 12:46:46.235340,DONE,51.4234127,-2.6714146,0.003,0.0
2026-03-17 12:46:48.005225,DONE,51.4234127,-2.6714146,0.003,0.0
2026-03-17 12:46:49.739260,DONE,51.4234127,-2.6714146,0.003,0.0
2026-03-17 12:46:51.351493,DONE,51.4234127,-2.6714146,0.002,0.0
2026-03-17 12:46:53.192266,DONE,51.4234127,-2.6714146,0.003,0.0
2026-03-17 12:46:55.154564,DONE,51.4234127,-2.6714146,0.003,0.0
2026-03-17 12:46:56.958519,DONE,51.4234127,-2.6714146,0.003,0.0
2026-03-17 12:46:58.679319,DONE,51.4234127,-2.6714146,0.002,0.0
2026-03-17 12:47:00.463691,DONE,51.4234127,-2.6714146,0.003,0.0
2026-03-17 12:47:02.266204,DONE,51.4234127,-2.6714146,0.003,0.0
2026-03-17 12:47:03.970176,DONE,51.4234127,-2.6714146,0.003,0.0
2026-03-17 12:47:05.766760,DONE,51.4234127,-2.6714146,0.003,0.0
2026-03-17 12:47:07.548191,DONE,51.4234127,-2.6714146,0.003,0.0
2026-03-17 12:47:09.289073,DONE,51.4234127,-2.6714146,0.003,0.0
2026-03-17 12:47:10.930613,DONE,51.4234127,-2.6714146,0.002,0.0
2026-03-17 12:47:12.691172,DONE,51.4234127,-2.6714146,0.002,0.0
2026-03-17 12:47:14.609404,DONE,51.4234127,-2.6714148,0.003,0.0
2026-03-17 12:47:16.393613,DONE,51.4234127,-2.6714149,0.003,0.0
2026-03-17 12:47:18.024105,DONE,51.4234127,-2.6714149,0.003,0.0
2026-03-17 12:47:19.748040,DONE,51.4234127,-2.671415,0.003,0.0
2026-03-17 12:47:21.517748,DONE,51.4234127,-2.671415,0.003,0.0
2026-03-17 12:47:23.177112,DONE,51.4234127,-2.671415,0.003,0.0
2026-03-17 12:47:24.869365,DONE,51.4234127,-2.671415,0.003,0.0
2026-03-17 12:47:26.581834,DONE,51.4234127,-2.671415,0.003,0.0
2026-03-17 12:47:28.302903,DONE,51.4234127,-2.671415,0.003,0.0
2026-03-17 12:47:29.983472,DONE,51.4234127,-2.671415,0.003,0.0
2026-03-17 12:47:31.579980,DONE,51.4234127,-2.671415,0.003,0.0
2026-03-17 12:47:33.391922,DONE,51.4234127,-2.671415,0.003,0.0
2026-03-17 12:47:35.205440,DONE,51.4234127,-2.671415,0.003,0.0
2026-03-17 12:47:36.889825,DONE,51.4234127,-2.671415,0.003,0.0
2026-03-17 12:47:38.531158,DONE,51.4234127,-2.671415,0.003,0.0
2026-03-17 12:47:40.372096,DONE,51.4234127,-2.671415,0.003,0.0
2026-03-17 12:47:42.151508,DONE,51.4234127,-2.671415,0.003,0.0
2026-03-17 12:47:43.820224,DONE,51.4234127,-2.671415,0.003,0.0
2026-03-17 12:47:45.551123,DONE,51.4234127,-2.671415,0.003,0.0
2026-03-17 12:47:47.332110,DONE,51.4234127,-2.671415,0.003,0.0
2026-03-17 12:47:49.126004,DONE,51.4234127,-2.671415,0.003,0.0
2026-03-17 12:47:50.829956,DONE,51.4234127,-2.671415,0.003,0.0
2026-03-17 12:47:52.502045,DONE,51.4234127,-2.671415,0.003,0.0
2026-03-17 12:47:54.465408,DONE,51.4234127,-2.671415,0.003,0.0
2026-03-17 12:47:56.325018,DONE,51.4234127,-2.671415,0.003,0.0
2026-03-17 12:47:57.975536,DONE,51.4234127,-2.671415,0.003,0.0
2026-03-17 12:47:59.745547,DONE,51.4234127,-2.671415,0.003,0.0
2026-03-17 12:48:01.498846,DONE,51.4234127,-2.671415,0.003,0.0
2026-03-17 12:48:03.264949,DONE,51.4234127,-2.671415,0.003,0.0
2026-03-17 12:48:04.974481,DONE,51.4234127,-2.671415,0.003,0.0
2026-03-17 12:48:06.750351,DONE,51.4234127,-2.671415,0.002,0.0
2026-03-17 12:48:08.532124,DONE,51.4234127,-2.671415,0.003,0.0
2026-03-17 12:48:10.237926,DONE,51.4234127,-2.671415,0.003,0.0
2026-03-17 12:48:11.937044,DONE,51.4234127,-2.671415,0.003,0.0
2026-03-17 12:48:13.727815,DONE,51.4234127,-2.6714149,0.003,0.0
2026-03-17 12:48:15.567019,DONE,51.4234127,-2.6714147,0.003,0.0
2026-03-17 12:48:17.250950,DONE,51.4234127,-2.6714147,0.003,0.0
2026-03-17 12:48:18.902531,DONE,51.4234127,-2.6714147,0.003,0.0
2026-03-17 12:48:20.672243,DONE,51.4234127,-2.6714146,0.002,0.0
2026-03-17 12:48:22.508748,DONE,51.4234127,-2.6714146,0.003,0.0
2026-03-17 12:48:24.328331,DONE,51.4234127,-2.6714146,0.003,0.0
2026-03-17 12:48:26.176354,DONE,51.4234127,-2.6714146,0.003,0.0
2026-03-17 12:48:28.042066,DONE,51.4234127,-2.6714146,0.003,0.0
2026-03-17 12:48:29.805519,DONE,51.4234127,-2.6714146,0.003,0.0
2026-03-17 12:48:31.481871,DONE,51.4234127,-2.6714146,0.003,0.0
2026-03-17 12:48:33.176790,DONE,51.4234127,-2.6714146,0.003,0.0
2026-03-17 12:48:35.055895,DONE,51.4234127,-2.6714146,0.003,0.0
2026-03-17 12:48:36.806277,DONE,51.4234127,-2.6714146,0.003,0.0
2026-03-17 12:48:38.479036,DONE,51.4234127,-2.6714146,0.003,0.0
2026-03-17 12:48:40.274978,DONE,51.4234127,-2.6714146,0.003,0.0
2026-03-17 12:48:42.046963,DONE,51.4234127,-2.6714146,0.003,0.0
2026-03-17 12:48:43.811315,DONE,51.4234127,-2.6714146,0.003,0.0
2026-03-17 12:48:45.528112,DONE,51.4234127,-2.6714146,0.003,0.0
2026-03-17 12:48:47.312125,DONE,51.4234127,-2.6714146,0.003,0.0
2026-03-17 12:48:49.159432,DONE,51.4234127,-2.6714146,0.003,0.0
2026-03-17 12:48:50.873833,DONE,51.4234127,-2.6714146,0.003,0.0
2026-03-17 12:48:52.528998,DONE,51.4234127,-2.6714146,0.003,0.0
2026-03-17 12:48:54.401831,DONE,51.4234127,-2.6714146,0.003,0.0
2026-03-17 12:48:56.365437,DONE,51.4234127,-2.6714146,0.003,0.0
2026-03-17 12:48:58.060315,DONE,51.4234127,-2.6714146,0.003,0.0
2026-03-17 12:48:59.738924,DONE,51.4234127,-2.6714146,0.003,0.0
2026-03-17 12:49:01.617684,DONE,51.4234127,-2.6714146,0.003,0.0
2026-03-17 12:49:03.445210,DONE,51.4234127,-2.6714146,0.003,0.0
2026-03-17 12:49:05.189521,DONE,51.4234127,-2.6714146,0.003,0.0
2026-03-17 12:49:06.913873,DONE,51.4234127,-2.6714146,0.003,0.0
2026-03-17 12:49:08.729023,DONE,51.4234127,-2.6714146,0.003,0.0
2026-03-17 12:49:10.574275,DONE,51.4234127,-2.6714146,0.003,0.0
2026-03-17 12:49:12.233714,DONE,51.4234127,-2.6714146,0.003,0.0
2026-03-17 12:49:13.966058,DONE,51.4234127,-2.6714148,0.003,0.0
2026-03-17 12:49:15.853770,DONE,51.4234127,-2.6714149,0.003,0.0
2026-03-17 12:49:17.652130,DONE,51.4234127,-2.6714149,0.003,0.0
2026-03-17 12:49:19.303229,DONE,51.4234127,-2.671415,0.002,0.0
2026-03-17 12:49:21.044799,DONE,51.4234127,-2.671415,0.003,0.0
2026-03-17 12:49:22.852840,DONE,51.4234127,-2.671415,0.003,0.0
2026-03-17 12:49:24.619576,DONE,51.4234127,-2.671415,0.003,0.0
2026-03-17 12:49:26.175706,DONE,51.4234127,-2.671415,0.003,0.0
2026-03-17 12:49:27.802784,DONE,51.4234127,-2.671415,0.003,0.0
2026-03-17 12:49:29.395140,DONE,51.4234127,-2.671415,0.003,0.0
2026-03-17 12:49:30.906851,DONE,51.4234127,-2.671415,0.003,0.0
2026-03-17 12:49:32.567934,DONE,51.4234127,-2.671415,0.003,0.0
2026-03-17 12:49:34.152589,DONE,51.4234127,-2.671415,0.003,0.0
2026-03-17 12:49:35.672167,DONE,51.4234127,-2.671415,0.003,0.0
2026-03-17 12:49:37.151550,DONE,51.4234127,-2.671415,0.003,0.0
2026-03-17 12:49:38.661435,DONE,51.4234127,-2.671415,0.003,0.0
2026-03-17 12:49:40.179503,DONE,51.4234127,-2.671415,0.003,0.0
2026-03-17 12:49:41.680631,DONE,51.4234127,-2.671415,0.003,0.0
2026-03-17 12:49:43.271464,DONE,51.4234127,-2.671415,0.003,0.0
2026-03-17 12:49:44.822161,DONE,51.4234127,-2.671415,0.003,0.0
2026-03-17 12:49:46.495299,DONE,51.4234127,-2.671415,0.003,0.0
2026-03-17 12:49:48.074417,DONE,51.4234127,-2.671415,0.003,0.0
2026-03-17 12:49:49.617661,DONE,51.4234127,-2.671415,0.003,0.0
2026-03-17 12:49:51.122300,DONE,51.4234127,-2.671415,0.003,0.0
2026-03-17 12:49:52.636312,DONE,51.4234127,-2.671415,0.003,0.0
2026-03-17 12:49:54.351699,DONE,51.4234127,-2.671415,0.003,0.0
2026-03-17 12:49:56.099299,DONE,51.4234127,-2.671415,0.003,0.0
2026-03-17 12:49:57.626700,DONE,51.4234127,-2.671415,0.003,0.0
2026-03-17 12:49:59.128478,DONE,51.4234127,-2.671415,0.003,0.0
2026-03-17 12:50:00.712813,DONE,51.4234127,-2.671415,0.003,0.0
2026-03-17 12:50:02.279866,DONE,51.4234127,-2.671415,0.003,0.0
2026-03-17 12:50:03.819644,DONE,51.4234127,-2.671415,0.003,0.0
2026-03-17 12:50:05.452959,DONE,51.4234127,-2.671415,0.003,0.0
2026-03-17 12:50:07.006668,DONE,51.4234127,-2.671415,0.003,0.0
2026-03-17 12:50:08.514306,DONE,51.4234127,-2.671415,0.003,0.0
2026-03-17 12:50:10.055268,DONE,51.4234127,-2.671415,0.003,0.0
2026-03-17 12:50:11.667927,DONE,51.4234127,-2.671415,0.003,0.0
2026-03-17 12:50:13.180950,DONE,51.4234127,-2.6714149,0.003,0.0
2026-03-17 12:50:14.765888,DONE,51.4234127,-2.6714148,0.002,0.0
2026-03-17 12:50:16.362393,DONE,51.4234127,-2.6714147,0.003,0.0
2026-03-17 12:50:17.901155,DONE,51.4234127,-2.6714147,0.003,0.0
2026-03-17 12:50:19.448978,DONE,51.4234127,-2.6714146,0.003,0.0
2026-03-17 12:50:20.950903,DONE,51.4234127,-2.6714146,0.003,0.0
2026-03-17 12:50:22.468291,DONE,51.4234127,-2.6714146,0.003,0.0
2026-03-17 12:50:24.293372,DONE,51.4234127,-2.6714146,0.003,0.0
2026-03-17 12:50:25.857988,DONE,51.4234127,-2.6714146,0.003,0.0
2026-03-17 12:50:27.416767,DONE,51.4234127,-2.6714146,0.003,0.0
2026-03-17 12:50:28.972107,DONE,51.4234127,-2.6714146,0.003,0.0
2026-03-17 12:50:30.623518,DONE,51.4234127,-2.6714146,0.003,0.0
2026-03-17 12:50:32.245283,DONE,51.4234127,-2.6714146,0.003,0.0
2026-03-17 12:50:33.790980,DONE,51.4234127,-2.6714146,0.003,0.0
2026-03-17 12:50:35.355406,DONE,51.4234127,-2.6714146,0.003,0.0
2026-03-17 12:50:36.908941,DONE,51.4234127,-2.6714146,0.003,0.0
2026-03-17 12:50:38.481073,DONE,51.4234127,-2.6714146,0.002,0.0
2026-03-17 12:50:40.044679,DONE,51.4234127,-2.6714146,0.003,0.0
2026-03-17 12:50:41.598363,DONE,51.4234127,-2.6714146,0.002,0.0
2026-03-17 12:50:43.124796,DONE,51.4234127,-2.6714146,0.003,0.0
2026-03-17 12:50:44.667931,DONE,51.4234127,-2.6714146,0.003,0.0
2026-03-17 12:50:46.207137,DONE,51.4234127,-2.6714146,0.003,0.0
2026-03-17 12:50:47.730539,DONE,51.4234127,-2.6714146,0.003,0.0
2026-03-17 12:50:49.233248,DONE,51.4234127,-2.6714146,0.003,0.0
2026-03-17 12:50:50.763852,DONE,51.4234127,-2.6714146,0.003,0.0
2026-03-17 12:50:52.288976,DONE,51.4234127,-2.6714146,0.003,0.0
2026-03-17 12:50:53.941198,DONE,51.4234127,-2.6714146,0.003,0.0
2026-03-17 12:50:55.731167,DONE,51.4234127,-2.6714146,0.003,0.0
2026-03-17 12:50:57.285557,DONE,51.4234127,-2.6714146,0.003,0.0
2026-03-17 12:50:58.827209,DONE,51.4234127,-2.6714146,0.003,0.0
2026-03-17 12:51:00.461996,DONE,51.4234127,-2.6714146,0.003,0.0
2026-03-17 12:51:01.989952,DONE,51.4234127,-2.6714146,0.002,0.0
2026-03-17 12:51:03.567909,DONE,51.4234127,-2.6714146,0.003,0.0
2026-03-17 12:51:05.211215,DONE,51.4234127,-2.6714146,0.003,0.0
2026-03-17 12:51:06.717002,DONE,51.4234127,-2.6714146,0.003,0.0
2026-03-17 12:51:08.261996,DONE,51.4234127,-2.6714146,0.003,0.0
2026-03-17 12:51:09.840133,DONE,51.4234127,-2.6714146,0.003,0.0
2026-03-17 12:51:11.363285,DONE,51.4234127,-2.6714146,0.002,0.0
2026-03-17 12:51:12.956611,DONE,51.4234127,-2.6714147,0.003,0.0
2026-03-17 12:51:14.489228,DONE,51.4234127,-2.6714148,0.003,0.0
2026-03-17 12:51:16.044849,DONE,51.4234127,-2.6714149,0.003,0.0
2026-03-17 12:51:17.601605,DONE,51.4234127,-2.6714149,0.003,0.0
2026-03-17 12:51:19.074182,DONE,51.4234127,-2.671415,0.003,0.0
2026-03-17 12:51:20.560894,DONE,51.4234127,-2.671415,0.003,0.0
2026-03-17 12:51:22.068329,DONE,51.4234127,-2.671415,0.003,0.0
2026-03-17 12:51:23.587717,DONE,51.4234127,-2.671415,0.003,0.0
2026-03-17 12:51:25.107709,DONE,51.4234127,-2.671415,0.004,0.0
2026-03-17 12:51:26.590631,DONE,51.4234127,-2.671415,0.003,0.0
2026-03-17 12:51:28.122082,DONE,51.4234127,-2.671415,0.003,0.0
2026-03-17 12:51:29.678917,DONE,51.4234127,-2.671415,0.003,0.0
2026-03-17 12:51:31.182945,DONE,51.4234127,-2.671415,0.003,0.0
2026-03-17 12:51:32.719960,DONE,51.4234127,-2.671415,0.003,0.0
2026-03-17 12:51:34.243808,DONE,51.4234127,-2.671415,0.003,0.0
2026-03-17 12:51:35.796414,DONE,51.4234127,-2.671415,0.003,0.0
2026-03-17 12:51:37.329629,DONE,51.4234127,-2.671415,0.002,0.0
2026-03-17 12:51:38.851132,DONE,51.4234127,-2.671415,0.003,0.0
2026-03-17 12:51:40.381341,DONE,51.4234127,-2.671415,0.003,0.0
2026-03-17 12:51:41.880353,DONE,51.4234127,-2.671415,0.003,0.0
2026-03-17 12:51:43.381715,DONE,51.4234127,-2.671415,0.003,0.0
2026-03-17 12:51:44.904765,DONE,51.4234127,-2.671415,0.003,0.0
2026-03-17 12:51:46.447317,DONE,51.4234127,-2.671415,0.003,0.0
2026-03-17 12:51:47.971728,DONE,51.4234127,-2.671415,0.003,0.0
2026-03-17 12:51:49.497743,DONE,51.4234127,-2.671415,0.003,0.0
2026-03-17 12:51:50.978086,DONE,51.4234127,-2.671415,0.003,0.0
2026-03-17 12:51:52.481102,DONE,51.4234127,-2.671415,0.003,0.0
2026-03-17 12:51:54.119103,DONE,51.4234127,-2.671415,0.003,0.0
2026-03-17 12:51:55.925239,DONE,51.4234127,-2.671415,0.003,0.0
2026-03-17 12:51:57.418175,DONE,51.4234127,-2.671415,0.003,0.0
2026-03-17 12:51:58.910947,DONE,51.4234127,-2.671415,0.003,0.0
2026-03-17 12:52:00.459439,DONE,51.4234127,-2.671415,0.003,0.0
2026-03-17 12:52:02.035342,DONE,51.4234127,-2.671415,0.003,0.0
2026-03-17 12:52:03.539732,DONE,51.4234127,-2.671415,0.003,0.0
2026-03-17 12:52:05.104270,DONE,51.4234127,-2.671415,0.003,0.0
2026-03-17 12:52:06.616834,DONE,51.4234127,-2.671415,0.003,0.0
2026-03-17 12:52:08.123679,DONE,51.4234127,-2.671415,0.003,0.0
2026-03-17 12:52:09.678873,DONE,51.4234127,-2.671415,0.002,0.0
2026-03-17 12:52:11.199076,DONE,51.4234127,-2.671415,0.003,0.0
2026-03-17 12:52:12.694602,DONE,51.4234127,-2.6714149,0.003,0.0
2026-03-17 12:52:14.229579,DONE,51.4234127,-2.6714148,0.003,0.0
2026-03-17 12:52:15.756261,DONE,51.4234127,-2.6714147,0.003,0.0
2026-03-17 12:52:17.255657,DONE,51.4234127,-2.6714147,0.003,0.0
2026-03-17 12:52:18.808234,DONE,51.4234127,-2.6714146,0.003,0.0
2026-03-17 12:52:20.337566,DONE,51.4234127,-2.6714146,0.003,0.0
2026-03-17 12:52:21.829781,DONE,51.4234127,-2.6714146,0.003,0.0
2026-03-17 12:52:23.338106,DONE,51.4234127,-2.6714146,0.003,0.0
2026-03-17 12:52:24.868767,DONE,51.4234127,-2.6714146,0.003,0.0
2026-03-17 12:52:26.427462,DONE,51.4234127,-2.6714146,0.002,0.0
2026-03-17 12:52:27.973142,DONE,51.4234127,-2.6714146,0.003,0.0
2026-03-17 12:52:29.500035,DONE,51.4234127,-2.6714146,0.003,0.0
2026-03-17 12:52:31.001259,DONE,51.4234127,-2.6714146,0.003,0.0
2026-03-17 12:52:32.533312,DONE,51.4234127,-2.6714146,0.003,0.0
2026-03-17 12:52:34.065031,DONE,51.4234127,-2.6714146,0.002,0.0
2026-03-17 12:52:35.630032,DONE,51.4234127,-2.6714146,0.003,0.0
2026-03-17 12:52:37.133079,DONE,51.4234127,-2.6714146,0.003,0.0
2026-03-17 12:52:38.628475,DONE,51.4234127,-2.6714146,0.003,0.0
2026-03-17 12:52:40.209087,DONE,51.4234127,-2.6714146,0.003,0.0
2026-03-17 12:52:41.712781,DONE,51.4234127,-2.6714146,0.003,0.0
2026-03-17 12:52:43.287046,DONE,51.4234127,-2.6714146,0.003,0.0
2026-03-17 12:52:44.820348,DONE,51.4234127,-2.6714146,0.003,0.0
2026-03-17 12:52:46.390405,DONE,51.4234127,-2.6714146,0.003,0.0
2026-03-17 12:52:47.919566,DONE,51.4234127,-2.6714146,0.003,0.0
2026-03-17 12:52:49.449435,DONE,51.4234127,-2.6714146,0.002,0.0
2026-03-17 12:52:50.953982,DONE,51.4234127,-2.6714146,0.003,0.0
2026-03-17 12:52:52.497368,DONE,51.4234127,-2.6714146,0.003,0.0
2026-03-17 12:52:54.134941,DONE,51.4234127,-2.6714146,0.003,0.0
2026-03-17 12:52:55.931651,DONE,51.4234127,-2.6714146,0.003,0.0
2026-03-17 12:52:57.437799,DONE,51.4234127,-2.6714146,0.003,0.0
2026-03-17 12:52:58.959883,DONE,51.4234127,-2.6714146,0.003,0.0
2026-03-17 12:53:00.506962,DONE,51.4234127,-2.6714146,0.003,0.0
2026-03-17 12:53:02.040048,DONE,51.4234127,-2.6714146,0.003,0.0
2026-03-17 12:53:03.518558,DONE,51.4234127,-2.6714146,0.003,0.0
2026-03-17 12:53:05.108976,DONE,51.4234127,-2.6714146,0.003,0.0
2026-03-17 12:53:06.680550,DONE,51.4234127,-2.6714146,0.003,0.0
2026-03-17 12:53:08.221316,DONE,51.4234127,-2.6714146,0.002,0.0
2026-03-17 12:53:09.802870,DONE,51.4234127,-2.6714146,0.003,0.0
2026-03-17 12:53:11.310004,DONE,51.4234127,-2.6714146,0.003,0.0
2026-03-17 12:53:12.862555,DONE,51.4234127,-2.6714147,0.003,0.0
2026-03-17 12:53:14.402928,DONE,51.4234127,-2.6714148,0.003,0.0
2026-03-17 12:53:15.968581,DONE,51.4234127,-2.6714149,0.003,0.0
2026-03-17 12:53:17.527924,DONE,51.4234127,-2.6714149,0.003,0.0
2026-03-17 12:53:19.037920,DONE,51.4234127,-2.671415,0.003,0.0
2026-03-17 12:53:20.566048,DONE,51.4234127,-2.671415,0.003,0.0
2026-03-17 12:53:22.071154,DONE,51.4234127,-2.671415,0.003,0.0
2026-03-17 12:53:23.560506,DONE,51.4234127,-2.671415,0.003,0.0
2026-03-17 12:53:25.108422,DONE,51.4234127,-2.671415,0.003,0.0
2026-03-17 12:53:26.720292,DONE,51.4234127,-2.671415,0.003,0.0
2026-03-17 12:53:28.318514,DONE,51.4234127,-2.671415,0.003,0.0
2026-03-17 12:53:29.985584,DONE,51.4234127,-2.671415,0.003,0.0
2026-03-17 12:53:31.514274,DONE,51.4234127,-2.671415,0.003,0.0
2026-03-17 12:53:33.015446,DONE,51.4234127,-2.671415,0.003,0.0
2026-03-17 12:53:34.544857,DONE,51.4234127,-2.671415,0.003,0.0
2026-03-17 12:53:36.074466,DONE,51.4234127,-2.671415,0.003,0.0
2026-03-17 12:53:37.583877,DONE,51.4234127,-2.671415,0.003,0.0
2026-03-17 12:53:39.101981,DONE,51.4234127,-2.671415,0.003,0.0
2026-03-17 12:53:40.708810,DONE,51.4234127,-2.671415,0.003,0.0
2026-03-17 12:53:42.225962,DONE,51.4234127,-2.671415,0.003,0.0
2026-03-17 12:53:43.744064,DONE,51.4234127,-2.671415,0.003,0.0
2026-03-17 12:53:45.328751,DONE,51.4234127,-2.671415,0.003,0.0
2026-03-17 12:53:46.835657,DONE,51.4234127,-2.671415,0.003,0.0
2026-03-17 12:53:48.375432,DONE,51.4234127,-2.671415,0.003,0.0
2026-03-17 12:53:49.970060,DONE,51.4234127,-2.671415,0.003,0.0
2026-03-17 12:53:51.562007,DONE,51.4234127,-2.671415,0.003,0.0
2026-03-17 12:53:53.060926,DONE,51.4234127,-2.671415,0.003,0.0
2026-03-17 12:53:54.818726,DONE,51.4234127,-2.671415,0.002,0.0
2026-03-17 12:53:56.500274,DONE,51.4234127,-2.671415,0.003,0.0
2026-03-17 12:53:58.042086,DONE,51.4234127,-2.671415,0.003,0.0
2026-03-17 12:53:59.594985,DONE,51.4234127,-2.671415,0.003,0.0
2026-03-17 12:54:01.097249,DONE,51.4234127,-2.671415,0.003,0.0
2026-03-17 12:54:02.606685,DONE,51.4234127,-2.671415,0.003,0.0
2026-03-17 12:54:04.158599,DONE,51.4234127,-2.671415,0.003,0.0
2026-03-17 12:54:05.718982,DONE,51.4234127,-2.671415,0.003,0.0
2026-03-17 12:54:07.296524,DONE,51.4234127,-2.671415,0.003,0.0
2026-03-17 12:54:08.823205,DONE,51.4234127,-2.671415,0.003,0.0
2026-03-17 12:54:10.363193,DONE,51.4234127,-2.671415,0.003,0.0
2026-03-17 12:54:11.832332,DONE,51.4234127,-2.671415,0.003,0.0
2026-03-17 12:54:13.358731,DONE,51.4234127,-2.6714148,0.003,0.0
2026-03-17 12:54:14.927218,DONE,51.4234127,-2.6714147,0.002,0.0
2026-03-17 12:54:16.643138,DONE,51.4234127,-2.6714147,0.002,0.0
2026-03-17 12:54:18.148266,DONE,51.4234127,-2.6714147,0.003,0.0
2026-03-17 12:54:19.691580,DONE,51.4234127,-2.6714146,0.003,0.0
2026-03-17 12:54:21.206990,DONE,51.4234127,-2.6714146,0.003,0.0
2026-03-17 12:54:22.740505,DONE,51.4234127,-2.6714146,0.003,0.0
2026-03-17 12:54:24.264954,DONE,51.4234127,-2.6714146,0.003,0.0
2026-03-17 12:54:25.769339,DONE,51.4234127,-2.6714146,0.003,0.0
2026-03-17 12:54:27.293404,DONE,51.4234127,-2.6714146,0.003,0.0
2026-03-17 12:54:28.824564,DONE,51.4234127,-2.6714146,0.003,0.0
2026-03-17 12:54:30.389977,DONE,51.4234127,-2.6714146,0.003,0.0
2026-03-17 12:54:31.887129,DONE,51.4234127,-2.6714146,0.002,0.0
2026-03-17 12:54:33.378281,DONE,51.4234127,-2.6714146,0.003,0.0
2026-03-17 12:54:34.934744,DONE,51.4234127,-2.6714146,0.003,0.0
2026-03-17 12:54:36.451799,DONE,51.4234127,-2.6714146,0.003,0.0
2026-03-17 12:54:38.031236,DONE,51.4234127,-2.6714146,0.003,0.0
2026-03-17 12:54:39.584138,DONE,51.4234127,-2.6714146,0.003,0.0
2026-03-17 12:54:41.086107,DONE,51.4234127,-2.6714146,0.003,0.0
2026-03-17 12:54:42.626463,DONE,51.4234127,-2.6714146,0.003,0.0
2026-03-17 12:54:44.163860,DONE,51.4234127,-2.6714146,0.003,0.0
2026-03-17 12:54:45.715132,DONE,51.4234127,-2.6714146,0.003,0.0
2026-03-17 12:54:47.317195,DONE,51.4234127,-2.6714146,0.003,0.0
2026-03-17 12:54:48.884441,DONE,51.4234127,-2.6714146,0.003,0.0
2026-03-17 12:54:50.416620,DONE,51.4234127,-2.6714146,0.003,0.0
2026-03-17 12:54:51.904094,DONE,51.4234127,-2.6714146,0.003,0.0
2026-03-17 12:54:53.450906,DONE,51.4234127,-2.6714146,0.003,0.0
2026-03-17 12:54:55.347449,DONE,51.4234127,-2.6714146,0.003,0.0
2026-03-17 12:54:57.141387,DONE,51.4234127,-2.6714146,0.003,0.0
2026-03-17 12:54:58.674349,DONE,51.4234127,-2.6714146,0.003,0.0
2026-03-17 12:55:00.225648,DONE,51.4234127,-2.6714146,0.002,0.0
2026-03-17 12:55:01.756317,DONE,51.4234127,-2.6714146,0.003,0.0
2026-03-17 12:55:03.298060,DONE,51.4234127,-2.6714146,0.003,0.0
2026-03-17 12:55:04.859013,DONE,51.4234127,-2.6714146,0.003,0.0
2026-03-17 12:55:06.387961,DONE,51.4234127,-2.6714146,0.003,0.0
2026-03-17 12:55:07.948636,DONE,51.4234127,-2.6714146,0.002,0.0
2026-03-17 12:55:09.496973,DONE,51.4234127,-2.6714146,0.003,0.0
2026-03-17 12:55:11.003029,DONE,51.4234127,-2.6714146,0.003,0.0
2026-03-17 12:55:12.514778,DONE,51.4234127,-2.6714147,0.003,0.0
2026-03-17 12:55:14.036891,DONE,51.4234127,-2.6714148,0.003,0.0
2026-03-17 12:55:15.571892,DONE,51.4234127,-2.6714149,0.003,0.0
2026-03-17 12:55:17.066267,DONE,51.4234127,-2.6714149,0.003,0.0
2026-03-17 12:55:18.553223,DONE,51.4234127,-2.671415,0.004,0.0
2026-03-17 12:55:20.080293,DONE,51.4234127,-2.671415,0.003,0.0
2026-03-17 12:55:21.605492,DONE,51.4234127,-2.671415,0.003,0.0
2026-03-17 12:55:23.101802,DONE,51.4234127,-2.671415,0.003,0.0
2026-03-17 12:55:24.675250,DONE,51.4234127,-2.671415,0.003,0.0
2026-03-17 12:55:26.218436,DONE,51.4234127,-2.671415,0.003,0.0
2026-03-17 12:55:27.728238,DONE,51.4234127,-2.671415,0.003,0.0
2026-03-17 12:55:29.240671,DONE,51.4234127,-2.671415,0.003,0.0
2026-03-17 12:55:30.773292,DONE,51.4234127,-2.671415,0.003,0.0
2026-03-17 12:55:32.275916,DONE,51.4234127,-2.671415,0.003,0.0
2026-03-17 12:55:33.756377,DONE,51.4234127,-2.671415,0.003,0.0
2026-03-17 12:55:35.268111,DONE,51.4234127,-2.671415,0.003,0.0
2026-03-17 12:55:36.759306,DONE,51.4234127,-2.671415,0.003,0.0
2026-03-17 12:55:38.262309,DONE,51.4234127,-2.671415,0.003,0.0
2026-03-17 12:55:39.798089,DONE,51.4234127,-2.671415,0.003,0.0
2026-03-17 12:55:41.285379,DONE,51.4234127,-2.671415,0.003,0.0
2026-03-17 12:55:42.786515,DONE,51.4234127,-2.671415,0.003,0.0
2026-03-17 12:55:44.392101,DONE,51.4234127,-2.671415,0.003,0.0
2026-03-17 12:55:45.927438,DONE,51.4234127,-2.671415,0.003,0.0
2026-03-17 12:55:47.481151,DONE,51.4234127,-2.671415,0.003,0.0
2026-03-17 12:55:48.994168,DONE,51.4234127,-2.671415,0.003,0.0
2026-03-17 12:55:50.526934,DONE,51.4234127,-2.671415,0.003,0.0
2026-03-17 12:55:52.025921,DONE,51.4234127,-2.671415,0.003,0.0
2026-03-17 12:55:53.601747,DONE,51.4234127,-2.671415,0.003,0.0
2026-03-17 12:55:55.399999,DONE,51.4234127,-2.671415,0.003,0.0
2026-03-17 12:55:56.987706,DONE,51.4234127,-2.671415,0.003,0.0
2026-03-17 12:55:58.467738,DONE,51.4234127,-2.671415,0.003,0.0
2026-03-17 12:56:00.028902,DONE,51.4234127,-2.671415,0.003,0.0
2026-03-17 12:56:01.522106,DONE,51.4234127,-2.671415,0.003,0.0
2026-03-17 12:56:03.044236,DONE,51.4234127,-2.671415,0.002,0.0
2026-03-17 12:56:04.593300,DONE,51.4234127,-2.671415,0.003,0.0
2026-03-17 12:56:06.183240,DONE,51.4234127,-2.671415,0.003,0.0
2026-03-17 12:56:07.715462,DONE,51.4234127,-2.671415,0.003,0.0
2026-03-17 12:56:09.220110,DONE,51.4234127,-2.671415,0.003,0.0
2026-03-17 12:56:10.743284,DONE,51.4234127,-2.671415,0.003,0.0
2026-03-17 12:56:12.240297,DONE,51.4234127,-2.6714149,0.003,0.0
2026-03-17 12:56:13.741222,DONE,51.4234127,-2.6714148,0.003,0.0
2026-03-17 12:56:15.290087,DONE,51.4234127,-2.6714147,0.003,0.0
2026-03-17 12:56:16.814772,DONE,51.4234127,-2.6714147,0.003,0.0
2026-03-17 12:56:18.304379,DONE,51.4234127,-2.6714146,0.003,0.0
2026-03-17 12:56:19.843156,DONE,51.4234127,-2.6714146,0.003,0.0
2026-03-17 12:56:21.326935,DONE,51.4234127,-2.6714146,0.002,0.0
2026-03-17 12:56:22.833693,DONE,51.4234127,-2.6714146,0.003,0.0
2026-03-17 12:56:24.367086,DONE,51.4234127,-2.6714146,0.003,0.0
2026-03-17 12:56:25.902930,DONE,51.4234127,-2.6714146,0.003,0.0
2026-03-17 12:56:27.390006,DONE,51.4234127,-2.6714146,0.003,0.0
2026-03-17 12:56:28.900876,DONE,51.4234127,-2.6714146,0.003,0.0
2026-03-17 12:56:30.418898,DONE,51.4234127,-2.6714146,0.003,0.0
2026-03-17 12:56:31.975841,DONE,51.4234127,-2.6714146,0.003,0.0
2026-03-17 12:56:33.507951,DONE,51.4234127,-2.6714146,0.003,0.0
2026-03-17 12:56:35.052979,DONE,51.4234127,-2.6714146,0.003,0.0
2026-03-17 12:56:36.522720,DONE,51.4234127,-2.6714146,0.003,0.0
2026-03-17 12:56:38.037675,DONE,51.4234127,-2.6714146,0.003,0.0
2026-03-17 12:56:39.573386,DONE,51.4234127,-2.6714146,0.003,0.0
2026-03-17 12:56:41.105165,DONE,51.4234127,-2.6714146,0.003,0.0
2026-03-17 12:56:42.632815,DONE,51.4234127,-2.6714146,0.003,0.0
2026-03-17 12:56:44.127613,DONE,51.4234127,-2.6714146,0.003,0.0
2026-03-17 12:56:45.665780,DONE,51.4234127,-2.6714146,0.003,0.0
2026-03-17 12:56:47.205035,DONE,51.4234127,-2.6714146,0.003,0.0
2026-03-17 12:56:48.693082,DONE,51.4234127,-2.6714146,0.002,0.0
2026-03-17 12:56:50.258906,DONE,51.4234127,-2.6714146,0.003,0.0
2026-03-17 12:56:51.748658,DONE,51.4234127,-2.6714146,0.003,0.0
2026-03-17 12:56:53.312824,DONE,51.4234127,-2.6714146,0.003,0.0
2026-03-17 12:56:55.125321,DONE,51.4234127,-2.6714146,0.003,0.0
2026-03-17 12:56:56.749454,DONE,51.4234127,-2.6714146,0.003,0.0
2026-03-17 12:56:58.276726,DONE,51.4234127,-2.6714146,0.003,0.0
2026-03-17 12:56:59.822585,DONE,51.4234127,-2.6714146,0.003,0.0
2026-03-17 12:57:01.429495,DONE,51.4234127,-2.6714146,0.003,0.0
2026-03-17 12:57:02.945317,DONE,51.4234127,-2.6714146,0.002,0.0
2026-03-17 12:57:04.483608,DONE,51.4234127,-2.6714146,0.003,0.0
2026-03-17 12:57:06.074836,DONE,51.4234127,-2.6714146,0.003,0.0
2026-03-17 12:57:07.594326,DONE,51.4234127,-2.6714146,0.002,0.0
2026-03-17 12:57:09.096079,DONE,51.4234127,-2.6714146,0.002,0.0
2026-03-17 12:57:10.615496,DONE,51.4234127,-2.6714146,0.003,0.0
2026-03-17 12:57:12.120914,DONE,51.4234127,-2.6714147,0.003,0.0
2026-03-17 12:57:13.637109,DONE,51.4234127,-2.6714148,0.003,0.0
2026-03-17 12:57:15.199548,DONE,51.4234127,-2.6714149,0.003,0.0
2026-03-17 12:57:16.710909,DONE,51.4234127,-2.6714149,0.003,0.0
2026-03-17 12:57:18.192984,DONE,51.4234127,-2.671415,0.003,0.0
2026-03-17 12:57:19.773107,DONE,51.4234127,-2.671415,0.003,0.0
2026-03-17 12:57:21.286990,DONE,51.4234127,-2.671415,0.003,0.0
2026-03-17 12:57:22.807655,DONE,51.4234127,-2.671415,0.003,0.0
2026-03-17 12:57:24.323237,DONE,51.4234127,-2.671415,0.003,0.0
2026-03-17 12:57:25.814095,DONE,51.4234127,-2.671415,0.003,0.0
2026-03-17 12:57:27.279266,DONE,51.4234127,-2.671415,0.003,0.0
2026-03-17 12:57:28.772092,DONE,51.4234127,-2.671415,0.003,0.0
2026-03-17 12:57:30.294556,DONE,51.4234127,-2.671415,0.003,0.0
2026-03-17 12:57:31.782996,DONE,51.4234127,-2.671415,0.003,0.0
2026-03-17 12:57:33.294934,DONE,51.4234127,-2.671415,0.003,0.0
2026-03-17 12:57:34.837909,DONE,51.4234127,-2.671415,0.003,0.0
2026-03-17 12:57:36.341322,DONE,51.4234127,-2.671415,0.003,0.0
2026-03-17 12:57:37.880695,DONE,51.4234127,-2.671415,0.003,0.0
2026-03-17 12:57:39.412601,DONE,51.4234127,-2.671415,0.003,0.0
2026-03-17 12:57:40.920878,DONE,51.4234127,-2.671415,0.003,0.0
2026-03-17 12:57:42.414752,DONE,51.4234127,-2.671415,0.003,0.0
2026-03-17 12:57:43.894992,DONE,51.4234127,-2.671415,0.003,0.0
2026-03-17 12:57:45.447723,DONE,51.4234127,-2.671415,0.003,0.0
2026-03-17 12:57:46.982199,DONE,51.4234127,-2.671415,0.003,0.0
2026-03-17 12:57:48.493780,DONE,51.4234127,-2.671415,0.003,0.0
2026-03-17 12:57:50.000429,DONE,51.4234127,-2.671415,0.003,0.0
2026-03-17 12:57:51.454957,DONE,51.4234127,-2.671415,0.003,0.0
2026-03-17 12:57:52.963932,DONE,51.4234127,-2.671415,0.003,0.0
2026-03-17 12:57:54.722099,DONE,51.4234127,-2.671415,0.003,0.0
2026-03-17 12:57:56.397649,DONE,51.4234127,-2.671415,0.003,0.0
2026-03-17 12:57:57.935806,DONE,51.4234127,-2.671415,0.003,0.0
2026-03-17 12:57:59.461399,DONE,51.4234127,-2.671415,0.003,0.0
2026-03-17 12:58:00.961803,DONE,51.4234127,-2.671415,0.003,0.0
2026-03-17 12:58:02.498281,DONE,51.4234127,-2.671415,0.003,0.0
2026-03-17 12:58:04.011380,DONE,51.4234127,-2.671415,0.003,0.0
2026-03-17 12:58:05.607996,DONE,51.4234127,-2.671415,0.003,0.0
2026-03-17 12:58:07.136008,DONE,51.4234127,-2.671415,0.003,0.0
2026-03-17 12:58:08.653634,DONE,51.4234127,-2.671415,0.003,0.0
2026-03-17 12:58:10.187483,DONE,51.4234127,-2.671415,0.003,0.0
2026-03-17 12:58:11.676523,DONE,51.4234127,-2.6714149,0.003,0.0
2026-03-17 12:58:13.186601,DONE,51.4234127,-2.6714148,0.003,0.0
2026-03-17 12:58:14.731815,DONE,51.4234127,-2.6714147,0.002,0.0
2026-03-17 12:58:16.198104,DONE,51.4234127,-2.6714147,0.003,0.0
2026-03-17 12:58:17.728451,DONE,51.4234127,-2.6714146,0.003,0.0
2026-03-17 12:58:19.270528,DONE,51.4234127,-2.6714146,0.003,0.0
2026-03-17 12:58:20.749318,DONE,51.4234127,-2.6714146,0.003,0.0
2026-03-17 12:58:22.272173,DONE,51.4234127,-2.6714146,0.003,0.0
2026-03-17 12:58:23.770115,DONE,51.4234127,-2.6714146,0.003,0.0
2026-03-17 12:58:25.372099,DONE,51.4234127,-2.6714146,0.003,0.0
2026-03-17 12:58:26.984264,DONE,51.4234127,-2.6714146,0.002,0.0
2026-03-17 12:58:28.497642,DONE,51.4234127,-2.6714146,0.003,0.0
2026-03-17 12:58:30.009926,DONE,51.4234127,-2.6714146,0.003,0.0
2026-03-17 12:58:31.533350,DONE,51.4234127,-2.6714146,0.003,0.0
2026-03-17 12:58:33.064780,DONE,51.4234127,-2.6714146,0.003,0.0
2026-03-17 12:58:34.615120,DONE,51.4234127,-2.6714146,0.003,0.0
2026-03-17 12:58:36.135142,DONE,51.4234127,-2.6714146,0.003,0.0
2026-03-17 12:58:37.624524,DONE,51.4234127,-2.6714146,0.003,0.0
2026-03-17 12:58:39.117264,DONE,51.4234127,-2.6714146,0.003,0.0
2026-03-17 12:58:40.672309,DONE,51.4234127,-2.6714146,0.003,0.0
2026-03-17 12:58:42.195850,DONE,51.4234127,-2.6714146,0.003,0.0
2026-03-17 12:58:43.709977,DONE,51.4234127,-2.6714146,0.003,0.0
2026-03-17 12:58:45.241209,DONE,51.4234127,-2.6714146,0.003,0.0
2026-03-17 12:58:46.763066,DONE,51.4234127,-2.6714146,0.003,0.0
2026-03-17 12:58:48.332922,DONE,51.4234127,-2.6714146,0.003,0.0
2026-03-17 12:58:49.882336,DONE,51.4234127,-2.6714146,0.003,0.0
2026-03-17 12:58:51.391363,DONE,51.4234127,-2.6714146,0.003,0.0
2026-03-17 12:58:52.908040,DONE,51.4234127,-2.6714146,0.003,0.0
2026-03-17 12:58:54.584849,DONE,51.4234127,-2.6714146,0.003,0.0
2026-03-17 12:58:56.301455,DONE,51.4234127,-2.6714146,0.002,0.0
2026-03-17 12:58:57.821739,DONE,51.4234127,-2.6714146,0.002,0.0
2026-03-17 12:58:59.362724,DONE,51.4234127,-2.6714146,0.003,0.0
2026-03-17 12:59:00.900521,DONE,51.4234127,-2.6714146,0.003,0.0
2026-03-17 12:59:02.493040,DONE,51.4234127,-2.6714146,0.002,0.0
2026-03-17 12:59:04.043842,DONE,51.4234127,-2.6714146,0.003,0.0
2026-03-17 12:59:05.628295,DONE,51.4234127,-2.6714146,0.003,0.0
2026-03-17 12:59:07.102997,DONE,51.4234127,-2.6714146,0.004,0.0
2026-03-17 12:59:08.579165,DONE,51.4234127,-2.6714146,0.003,0.0
2026-03-17 12:59:10.135066,DONE,51.4234127,-2.6714146,0.003,0.0
2026-03-17 12:59:11.659721,DONE,51.4234127,-2.6714147,0.003,0.0
2026-03-17 12:59:13.165734,DONE,51.4234127,-2.6714148,0.003,0.0
2026-03-17 12:59:14.741409,DONE,51.4234127,-2.6714149,0.003,0.0
2026-03-17 12:59:16.466029,DONE,51.4234127,-2.6714149,0.003,0.0
2026-03-17 12:59:18.008545,DONE,51.4234127,-2.671415,0.003,0.0
2026-03-17 12:59:19.564628,DONE,51.4234127,-2.671415,0.003,0.0
2026-03-17 12:59:21.063481,DONE,51.4234127,-2.671415,0.003,0.0
2026-03-17 12:59:22.638055,DONE,51.4234127,-2.671415,0.003,0.0
2026-03-17 12:59:24.160721,DONE,51.4234127,-2.671415,0.003,0.0
2026-03-17 12:59:25.714059,DONE,51.4234127,-2.671415,0.003,0.0
2026-03-17 12:59:27.262351,DONE,51.4234127,-2.671415,0.003,0.0
2026-03-17 12:59:28.752131,DONE,51.4234127,-2.671415,0.003,0.0
2026-03-17 12:59:30.288899,DONE,51.4234127,-2.671415,0.003,0.0
2026-03-17 12:59:31.797277,DONE,51.4234127,-2.671415,0.003,0.0
2026-03-17 12:59:33.341073,DONE,51.4234127,-2.671415,0.003,0.0
2026-03-17 12:59:34.993684,DONE,51.4234127,-2.671415,0.003,0.0
2026-03-17 12:59:36.525022,DONE,51.4234127,-2.671415,0.003,0.0
2026-03-17 12:59:38.024596,DONE,51.4234127,-2.671415,0.003,0.0
2026-03-17 12:59:39.564257,DONE,51.4234127,-2.671415,0.003,0.0
2026-03-17 12:59:41.086756,DONE,51.4234127,-2.671415,0.003,0.0
2026-03-17 12:59:42.575482,DONE,51.4234127,-2.671415,0.003,0.0
2026-03-17 12:59:44.080132,DONE,51.4234127,-2.671415,0.003,0.0
2026-03-17 12:59:45.580899,DONE,51.4234127,-2.671415,0.003,0.0
2026-03-17 12:59:47.126319,DONE,51.4234127,-2.671415,0.003,0.0
2026-03-17 12:59:48.645452,DONE,51.4234127,-2.671415,0.003,0.0
2026-03-17 12:59:50.172460,DONE,51.4234127,-2.671415,0.003,0.0
2026-03-17 12:59:51.632614,DONE,51.4234127,-2.671415,0.003,0.0
2026-03-17 12:59:53.104890,DONE,51.4234127,-2.671415,0.003,0.0
2026-03-17 12:59:54.872747,DONE,51.4234127,-2.671415,0.003,0.0
2026-03-17 12:59:56.534592,DONE,51.4234127,-2.671415,0.003,0.0
2026-03-17 12:59:58.078520,DONE,51.4234127,-2.671415,0.003,0.0
2026-03-17 12:59:59.627763,DONE,51.4234127,-2.671415,0.003,0.0
2026-03-17 13:00:01.152305,DONE,51.4234127,-2.671415,0.002,0.0
2026-03-17 13:00:02.634674,DONE,51.4234127,-2.671415,0.003,0.0
2026-03-17 13:00:04.197821,DONE,51.4234127,-2.671415,0.003,0.0
2026-03-17 13:00:05.764646,DONE,51.4234127,-2.671415,0.003,0.0
2026-03-17 13:00:07.276645,DONE,51.4234127,-2.671415,0.003,0.0
2026-03-17 13:00:08.767027,DONE,51.4234127,-2.671415,0.003,0.0
2026-03-17 13:00:10.342025,DONE,51.4234127,-2.671415,0.003,0.0
2026-03-17 13:00:11.833325,DONE,51.4234127,-2.6714149,0.003,0.0
2026-03-17 13:00:13.334802,DONE,51.4234127,-2.6714148,0.003,0.0
2026-03-17 13:00:14.880925,DONE,51.4234127,-2.6714147,0.002,0.0
2026-03-17 13:00:16.375323,DONE,51.4234127,-2.6714147,0.003,0.0
2026-03-17 13:00:17.867302,DONE,51.4234127,-2.6714146,0.003,0.0
2026-03-17 13:00:19.473763,DONE,51.4234127,-2.6714146,0.002,0.0
2026-03-17 13:00:20.977915,DONE,51.4234127,-2.6714146,0.002,0.0
2026-03-17 13:00:22.489721,DONE,51.4234127,-2.6714146,0.003,0.0
2026-03-17 13:00:24.298470,DONE,51.4234127,-2.6714146,0.003,0.0
2026-03-17 13:00:25.930395,DONE,51.4234127,-2.6714146,0.003,0.0
2026-03-17 13:00:27.502715,DONE,51.4234127,-2.6714146,0.003,0.0
2026-03-17 13:00:28.998241,DONE,51.4234127,-2.6714146,0.002,0.0
2026-03-17 13:00:30.679736,DONE,51.4234127,-2.6714146,0.003,0.0
2026-03-17 13:00:32.215253,DONE,51.4234127,-2.6714146,0.003,0.0
2026-03-17 13:00:33.746454,DONE,51.4234127,-2.6714146,0.002,0.0
2026-03-17 13:00:35.262068,DONE,51.4234127,-2.6714146,0.003,0.0
2026-03-17 13:00:36.769853,DONE,51.4234127,-2.6714146,0.003,0.0
2026-03-17 13:00:38.297305,DONE,51.4234127,-2.6714146,0.003,0.0
2026-03-17 13:00:39.869536,DONE,51.4234127,-2.6714146,0.003,0.0
2026-03-17 13:00:41.374004,DONE,51.4234127,-2.6714146,0.003,0.0
2026-03-17 13:00:42.903298,DONE,51.4234127,-2.6714146,0.003,0.0
2026-03-17 13:00:44.419884,DONE,51.4234127,-2.6714146,0.003,0.0
2026-03-17 13:00:45.950980,DONE,51.4234127,-2.6714146,0.003,0.0
2026-03-17 13:00:47.496888,DONE,51.4234127,-2.6714146,0.003,0.0
2026-03-17 13:00:49.005002,DONE,51.4234127,-2.6714146,0.003,0.0
2026-03-17 13:00:50.520311,DONE,51.4234127,-2.6714146,0.003,0.0
2026-03-17 13:00:52.044089,DONE,51.4234127,-2.6714146,0.003,0.0
2026-03-17 13:00:53.550514,DONE,51.4234127,-2.6714146,0.003,0.0
2026-03-17 13:00:55.342602,DONE,51.4234127,-2.6714146,0.003,0.0
2026-03-17 13:00:56.958194,DONE,51.4234127,-2.6714146,0.003,0.0
2026-03-17 13:00:58.445128,DONE,51.4234127,-2.6714146,0.003,0.0
2026-03-17 13:00:59.989205,DONE,51.4234127,-2.6714146,0.003,0.0
2026-03-17 13:01:01.507422,DONE,51.4234127,-2.6714146,0.003,0.0
2026-03-17 13:01:03.083009,DONE,51.4234127,-2.6714146,0.003,0.0
2026-03-17 13:01:04.646970,DONE,51.4234127,-2.6714146,0.003,0.0
2026-03-17 13:01:06.237633,DONE,51.4234127,-2.6714146,0.003,0.0
2026-03-17 13:01:07.719223,DONE,51.4234127,-2.6714146,0.003,0.0
2026-03-17 13:01:09.207233,DONE,51.4234127,-2.6714146,0.003,0.0
2026-03-17 13:01:10.740667,DONE,51.4234127,-2.6714146,0.002,0.0
2026-03-17 13:01:12.234550,DONE,51.4234127,-2.6714148,0.002,0.0
2026-03-17 13:01:13.748027,DONE,51.4234127,-2.6714148,0.003,0.0
2026-03-17 13:01:15.309068,DONE,51.4234127,-2.6714149,0.003,0.0
2026-03-17 13:01:16.857153,DONE,51.4234127,-2.6714149,0.004,0.0
2026-03-17 13:01:18.330633,DONE,51.4234127,-2.671415,0.003,0.0
2026-03-17 13:01:19.855979,DONE,51.4234127,-2.671415,0.003,0.0
2026-03-17 13:01:21.413039,DONE,51.4234127,-2.671415,0.003,0.0
2026-03-17 13:01:22.913780,DONE,51.4234127,-2.671415,0.003,0.0
2026-03-17 13:01:24.421843,DONE,51.4234127,-2.671415,0.003,0.0
2026-03-17 13:01:25.938277,DONE,51.4234127,-2.671415,0.003,0.0
2026-03-17 13:01:27.398886,DONE,51.4234127,-2.671415,0.003,0.0
2026-03-17 13:01:28.897276,DONE,51.4234127,-2.671415,0.003,0.0
2026-03-17 13:01:30.433952,DONE,51.4234127,-2.671415,0.003,0.0
2026-03-17 13:01:31.974592,DONE,51.4234127,-2.671415,0.003,0.0
2026-03-17 13:01:33.486565,DONE,51.4234127,-2.671415,0.003,0.0
2026-03-17 13:01:35.013657,DONE,51.4234127,-2.671415,0.003,0.0
2026-03-17 13:01:36.489534,DONE,51.4234127,-2.671415,0.003,0.0
2026-03-17 13:01:37.970831,DONE,51.4234127,-2.671415,0.003,0.0
2026-03-17 13:01:39.475683,DONE,51.4234127,-2.671415,0.003,0.0
2026-03-17 13:01:41.006329,DONE,51.4234127,-2.671415,0.003,0.0
2026-03-17 13:01:42.466052,DONE,51.4234127,-2.671415,0.003,0.0
2026-03-17 13:01:43.981401,DONE,51.4234127,-2.671415,0.003,0.0
2026-03-17 13:01:45.500268,DONE,51.4234127,-2.671415,0.003,0.0
2026-03-17 13:01:47.027975,DONE,51.4234127,-2.671415,0.003,0.0
2026-03-17 13:01:48.572629,DONE,51.4234127,-2.671415,0.003,0.0
2026-03-17 13:01:50.103565,DONE,51.4234127,-2.671415,0.003,0.0
2026-03-17 13:01:51.616169,DONE,51.4234127,-2.671415,0.003,0.0
2026-03-17 13:01:53.124510,DONE,51.4234127,-2.671415,0.003,0.0
2026-03-17 13:01:54.875031,DONE,51.4234127,-2.671415,0.003,0.0
2026-03-17 13:01:56.520067,DONE,51.4234127,-2.671415,0.003,0.0
2026-03-17 13:01:58.030526,DONE,51.4234127,-2.671415,0.003,0.0
2026-03-17 13:01:59.515244,DONE,51.4234127,-2.671415,0.003,0.0
2026-03-17 13:02:01.072754,DONE,51.4234127,-2.671415,0.003,0.0
2026-03-17 13:02:02.602168,DONE,51.4234127,-2.671415,0.003,0.0
2026-03-17 13:02:04.080643,DONE,51.4234127,-2.671415,0.003,0.0
2026-03-17 13:02:05.643638,DONE,51.4234127,-2.671415,0.003,0.0
2026-03-17 13:02:07.114632,DONE,51.4234127,-2.671415,0.003,0.0
2026-03-17 13:02:08.629401,DONE,51.4234127,-2.671415,0.002,0.0
2026-03-17 13:02:10.133573,DONE,51.4234127,-2.671415,0.003,0.0
2026-03-17 13:02:11.614520,DONE,51.4234127,-2.6714149,0.003,0.0
2026-03-17 13:02:13.089787,DONE,51.4234127,-2.6714148,0.003,0.0
2026-03-17 13:02:14.639692,DONE,51.4234127,-2.6714147,0.003,0.0
2026-03-17 13:02:16.159071,DONE,51.4234127,-2.6714147,0.003,0.0
2026-03-17 13:02:17.669117,DONE,51.4234127,-2.6714146,0.002,0.0
2026-03-17 13:02:19.161335,DONE,51.4234127,-2.6714146,0.003,0.0
2026-03-17 13:02:20.710342,DONE,51.4234127,-2.6714146,0.003,0.0
2026-03-17 13:02:22.197540,DONE,51.4234127,-2.6714146,0.003,0.0
2026-03-17 13:02:23.652959,DONE,51.4234127,-2.6714146,0.003,0.0
2026-03-17 13:02:25.162027,DONE,51.4234127,-2.6714146,0.002,0.0
2026-03-17 13:02:26.659203,DONE,51.4234127,-2.6714146,0.003,0.0
2026-03-17 13:02:28.156097,DONE,51.4234127,-2.6714146,0.002,0.0
2026-03-17 13:02:29.720799,DONE,51.4234127,-2.6714146,0.002,0.0
2026-03-17 13:02:31.224923,DONE,51.4234127,-2.6714146,0.003,0.0
2026-03-17 13:02:32.715906,DONE,51.4234127,-2.6714146,0.003,0.0
2026-03-17 13:02:34.263273,DONE,51.4234127,-2.6714146,0.003,0.0
2026-03-17 13:02:35.823357,DONE,51.4234127,-2.6714146,0.003,0.0
2026-03-17 13:02:37.328611,DONE,51.4234127,-2.6714146,0.003,0.0
2026-03-17 13:02:38.829886,DONE,51.4234127,-2.6714146,0.003,0.0
2026-03-17 13:02:40.412465,DONE,51.4234127,-2.6714146,0.003,0.0
2026-03-17 13:02:41.934599,DONE,51.4234127,-2.6714146,0.003,0.0
2026-03-17 13:02:43.403518,DONE,51.4234127,-2.6714146,0.003,0.0
2026-03-17 13:02:44.943100,DONE,51.4234127,-2.6714146,0.003,0.0
2026-03-17 13:02:46.471757,DONE,51.4234127,-2.6714146,0.003,0.0
2026-03-17 13:02:47.967087,DONE,51.4234127,-2.6714146,0.003,0.0
2026-03-17 13:02:49.459839,DONE,51.4234127,-2.6714146,0.003,0.0
2026-03-17 13:02:50.976115,DONE,51.4234127,-2.6714146,0.003,0.0
2026-03-17 13:02:52.477490,DONE,51.4234127,-2.6714146,0.003,0.0
2026-03-17 13:02:54.107610,DONE,51.4234127,-2.6714146,0.002,0.0
2026-03-17 13:02:55.917832,DONE,51.4234127,-2.6714146,0.003,0.0
2026-03-17 13:02:57.457862,DONE,51.4234127,-2.6714146,0.003,0.0
2026-03-17 13:02:58.979105,DONE,51.4234127,-2.6714146,0.003,0.0
2026-03-17 13:03:00.637327,DONE,51.4234127,-2.6714146,0.003,0.0
2026-03-17 13:03:02.374299,DONE,51.4234127,-2.6714146,0.003,0.0
2026-03-17 13:03:04.130665,DONE,51.4234127,-2.6714146,0.003,0.0
2026-03-17 13:03:05.706730,DONE,51.4234127,-2.6714146,0.003,0.0
2026-03-17 13:03:07.236246,DONE,51.4234127,-2.6714146,0.003,0.0
2026-03-17 13:03:08.764911,DONE,51.4234127,-2.6714146,0.003,0.0
2026-03-17 13:03:10.334655,DONE,51.4234127,-2.6714146,0.002,0.0
2026-03-17 13:03:11.834159,DONE,51.4234127,-2.6714147,0.003,0.0
2026-03-17 13:03:13.354476,DONE,51.4234127,-2.6714148,0.003,0.0
2026-03-17 13:03:14.890764,DONE,51.4234127,-2.6714149,0.003,0.0
2026-03-17 13:03:16.436064,DONE,51.4234127,-2.6714149,0.003,0.0
2026-03-17 13:03:18.010761,DONE,51.4234127,-2.671415,0.003,0.0
2026-03-17 13:03:19.641339,DONE,51.4234127,-2.671415,0.003,0.0
2026-03-17 13:03:21.152757,DONE,51.4234127,-2.671415,0.003,0.0
2026-03-17 13:03:22.797913,DONE,51.4234127,-2.671415,0.003,0.0
2026-03-17 13:03:24.465859,DONE,51.4234127,-2.671415,0.003,0.0
2026-03-17 13:03:26.351067,DONE,51.4234127,-2.671415,0.002,0.0
2026-03-17 13:03:28.101405,DONE,51.4234127,-2.671415,0.004,0.0
2026-03-17 13:03:29.133019,DONE,51.4234127,-2.671415,0.004,0.0
2026-03-17 13:03:30.191816,DONE,51.4234127,-2.671415,0.004,0.0
2026-03-17 13:03:32.149245,DONE,51.4234127,-2.671415,0.003,0.0
2026-03-17 13:03:33.759017,DONE,51.4234127,-2.671415,0.003,0.0
2026-03-17 13:03:35.307315,DONE,51.4234127,-2.671415,0.003,0.0
2026-03-17 13:03:37.085859,DONE,51.4234127,-2.671415,0.003,0.0
2026-03-17 13:03:38.126444,DONE,51.4234127,-2.671415,0.002,0.0
2026-03-17 13:03:39.459626,DONE,51.4234127,-2.671415,0.003,0.0
2026-03-17 13:03:41.383700,DONE,51.4234127,-2.671415,0.003,0.0
2026-03-17 13:03:43.013856,DONE,51.4234127,-2.671415,0.003,0.0
2026-03-17 13:03:44.736721,DONE,51.4234127,-2.671415,0.003,0.0
2026-03-17 13:03:46.555313,DONE,51.4234127,-2.671415,0.003,0.0
2026-03-17 13:03:48.319172,DONE,51.4234127,-2.671415,0.003,0.0
2026-03-17 13:03:49.921023,DONE,51.4234127,-2.671415,0.003,0.0
2026-03-17 13:03:51.519154,DONE,51.4234127,-2.671415,0.003,0.0
2026-03-17 13:03:53.056069,DONE,51.4234127,-2.671415,0.003,0.0
2026-03-17 13:03:55.187988,DONE,51.4234127,-2.671415,0.003,0.0
2026-03-17 13:03:56.511045,DONE,51.4234127,-2.671415,0.003,0.0
2026-03-17 13:03:57.717448,DONE,51.4234127,-2.671415,0.003,0.0
2026-03-17 13:03:58.790951,DONE,51.4234127,-2.671415,0.003,0.0
2026-03-17 13:03:59.846913,DONE,51.4234127,-2.671415,0.003,0.0
2026-03-17 13:04:00.929910,DONE,51.4234127,-2.671415,0.003,0.0
2026-03-17 13:04:01.936223,DONE,51.4234127,-2.671415,0.003,0.0
2026-03-17 13:04:03.663763,DONE,51.4234127,-2.671415,0.004,0.0
2026-03-17 13:04:05.379608,DONE,51.4234127,-2.671415,0.002,0.0
2026-03-17 13:04:06.980471,DONE,51.4234127,-2.671415,0.003,0.0
2026-03-17 13:04:08.546058,DONE,51.4234127,-2.671415,0.003,0.0
2026-03-17 13:04:10.143635,DONE,51.4234127,-2.671415,0.003,0.0
2026-03-17 13:04:11.802680,DONE,51.4234127,-2.6714149,0.003,0.0
2026-03-17 13:04:13.759450,DONE,51.4234127,-2.6714147,0.002,0.0
2026-03-17 13:04:14.785142,DONE,51.4234127,-2.6714147,0.002,0.0
2026-03-17 13:04:15.869290,DONE,51.4234127,-2.6714147,0.003,0.0
2026-03-17 13:04:16.887306,DONE,51.4234127,-2.6714147,0.003,0.0
2026-03-17 13:04:18.717583,DONE,51.4234127,-2.6714146,0.003,0.0
2026-03-17 13:04:20.351650,DONE,51.4234127,-2.6714146,0.003,0.0
2026-03-17 13:04:21.939893,DONE,51.4234127,-2.6714146,0.003,0.0
2026-03-17 13:04:23.715786,DONE,51.4234127,-2.6714146,0.003,0.0
2026-03-17 13:04:25.428943,DONE,51.4234127,-2.6714146,0.003,0.0
2026-03-17 13:04:27.206841,DONE,51.4234127,-2.6714146,0.003,0.0
2026-03-17 13:04:29.001236,DONE,51.4234127,-2.6714146,0.003,0.0
2026-03-17 13:04:30.732293,DONE,51.4234127,-2.6714146,0.003,0.0
2026-03-17 13:04:32.479304,DONE,51.4234127,-2.6714146,0.003,0.0
2026-03-17 13:04:34.116672,DONE,51.4234127,-2.6714146,0.003,0.0
2026-03-17 13:04:35.759072,DONE,51.4234127,-2.6714146,0.003,0.0
2026-03-17 13:04:37.383026,DONE,51.4234127,-2.6714146,0.003,0.0
2026-03-17 13:04:39.031904,DONE,51.4234127,-2.6714146,0.002,0.0
2026-03-17 13:04:40.865599,DONE,51.4234127,-2.6714146,0.003,0.0
2026-03-17 13:04:42.649460,DONE,51.4234127,-2.6714146,0.003,0.0
2026-03-17 13:04:44.381335,DONE,51.4234127,-2.6714146,0.003,0.0
2026-03-17 13:04:46.069580,DONE,51.4234127,-2.6714146,0.003,0.0
2026-03-17 13:04:47.798009,DONE,51.4234127,-2.6714146,0.003,0.0
2026-03-17 13:04:49.723426,DONE,51.4234127,-2.6714146,0.003,0.0
2026-03-17 13:04:51.584680,DONE,51.4234127,-2.6714146,0.003,0.0
2026-03-17 13:04:53.317142,DONE,51.4234127,-2.6714146,0.003,0.0
2026-03-17 13:04:55.274834,DONE,51.4234127,-2.6714146,0.003,0.0
2026-03-17 13:04:57.119802,DONE,51.4234127,-2.6714146,0.003,0.0
2026-03-17 13:04:58.738046,DONE,51.4234127,-2.6714146,0.003,0.0
2026-03-17 13:05:00.338835,DONE,51.4234127,-2.6714146,0.003,0.0
2026-03-17 13:05:01.894330,DONE,51.4234127,-2.6714146,0.003,0.0
2026-03-17 13:05:03.519358,DONE,51.4234127,-2.6714146,0.003,0.0
2026-03-17 13:05:05.171822,DONE,51.4234127,-2.6714146,0.003,0.0
2026-03-17 13:05:06.728709,DONE,51.4234127,-2.6714146,0.003,0.0
2026-03-17 13:05:08.283282,DONE,51.4234127,-2.6714146,0.003,0.0
2026-03-17 13:05:09.895205,DONE,51.4234127,-2.6714146,0.003,0.0
2026-03-17 13:05:11.453366,DONE,51.4234127,-2.6714147,0.003,0.0
2026-03-17 13:05:13.004719,DONE,51.4234127,-2.6714148,0.003,0.0
2026-03-17 13:05:14.735275,DONE,51.4234127,-2.6714149,0.003,0.0
2026-03-17 13:05:16.319763,DONE,51.4234127,-2.6714149,0.003,0.0
2026-03-17 13:05:17.961119,DONE,51.4234127,-2.671415,0.003,0.0
2026-03-17 13:05:19.675055,DONE,51.4234127,-2.671415,0.003,0.0
2026-03-17 13:05:21.522239,DONE,51.4234127,-2.671415,0.004,0.0
2026-03-17 13:05:23.254048,DONE,51.4234127,-2.671415,0.003,0.0
2026-03-17 13:05:24.936415,DONE,51.4234127,-2.671415,0.003,0.0
2026-03-17 13:05:26.595680,DONE,51.4234127,-2.671415,0.003,0.0
2026-03-17 13:05:28.304790,DONE,51.4234127,-2.671415,0.003,0.0
2026-03-17 13:05:29.938272,DONE,51.4234127,-2.671415,0.003,0.0
2026-03-17 13:05:30.973222,DONE,51.4234127,-2.671415,0.003,0.0
2026-03-17 13:05:32.641898,DONE,51.4234127,-2.671415,0.003,0.0
2026-03-17 13:05:34.328255,DONE,51.4234127,-2.671415,0.003,0.0
2026-03-17 13:05:36.046844,DONE,51.4234127,-2.671415,0.003,0.0
2026-03-17 13:05:37.786355,DONE,51.4234127,-2.671415,0.003,0.0
2026-03-17 13:05:39.659831,DONE,51.4234127,-2.671415,0.003,0.0
2026-03-17 13:05:41.667864,DONE,51.4234127,-2.671415,0.003,0.0
2026-03-17 13:05:42.857417,DONE,51.4234127,-2.671415,0.003,0.0
2026-03-17 13:05:44.572768,DONE,51.4234127,-2.671415,0.003,0.0
2026-03-17 13:05:46.178564,DONE,51.4234127,-2.671415,0.003,0.0
2026-03-17 13:05:47.835194,DONE,51.4234127,-2.671415,0.003,0.0
2026-03-17 13:05:49.738859,DONE,51.4234127,-2.671415,0.003,0.0
2026-03-17 13:05:51.654057,DONE,51.4234127,-2.671415,0.003,0.0
2026-03-17 13:05:53.297876,DONE,51.4234127,-2.671415,0.003,0.0
2026-03-17 13:05:54.346637,DONE,51.4234127,-2.671415,0.003,0.0
2026-03-17 13:05:55.353295,DONE,51.4234127,-2.671415,0.003,0.0
2026-03-17 13:05:57.145305,DONE,51.4234127,-2.671415,0.003,0.0
2026-03-17 13:05:58.736956,DONE,51.4234127,-2.671415,0.003,0.0
2026-03-17 13:06:00.345207,DONE,51.4234127,-2.671415,0.003,0.0
2026-03-17 13:06:01.955709,DONE,51.4234127,-2.671415,0.003,0.0
2026-03-17 13:06:03.493971,DONE,51.4234127,-2.671415,0.003,0.0
2026-03-17 13:06:05.112335,DONE,51.4234127,-2.671415,0.003,0.0
2026-03-17 13:06:06.666148,DONE,51.4234127,-2.671415,0.003,0.0
2026-03-17 13:06:08.272099,DONE,51.4234127,-2.671415,0.003,0.0
2026-03-17 13:06:09.895723,DONE,51.4234127,-2.671415,0.003,0.0
2026-03-17 13:06:11.453177,DONE,51.4234127,-2.6714149,0.002,0.0
2026-03-17 13:06:13.088489,DONE,51.4234127,-2.6714148,0.003,0.0
2026-03-17 13:06:14.778321,DONE,51.4234127,-2.6714147,0.002,0.0
2026-03-17 13:06:16.294408,DONE,51.4234127,-2.6714147,0.003,0.0
2026-03-17 13:06:17.845208,DONE,51.4234127,-2.6714146,0.003,0.0
2026-03-17 13:06:19.445121,DONE,51.4234127,-2.6714146,0.003,0.0
2026-03-17 13:06:20.958574,DONE,51.4234127,-2.6714146,0.003,0.0
2026-03-17 13:06:22.574098,DONE,51.4234127,-2.6714146,0.003,0.0
2026-03-17 13:06:24.179226,DONE,51.4234127,-2.6714146,0.003,0.0
2026-03-17 13:06:25.912779,DONE,51.4234127,-2.6714146,0.003,0.0
2026-03-17 13:06:27.553434,DONE,51.4234127,-2.6714146,0.003,0.0
2026-03-17 13:06:29.312119,DONE,51.4234127,-2.6714146,0.003,0.0
2026-03-17 13:06:31.002573,DONE,51.4234127,-2.6714146,0.003,0.0
2026-03-17 13:06:32.628215,DONE,51.4234127,-2.6714146,0.003,0.0
2026-03-17 13:06:34.311204,DONE,51.4234127,-2.6714146,0.003,0.0
2026-03-17 13:06:35.983812,DONE,51.4234127,-2.6714146,0.003,0.0
2026-03-17 13:06:37.599784,DONE,51.4234127,-2.6714146,0.002,0.0
2026-03-17 13:06:39.177137,DONE,51.4234127,-2.6714146,0.003,0.0
2026-03-17 13:06:40.736997,DONE,51.4234127,-2.6714146,0.003,0.0
2026-03-17 13:06:42.325353,DONE,51.4234127,-2.6714146,0.003,0.0
2026-03-17 13:06:43.990049,DONE,51.4234127,-2.6714146,0.003,0.0
2026-03-17 13:06:45.624086,DONE,51.4234127,-2.6714146,0.003,0.0
2026-03-17 13:06:47.190430,DONE,51.4234127,-2.6714146,0.003,0.0
2026-03-17 13:06:48.930130,DONE,51.4234127,-2.6714146,0.003,0.0
2026-03-17 13:06:50.737006,DONE,51.4234127,-2.6714146,0.003,0.0
2026-03-17 13:06:52.323585,DONE,51.4234127,-2.6714146,0.003,0.0
2026-03-17 13:06:54.022869,DONE,51.4234127,-2.6714146,0.003,0.0
2026-03-17 13:06:55.869690,DONE,51.4234127,-2.6714146,0.003,0.0
2026-03-17 13:06:57.400101,DONE,51.4234127,-2.6714146,0.002,0.0
2026-03-17 13:06:58.986061,DONE,51.4234127,-2.6714146,0.003,0.0
2026-03-17 13:07:00.539839,DONE,51.4234127,-2.6714146,0.003,0.0
2026-03-17 13:07:02.208340,DONE,51.4234127,-2.6714146,0.003,0.0
2026-03-17 13:07:03.820494,DONE,51.4234127,-2.6714146,0.002,0.0
2026-03-17 13:07:05.542241,DONE,51.4234127,-2.6714146,0.003,0.0
2026-03-17 13:07:07.215916,DONE,51.4234127,-2.6714146,0.003,0.0
2026-03-17 13:07:08.780257,DONE,51.4234127,-2.6714146,0.003,0.0
2026-03-17 13:07:10.362474,DONE,51.4234127,-2.6714146,0.003,0.0
2026-03-17 13:07:11.900849,DONE,51.4234127,-2.6714148,0.003,0.0
2026-03-17 13:07:13.502402,DONE,51.4234127,-2.6714149,0.003,0.0
2026-03-17 13:07:15.071466,DONE,51.4234127,-2.6714149,0.003,0.0
2026-03-17 13:07:16.596835,DONE,51.4234127,-2.671415,0.003,0.0
2026-03-17 13:07:18.091085,DONE,51.4234127,-2.671415,0.003,0.0
2026-03-17 13:07:19.624836,DONE,51.4234127,-2.671415,0.003,0.0
2026-03-17 13:07:21.100077,DONE,51.4234127,-2.671415,0.003,0.0
2026-03-17 13:07:22.715104,DONE,51.4234127,-2.671415,0.003,0.0
2026-03-17 13:07:24.262253,DONE,51.4234127,-2.671415,0.003,0.0
2026-03-17 13:07:25.797613,DONE,51.4234127,-2.671415,0.003,0.0
2026-03-17 13:07:27.328255,DONE,51.4234127,-2.671415,0.003,0.0
2026-03-17 13:07:28.813123,DONE,51.4234127,-2.671415,0.003,0.0
2026-03-17 13:07:30.373780,DONE,51.4234127,-2.671415,0.003,0.0
2026-03-17 13:07:31.879760,DONE,51.4234127,-2.671415,0.003,0.0
2026-03-17 13:07:33.374260,DONE,51.4234127,-2.671415,0.003,0.0
2026-03-17 13:07:34.916585,DONE,51.4234127,-2.671415,0.003,0.0
2026-03-17 13:07:36.413674,DONE,51.4234127,-2.671415,0.003,0.0
2026-03-17 13:07:37.944049,DONE,51.4234127,-2.671415,0.003,0.0
2026-03-17 13:07:39.467490,DONE,51.4234127,-2.671415,0.003,0.0
2026-03-17 13:07:40.994133,DONE,51.4234127,-2.671415,0.003,0.0
2026-03-17 13:07:42.529397,DONE,51.4234127,-2.671415,0.003,0.0
2026-03-17 13:07:44.039482,DONE,51.4234127,-2.671415,0.003,0.0
2026-03-17 13:07:45.632742,DONE,51.4234127,-2.671415,0.003,0.0
2026-03-17 13:07:47.127156,DONE,51.4234127,-2.671415,0.003,0.0
2026-03-17 13:07:48.670727,DONE,51.4234127,-2.671415,0.003,0.0
2026-03-17 13:07:50.236715,DONE,51.4234127,-2.671415,0.003,0.0
2026-03-17 13:07:51.766109,DONE,51.4234127,-2.671415,0.003,0.0
2026-03-17 13:07:53.322635,DONE,51.4234127,-2.671415,0.003,0.0
2026-03-17 13:07:55.136253,DONE,51.4234127,-2.671415,0.003,0.0
2026-03-17 13:07:56.792033,DONE,51.4234127,-2.671415,0.003,0.0
2026-03-17 13:07:58.316499,DONE,51.4234127,-2.671415,0.003,0.0
2026-03-17 13:07:59.834488,DONE,51.4234127,-2.671415,0.003,0.0
2026-03-17 13:08:01.320957,DONE,51.4234127,-2.671415,0.003,0.0
2026-03-17 13:08:02.833211,DONE,51.4234127,-2.671415,0.003,0.0
2026-03-17 13:08:04.358662,DONE,51.4234127,-2.671415,0.003,0.0
2026-03-17 13:08:05.951552,DONE,51.4234127,-2.671415,0.003,0.0
2026-03-17 13:08:07.478793,DONE,51.4234127,-2.671415,0.003,0.0
2026-03-17 13:08:09.050118,DONE,51.4234127,-2.671415,0.003,0.0
2026-03-17 13:08:10.607143,DONE,51.4234127,-2.6714149,0.003,0.0
2026-03-17 13:08:12.173016,DONE,51.4234127,-2.6714148,0.002,0.0
2026-03-17 13:08:13.693785,DONE,51.4234127,-2.6714147,0.002,0.0
2026-03-17 13:08:15.302907,DONE,51.4234127,-2.6714147,0.003,0.0
2026-03-17 13:08:16.812235,DONE,51.4234127,-2.6714146,0.003,0.0
2026-03-17 13:08:18.344950,DONE,51.4234127,-2.6714146,0.003,0.0
2026-03-17 13:08:19.864440,DONE,51.4234127,-2.6714146,0.003,0.0
2026-03-17 13:08:21.366477,DONE,51.4234127,-2.6714146,0.003,0.0
2026-03-17 13:08:22.913465,DONE,51.4234127,-2.6714146,0.002,0.0
2026-03-17 13:08:24.437634,DONE,51.4234127,-2.6714146,0.003,0.0
2026-03-17 13:08:26.091827,DONE,51.4234127,-2.6714146,0.003,0.0
2026-03-17 13:08:27.620322,DONE,51.4234127,-2.6714146,0.003,0.0
2026-03-17 13:08:29.135730,DONE,51.4234127,-2.6714146,0.003,0.0
2026-03-17 13:08:30.722185,DONE,51.4234127,-2.6714146,0.003,0.0
2026-03-17 13:08:32.254205,DONE,51.4234127,-2.6714146,0.003,0.0
2026-03-17 13:08:33.766165,DONE,51.4234127,-2.6714146,0.003,0.0
2026-03-17 13:08:35.381772,DONE,51.4234127,-2.6714146,0.003,0.0
2026-03-17 13:08:36.897582,DONE,51.4234127,-2.6714146,0.003,0.0
2026-03-17 13:08:38.535616,DONE,51.4234127,-2.6714146,0.003,0.0
2026-03-17 13:08:40.309766,DONE,51.4234127,-2.6714146,0.003,0.0
2026-03-17 13:08:41.944617,DONE,51.4234127,-2.6714146,0.003,0.0
2026-03-17 13:08:42.969866,DONE,51.4234127,-2.6714146,0.003,0.0
2026-03-17 13:08:44.631554,DONE,51.4234127,-2.6714146,0.003,0.0
2026-03-17 13:08:46.378491,DONE,51.4234127,-2.6714146,0.003,0.0
2026-03-17 13:08:48.015218,DONE,51.4234127,-2.6714146,0.003,0.0
2026-03-17 13:08:49.649030,DONE,51.4234127,-2.6714146,0.003,0.0
2026-03-17 13:08:51.235776,DONE,51.4234127,-2.6714146,0.003,0.0
2026-03-17 13:08:52.857871,DONE,51.4234127,-2.6714146,0.003,0.0
2026-03-17 13:08:54.649594,DONE,51.4234127,-2.6714146,0.003,0.0
2026-03-17 13:08:56.458798,DONE,51.4234127,-2.6714146,0.003,0.0
2026-03-17 13:08:58.043399,DONE,51.4234127,-2.6714146,0.003,0.0
2026-03-17 13:08:59.844080,DONE,51.4234127,-2.6714146,0.003,0.0
2026-03-17 13:09:01.618067,DONE,51.4234127,-2.6714146,0.003,0.0
2026-03-17 13:09:03.474292,DONE,51.4234127,-2.6714146,0.003,0.0
2026-03-17 13:09:05.190317,DONE,51.4234127,-2.6714146,0.003,0.0
2026-03-17 13:09:06.755793,DONE,51.4234127,-2.6714146,0.003,0.0
2026-03-17 13:09:08.385209,DONE,51.4234127,-2.6714146,0.003,0.0
2026-03-17 13:09:10.068651,DONE,51.4234127,-2.6714146,0.003,0.0
2026-03-17 13:09:11.660708,DONE,51.4234127,-2.6714148,0.003,0.0
2026-03-17 13:09:13.297617,DONE,51.4234127,-2.6714149,0.003,0.0
2026-03-17 13:09:14.948279,DONE,51.4234127,-2.6714149,0.003,0.0
2026-03-17 13:09:16.844727,DONE,51.4234127,-2.671415,0.003,0.0
2026-03-17 13:09:17.922300,DONE,51.4234127,-2.671415,0.003,0.0
2026-03-17 13:09:19.912139,DONE,51.4234127,-2.671415,0.003,0.0
2026-03-17 13:09:21.842551,DONE,51.4234127,-2.671415,0.003,0.0
2026-03-17 13:09:22.967738,DONE,51.4234127,-2.671415,0.003,0.0
2026-03-17 13:09:24.025332,DONE,51.4234127,-2.671415,0.003,0.0
2026-03-17 13:09:25.727924,DONE,51.4234127,-2.671415,0.003,0.0
2026-03-17 13:09:27.338544,DONE,51.4234127,-2.671415,0.003,0.0
2026-03-17 13:09:29.087149,DONE,51.4234127,-2.671415,0.003,0.0
2026-03-17 13:09:30.785556,DONE,51.4234127,-2.671415,0.003,0.0
2026-03-17 13:09:32.390498,DONE,51.4234127,-2.671415,0.003,0.0
2026-03-17 13:09:34.006574,DONE,51.4234127,-2.671415,0.003,0.0
2026-03-17 13:09:35.640806,DONE,51.4234127,-2.671415,0.003,0.0
2026-03-17 13:09:37.379936,DONE,51.4234127,-2.671415,0.003,0.0
2026-03-17 13:09:39.008302,DONE,51.4234127,-2.671415,0.003,0.0
2026-03-17 13:09:40.601377,DONE,51.4234127,-2.671415,0.003,0.0
2026-03-17 13:09:42.168672,DONE,51.4234127,-2.671415,0.003,0.0
2026-03-17 13:09:43.857681,DONE,51.4234127,-2.671415,0.003,0.0
2026-03-17 13:09:45.434740,DONE,51.4234127,-2.671415,0.003,0.0
2026-03-17 13:09:47.056991,DONE,51.4234127,-2.671415,0.003,0.0
2026-03-17 13:09:48.595670,DONE,51.4234127,-2.671415,0.003,0.0
2026-03-17 13:09:50.206972,DONE,51.4234127,-2.671415,0.003,0.0
2026-03-17 13:09:51.770695,DONE,51.4234127,-2.671415,0.003,0.0
2026-03-17 13:09:53.455122,DONE,51.4234127,-2.671415,0.003,0.0
2026-03-17 13:09:54.470921,DONE,51.4234127,-2.671415,0.003,0.0
2026-03-17 13:09:56.481324,DONE,51.4234127,-2.671415,0.003,0.0
2026-03-17 13:09:58.133459,DONE,51.4234127,-2.671415,0.003,0.0
2026-03-17 13:09:59.794792,DONE,51.4234127,-2.671415,0.002,0.0
2026-03-17 13:10:01.594525,DONE,51.4234127,-2.671415,0.003,0.0
2026-03-17 13:10:03.212663,DONE,51.4234127,-2.671415,0.003,0.0
2026-03-17 13:10:04.912402,DONE,51.4234127,-2.671415,0.003,0.0
2026-03-17 13:10:06.506421,DONE,51.4234127,-2.671415,0.003,0.0
2026-03-17 13:10:08.053957,DONE,51.4234127,-2.671415,0.003,0.0
2026-03-17 13:10:09.691455,DONE,51.4234127,-2.671415,0.003,0.0
2026-03-17 13:10:11.255094,DONE,51.4234127,-2.6714148,0.003,0.0
2026-03-17 13:10:12.996376,DONE,51.4234127,-2.6714147,0.002,0.0
2026-03-17 13:10:14.976919,DONE,51.4234127,-2.6714147,0.002,0.0
2026-03-17 13:10:16.101959,DONE,51.4234127,-2.6714147,0.003,0.0
2026-03-17 13:10:17.760780,DONE,51.4234127,-2.6714146,0.002,0.0
2026-03-17 13:10:19.398022,DONE,51.4234127,-2.6714146,0.002,0.0
2026-03-17 13:10:20.998750,DONE,51.4234127,-2.6714146,0.003,0.0
2026-03-17 13:10:22.739266,DONE,51.4234127,-2.6714146,0.003,0.0
2026-03-17 13:10:24.822025,DONE,51.4234127,-2.6714146,0.003,0.0
2026-03-17 13:10:26.599985,DONE,51.4234127,-2.6714146,0.003,0.0
2026-03-17 13:10:28.181146,DONE,51.4234127,-2.6714146,0.003,0.0
2026-03-17 13:10:29.772741,DONE,51.4234127,-2.6714146,0.003,0.0
2026-03-17 13:10:31.493142,DONE,51.4234127,-2.6714146,0.003,0.0
2026-03-17 13:10:33.055444,DONE,51.4234127,-2.6714146,0.003,0.0
2026-03-17 13:10:34.643494,DONE,51.4234127,-2.6714146,0.003,0.0
2026-03-17 13:10:36.209097,DONE,51.4234127,-2.6714146,0.003,0.0
2026-03-17 13:10:37.766069,DONE,51.4234127,-2.6714146,0.003,0.0
2026-03-17 13:10:39.436910,DONE,51.4234127,-2.6714146,0.003,0.0
2026-03-17 13:10:41.279468,DONE,51.4234127,-2.6714146,0.003,0.0
2026-03-17 13:10:42.867733,DONE,51.4234127,-2.6714146,0.003,0.0
2026-03-17 13:10:44.450531,DONE,51.4234127,-2.6714146,0.003,0.0
2026-03-17 13:10:46.018190,DONE,51.4234127,-2.6714146,0.003,0.0
2026-03-17 13:10:47.574352,DONE,51.4234127,-2.6714146,0.003,0.0
2026-03-17 13:10:49.146808,DONE,51.4234127,-2.6714146,0.003,0.0
2026-03-17 13:10:50.736131,DONE,51.4234127,-2.6714146,0.002,0.0
2026-03-17 13:10:52.376949,DONE,51.4234127,-2.6714146,0.003,0.0
2026-03-17 13:10:54.546362,DONE,51.4234127,-2.6714146,0.003,0.0
2026-03-17 13:10:55.756166,DONE,51.4234127,-2.6714146,0.003,0.0
2026-03-17 13:10:56.989818,DONE,51.4234127,-2.6714146,0.002,0.0
2026-03-17 13:10:58.014297,DONE,51.4234127,-2.6714146,0.003,0.0
2026-03-17 13:11:00.060842,DONE,51.4234127,-2.6714146,0.003,0.0
2026-03-17 13:11:01.750574,DONE,51.4234127,-2.6714146,0.003,0.0
2026-03-17 13:11:03.353386,DONE,51.4234127,-2.6714146,0.003,0.0
2026-03-17 13:11:04.983528,DONE,51.4234127,-2.6714146,0.003,0.0
2026-03-17 13:11:06.536608,DONE,51.4234127,-2.6714146,0.002,0.0
2026-03-17 13:11:08.082446,DONE,51.4234127,-2.6714146,0.003,0.0
2026-03-17 13:11:09.750731,DONE,51.4234127,-2.6714146,0.003,0.0
2026-03-17 13:11:11.463865,DONE,51.4234127,-2.6714148,0.003,0.0
2026-03-17 13:11:13.026999,DONE,51.4234127,-2.6714149,0.003,0.0
2026-03-17 13:11:14.625454,DONE,51.4234127,-2.6714149,0.003,0.0
2026-03-17 13:11:16.288386,DONE,51.4234127,-2.671415,0.003,0.0
2026-03-17 13:11:17.814615,DONE,51.4234127,-2.671415,0.003,0.0
2026-03-17 13:11:19.355795,DONE,51.4234127,-2.671415,0.003,0.0
2026-03-17 13:11:20.913870,DONE,51.4234127,-2.671415,0.003,0.0
2026-03-17 13:11:22.424394,DONE,51.4234127,-2.671415,0.003,0.0
2026-03-17 13:11:23.975183,DONE,51.4234127,-2.671415,0.003,0.0
2026-03-17 13:11:25.541248,DONE,51.4234127,-2.671415,0.003,0.0
2026-03-17 13:11:27.080462,DONE,51.4234127,-2.671415,0.003,0.0
2026-03-17 13:11:28.640660,DONE,51.4234127,-2.671415,0.003,0.0
2026-03-17 13:11:30.172315,DONE,51.4234127,-2.671415,0.003,0.0
2026-03-17 13:11:31.681204,DONE,51.4234127,-2.671415,0.003,0.0
2026-03-17 13:11:33.262303,DONE,51.4234127,-2.671415,0.003,0.0
2026-03-17 13:11:34.855640,DONE,51.4234127,-2.671415,0.003,0.0
2026-03-17 13:11:36.388157,DONE,51.4234127,-2.671415,0.003,0.0
2026-03-17 13:11:37.892563,DONE,51.4234127,-2.671415,0.003,0.0
2026-03-17 13:11:39.454694,DONE,51.4234127,-2.671415,0.003,0.0
2026-03-17 13:11:41.155641,DONE,51.4234127,-2.671415,0.003,0.0
2026-03-17 13:11:42.715358,DONE,51.4234127,-2.671415,0.003,0.0
2026-03-17 13:11:44.326197,DONE,51.4234127,-2.671415,0.003,0.0
2026-03-17 13:11:45.829072,DONE,51.4234127,-2.671415,0.003,0.0
2026-03-17 13:11:47.371315,DONE,51.4234127,-2.671415,0.003,0.0
2026-03-17 13:11:48.887992,DONE,51.4234127,-2.671415,0.003,0.0
2026-03-17 13:11:50.434485,DONE,51.4234127,-2.671415,0.003,0.0
2026-03-17 13:11:51.987133,DONE,51.4234127,-2.671415,0.003,0.0
2026-03-17 13:11:53.547797,DONE,51.4234127,-2.671415,0.003,0.0
2026-03-17 13:11:55.378285,DONE,51.4234127,-2.671415,0.003,0.0
2026-03-17 13:11:57.011242,DONE,51.4234127,-2.671415,0.003,0.0
2026-03-17 13:11:58.527427,DONE,51.4234127,-2.671415,0.003,0.0
2026-03-17 13:12:00.055200,DONE,51.4234127,-2.671415,0.003,0.0
2026-03-17 13:12:01.591143,DONE,51.4234127,-2.671415,0.003,0.0
2026-03-17 13:12:03.115382,DONE,51.4234127,-2.671415,0.003,0.0
2026-03-17 13:12:04.703786,DONE,51.4234127,-2.671415,0.003,0.0
2026-03-17 13:12:06.266736,DONE,51.4234127,-2.671415,0.003,0.0
2026-03-17 13:12:07.784368,DONE,51.4234127,-2.671415,0.003,0.0
2026-03-17 13:12:09.271128,DONE,51.4234127,-2.671415,0.003,0.0
2026-03-17 13:12:10.810693,DONE,51.4234127,-2.6714149,0.003,0.0
2026-03-17 13:12:12.438181,DONE,51.4234127,-2.6714148,0.003,0.0
2026-03-17 13:12:13.959193,DONE,51.4234127,-2.6714147,0.003,0.0
2026-03-17 13:12:15.512504,DONE,51.4234127,-2.6714147,0.003,0.0
2026-03-17 13:12:17.039784,DONE,51.4234127,-2.6714146,0.003,0.0
2026-03-17 13:12:18.585149,DONE,51.4234127,-2.6714146,0.003,0.0
2026-03-17 13:12:20.127520,DONE,51.4234127,-2.6714146,0.003,0.0
2026-03-17 13:12:21.851747,DONE,51.4234127,-2.6714146,0.002,0.0
2026-03-17 13:12:23.396413,DONE,51.4234127,-2.6714146,0.003,0.0
2026-03-17 13:12:24.956456,DONE,51.4234127,-2.6714146,0.003,0.0
2026-03-17 13:12:26.480653,DONE,51.4234127,-2.6714146,0.003,0.0
2026-03-17 13:12:28.066145,DONE,51.4234127,-2.6714146,0.003,0.0
2026-03-17 13:12:29.768352,DONE,51.4234127,-2.6714146,0.003,0.0
2026-03-17 13:12:31.420778,DONE,51.4234127,-2.6714146,0.003,0.0
2026-03-17 13:12:33.307599,DONE,51.4234127,-2.6714146,0.003,0.0
2026-03-17 13:12:34.983378,DONE,51.4234127,-2.6714146,0.003,0.0
2026-03-17 13:12:36.589666,DONE,51.4234127,-2.6714146,0.003,0.0
2026-03-17 13:12:38.454422,DONE,51.4234127,-2.6714146,0.003,0.0
2026-03-17 13:12:39.550243,DONE,51.4234127,-2.6714146,0.003,0.0
2026-03-17 13:12:40.727314,DONE,51.4234127,-2.6714146,0.003,0.0
2026-03-17 13:12:42.717768,DONE,51.4234127,-2.6714146,0.003,0.0
2026-03-17 13:12:43.742812,DONE,51.4234127,-2.6714146,0.003,0.0
2026-03-17 13:12:44.821295,DONE,51.4234127,-2.6714146,0.003,0.0
2026-03-17 13:12:46.539688,DONE,51.4234127,-2.6714146,0.003,0.0
2026-03-17 13:12:48.253784,DONE,51.4234127,-2.6714146,0.003,0.0
2026-03-17 13:12:49.998262,DONE,51.4234127,-2.6714146,0.003,0.0
2026-03-17 13:12:51.603862,DONE,51.4234127,-2.6714146,0.003,0.0
2026-03-17 13:12:53.220825,DONE,51.4234127,-2.6714146,0.003,0.0
2026-03-17 13:12:55.082266,DONE,51.4234127,-2.6714146,0.003,0.0
2026-03-17 13:12:56.811121,DONE,51.4234127,-2.6714146,0.003,0.0
2026-03-17 13:12:58.359069,DONE,51.4234127,-2.6714146,0.003,0.0
2026-03-17 13:12:59.918275,DONE,51.4234127,-2.6714146,0.003,0.0
2026-03-17 13:13:01.615851,DONE,51.4234127,-2.6714146,0.003,0.0
2026-03-17 13:13:03.293633,DONE,51.4234127,-2.6714146,0.003,0.0
2026-03-17 13:13:05.068252,DONE,51.4234127,-2.6714146,0.003,0.0
2026-03-17 13:13:06.689896,DONE,51.4234127,-2.6714146,0.003,0.0
2026-03-17 13:13:08.261191,DONE,51.4234127,-2.6714146,0.003,0.0
2026-03-17 13:13:09.845829,DONE,51.4234127,-2.6714146,0.003,0.0
2026-03-17 13:13:11.434941,DONE,51.4234127,-2.6714148,0.003,0.0
2026-03-17 13:13:13.231768,DONE,51.4234127,-2.6714149,0.003,0.0
2026-03-17 13:13:14.272730,DONE,51.4234127,-2.6714149,0.003,0.0
2026-03-17 13:13:16.422173,DONE,51.4234127,-2.671415,0.003,0.0
2026-03-17 13:13:18.377461,DONE,51.4234127,-2.671415,0.003,0.0
2026-03-17 13:13:20.203780,DONE,51.4234127,-2.671415,0.003,0.0
2026-03-17 13:13:21.813922,DONE,51.4234127,-2.671415,0.003,0.0
2026-03-17 13:13:23.412552,DONE,51.4234127,-2.671415,0.003,0.0
2026-03-17 13:13:25.038296,DONE,51.4234127,-2.671415,0.003,0.0
2026-03-17 13:13:26.846522,DONE,51.4234127,-2.671415,0.003,0.0
2026-03-17 13:13:28.620898,DONE,51.4234127,-2.671415,0.003,0.0
2026-03-17 13:13:30.328925,DONE,51.4234127,-2.671415,0.003,0.0
2026-03-17 13:13:31.961195,DONE,51.4234127,-2.671415,0.003,0.0
2026-03-17 13:13:33.568252,DONE,51.4234127,-2.671415,0.003,0.0
2026-03-17 13:13:35.229693,DONE,51.4234127,-2.671415,0.003,0.0
2026-03-17 13:13:36.874957,DONE,51.4234127,-2.671415,0.003,0.0
2026-03-17 13:13:38.589077,DONE,51.4234127,-2.671415,0.003,0.0
2026-03-17 13:13:40.249894,DONE,51.4234127,-2.671415,0.003,0.0
2026-03-17 13:13:41.899094,DONE,51.4234127,-2.671415,0.003,0.0
2026-03-17 13:13:43.557276,DONE,51.4234127,-2.671415,0.003,0.0
2026-03-17 13:13:45.434119,DONE,51.4234127,-2.671415,0.003,0.0
2026-03-17 13:13:47.190772,DONE,51.4234127,-2.671415,0.003,0.0
2026-03-17 13:13:48.820360,DONE,51.4234127,-2.671415,0.002,0.0
2026-03-17 13:13:50.480987,DONE,51.4234127,-2.671415,0.003,0.0
2026-03-17 13:13:52.066557,DONE,51.4234127,-2.671415,0.003,0.0
2026-03-17 13:13:53.794584,DONE,51.4234127,-2.671415,0.003,0.0
2026-03-17 13:13:55.725817,DONE,51.4234127,-2.671415,0.003,0.0
2026-03-17 13:13:57.356215,DONE,51.4234127,-2.671415,0.003,0.0
2026-03-17 13:13:58.985438,DONE,51.4234127,-2.671415,0.003,0.0
2026-03-17 13:14:00.701137,DONE,51.4234127,-2.671415,0.003,0.0
2026-03-17 13:14:02.271695,DONE,51.4234127,-2.671415,0.003,0.0
2026-03-17 13:14:03.925549,DONE,51.4234127,-2.671415,0.003,0.0
2026-03-17 13:14:05.630201,DONE,51.4234127,-2.671415,0.003,0.0
2026-03-17 13:14:07.248983,DONE,51.4234127,-2.671415,0.002,0.0
2026-03-17 13:14:08.816745,DONE,51.4234127,-2.671415,0.003,0.0
2026-03-17 13:14:10.492234,DONE,51.4234127,-2.6714149,0.003,0.0
2026-03-17 13:14:12.070582,DONE,51.4234127,-2.6714148,0.003,0.0
2026-03-17 13:14:13.728948,DONE,51.4234127,-2.6714147,0.003,0.0
2026-03-17 13:14:15.657479,DONE,51.4234127,-2.6714147,0.003,0.0
2026-03-17 13:14:17.396151,DONE,51.4234127,-2.6714146,0.003,0.0
2026-03-17 13:14:19.004153,DONE,51.4234127,-2.6714146,0.003,0.0
2026-03-17 13:14:20.666074,DONE,51.4234127,-2.6714146,0.003,0.0
2026-03-17 13:14:22.272440,DONE,51.4234127,-2.6714146,0.003,0.0
2026-03-17 13:14:23.892965,DONE,51.4234127,-2.6714146,0.003,0.0
2026-03-17 13:14:25.550660,DONE,51.4234127,-2.6714146,0.003,0.0
2026-03-17 13:14:27.199381,DONE,51.4234127,-2.6714146,0.003,0.0
2026-03-17 13:14:28.875028,DONE,51.4234127,-2.6714146,0.003,0.0
2026-03-17 13:14:30.568179,DONE,51.4234127,-2.6714146,0.003,0.0
2026-03-17 13:14:32.199441,DONE,51.4234127,-2.6714146,0.003,0.0
2026-03-17 13:14:33.845374,DONE,51.4234127,-2.6714146,0.003,0.0
2026-03-17 13:14:35.514549,DONE,51.4234127,-2.6714146,0.003,0.0
2026-03-17 13:14:37.106461,DONE,51.4234127,-2.6714146,0.003,0.0
2026-03-17 13:14:38.714971,DONE,51.4234127,-2.6714146,0.003,0.0
2026-03-17 13:14:40.385954,DONE,51.4234127,-2.6714146,0.002,0.0
2026-03-17 13:14:41.995156,DONE,51.4234127,-2.6714146,0.003,0.0
2026-03-17 13:14:43.604195,DONE,51.4234127,-2.6714146,0.003,0.0
2026-03-17 13:14:45.361187,DONE,51.4234127,-2.6714146,0.003,0.0
2026-03-17 13:14:46.975292,DONE,51.4234127,-2.6714146,0.003,0.0
2026-03-17 13:14:48.604293,DONE,51.4234127,-2.6714146,0.003,0.0
2026-03-17 13:14:50.262732,DONE,51.4234127,-2.6714146,0.003,0.0
2026-03-17 13:14:51.888845,DONE,51.4234127,-2.6714146,0.003,0.0
2026-03-17 13:14:53.530662,DONE,51.4234127,-2.6714146,0.003,0.0
2026-03-17 13:14:55.419311,DONE,51.4234127,-2.6714146,0.003,0.0
2026-03-17 13:14:57.131685,DONE,51.4234127,-2.6714146,0.003,0.0
2026-03-17 13:14:58.946361,DONE,51.4234127,-2.6714146,0.003,0.0
2026-03-17 13:15:00.709059,DONE,51.4234127,-2.6714146,0.003,0.0
2026-03-17 13:15:02.357840,DONE,51.4234127,-2.6714146,0.003,0.0
2026-03-17 13:15:04.025331,DONE,51.4234127,-2.6714146,0.003,0.0
2026-03-17 13:15:05.753512,DONE,51.4234127,-2.6714146,0.002,0.0
2026-03-17 13:15:07.398409,DONE,51.4234127,-2.6714146,0.003,0.0
2026-03-17 13:15:09.031798,DONE,51.4234127,-2.6714146,0.003,0.0
2026-03-17 13:15:10.740964,DONE,51.4234127,-2.6714148,0.003,0.0
2026-03-17 13:15:12.408727,DONE,51.4234127,-2.6714149,0.003,0.0
2026-03-17 13:15:14.060107,DONE,51.4234127,-2.6714149,0.003,0.0
2026-03-17 13:15:15.785438,DONE,51.4234127,-2.6714149,0.003,0.0
2026-03-17 13:15:17.461358,DONE,51.4234127,-2.671415,0.003,0.0
2026-03-17 13:15:19.090066,DONE,51.4234127,-2.671415,0.003,0.0
2026-03-17 13:15:20.755184,DONE,51.4234127,-2.671415,0.003,0.0
2026-03-17 13:15:22.337184,DONE,51.4234127,-2.671415,0.003,0.0
2026-03-17 13:15:23.984511,DONE,51.4234127,-2.671415,0.003,0.0
2026-03-17 13:15:25.687334,DONE,51.4234127,-2.671415,0.003,0.0
2026-03-17 13:15:27.305338,DONE,51.4234127,-2.671415,0.003,0.0
2026-03-17 13:15:28.914932,DONE,51.4234127,-2.671415,0.003,0.0
2026-03-17 13:15:30.554063,DONE,51.4234127,-2.671415,0.003,0.0
2026-03-17 13:15:32.176680,DONE,51.4234127,-2.671415,0.003,0.0
2026-03-17 13:15:33.823711,DONE,51.4234127,-2.671415,0.003,0.0
2026-03-17 13:15:35.490874,DONE,51.4234127,-2.671415,0.003,0.0
2026-03-17 13:15:37.084571,DONE,51.4234127,-2.671415,0.003,0.0
2026-03-17 13:15:38.702216,DONE,51.4234127,-2.671415,0.003,0.0
2026-03-17 13:15:40.387079,DONE,51.4234127,-2.671415,0.003,0.0
2026-03-17 13:15:41.992003,DONE,51.4234127,-2.671415,0.003,0.0
2026-03-17 13:15:43.606687,DONE,51.4234127,-2.671415,0.003,0.0
2026-03-17 13:15:45.276284,DONE,51.4234127,-2.671415,0.003,0.0
2026-03-17 13:15:46.935839,DONE,51.4234127,-2.671415,0.003,0.0
2026-03-17 13:15:48.571022,DONE,51.4234127,-2.671415,0.003,0.0
2026-03-17 13:15:50.203804,DONE,51.4234127,-2.671415,0.003,0.0
2026-03-17 13:15:51.828392,DONE,51.4234127,-2.671415,0.003,0.0
2026-03-17 13:15:53.422311,DONE,51.4234127,-2.671415,0.003,0.0
2026-03-17 13:15:55.308440,DONE,51.4234127,-2.671415,0.002,0.0
2026-03-17 13:15:57.084081,DONE,51.4234127,-2.671415,0.003,0.0
2026-03-17 13:15:58.680193,DONE,51.4234127,-2.671415,0.003,0.0
2026-03-17 13:16:00.352769,DONE,51.4234127,-2.671415,0.003,0.0
2026-03-17 13:16:02.080119,DONE,51.4234127,-2.671415,0.003,0.0
2026-03-17 13:16:03.678691,DONE,51.4234127,-2.671415,0.003,0.0
2026-03-17 13:16:05.378472,DONE,51.4234127,-2.671415,0.003,0.0
2026-03-17 13:16:07.024796,DONE,51.4234127,-2.671415,0.003,0.0
2026-03-17 13:16:08.680759,DONE,51.4234127,-2.671415,0.003,0.0
2026-03-17 13:16:10.339857,DONE,51.4234127,-2.6714149,0.003,0.0
2026-03-17 13:16:11.978910,DONE,51.4234127,-2.6714148,0.003,0.0
2026-03-17 13:16:13.592455,DONE,51.4234127,-2.6714147,0.002,0.0
2026-03-17 13:16:14.616342,DONE,51.4234127,-2.6714147,0.003,0.0
2026-03-17 13:16:16.269338,DONE,51.4234127,-2.6714146,0.003,0.0
2026-03-17 13:16:17.916039,DONE,51.4234127,-2.6714146,0.003,0.0
2026-03-17 13:16:19.571908,DONE,51.4234127,-2.6714146,0.003,0.0
2026-03-17 13:16:21.191113,DONE,51.4234127,-2.6714146,0.003,0.0
2026-03-17 13:16:22.783097,DONE,51.4234127,-2.6714146,0.003,0.0
2026-03-17 13:16:24.500156,DONE,51.4234127,-2.6714146,0.003,0.0
2026-03-17 13:16:26.166991,DONE,51.4234127,-2.6714146,0.003,0.0
2026-03-17 13:16:27.818536,DONE,51.4234127,-2.6714146,0.003,0.0
2026-03-17 13:16:29.479023,DONE,51.4234127,-2.6714146,0.003,0.0
2026-03-17 13:16:31.092463,DONE,51.4234127,-2.6714146,0.002,0.0
2026-03-17 13:16:32.711267,DONE,51.4234127,-2.6714146,0.003,0.0
2026-03-17 13:16:33.727878,DONE,51.4234127,-2.6714146,0.003,0.0
2026-03-17 13:16:34.901115,DONE,51.4234127,-2.6714146,0.003,0.0
2026-03-17 13:16:36.048600,DONE,51.4234127,-2.6714146,0.003,0.0
2026-03-17 13:16:37.268457,DONE,51.4234127,-2.6714146,0.003,0.0
2026-03-17 13:16:38.376264,DONE,51.4234127,-2.6714146,0.003,0.0
2026-03-17 13:16:39.405971,DONE,51.4234127,-2.6714146,0.003,0.0
2026-03-17 13:16:40.481803,DONE,51.4234127,-2.6714146,0.003,0.0
2026-03-17 13:16:41.502776,DONE,51.4234127,-2.6714146,0.003,0.0
2026-03-17 13:16:43.442786,DONE,51.4234127,-2.6714146,0.003,0.0
2026-03-17 13:16:45.414483,DONE,51.4234127,-2.6714146,0.002,0.0
2026-03-17 13:16:47.292853,DONE,51.4234127,-2.6714146,0.003,0.0
2026-03-17 13:16:49.259159,DONE,51.4234127,-2.6714146,0.002,0.0
2026-03-17 13:16:51.213675,DONE,51.4234127,-2.6714146,0.003,0.0
2026-03-17 13:16:52.927101,DONE,51.4234127,-2.6714146,0.003,0.0
2026-03-17 13:16:54.829858,DONE,51.4234127,-2.6714146,0.003,0.0
2026-03-17 13:16:56.674829,DONE,51.4234127,-2.6714146,0.003,0.0
2026-03-17 13:16:58.329180,DONE,51.4234127,-2.6714146,0.002,0.0
2026-03-17 13:17:00.069522,DONE,51.4234127,-2.6714146,0.003,0.0
2026-03-17 13:17:01.754200,DONE,51.4234127,-2.6714146,0.003,0.0
2026-03-17 13:17:03.426831,DONE,51.4234127,-2.6714146,0.003,0.0
2026-03-17 13:17:05.156344,DONE,51.4234127,-2.6714146,0.003,0.0
2026-03-17 13:17:06.788757,DONE,51.4234127,-2.6714146,0.003,0.0
2026-03-17 13:17:08.438463,DONE,51.4234127,-2.6714146,0.003,0.0
2026-03-17 13:17:10.104626,DONE,51.4234127,-2.6714147,0.003,0.0
2026-03-17 13:17:11.727595,DONE,51.4234127,-2.6714148,0.003,0.0
2026-03-17 13:17:13.408605,DONE,51.4234127,-2.6714149,0.003,0.0
2026-03-17 13:17:15.171511,DONE,51.4234127,-2.6714149,0.003,0.0
2026-03-17 13:17:16.986685,DONE,51.4234127,-2.671415,0.003,0.0
2026-03-17 13:17:18.762034,DONE,51.4234127,-2.671415,0.003,0.0
2026-03-17 13:17:20.590341,DONE,51.4234127,-2.671415,0.003,0.0
2026-03-17 13:17:22.236857,DONE,51.4234127,-2.671415,0.003,0.0
2026-03-17 13:17:23.883830,DONE,51.4234127,-2.671415,0.003,0.0
2026-03-17 13:17:25.544921,DONE,51.4234127,-2.671415,0.003,0.0
2026-03-17 13:17:27.194396,DONE,51.4234127,-2.671415,0.003,0.0
2026-03-17 13:17:28.836472,DONE,51.4234127,-2.671415,0.003,0.0
2026-03-17 13:17:30.576364,DONE,51.4234127,-2.671415,0.003,0.0
2026-03-17 13:17:32.388322,DONE,51.4234127,-2.671415,0.003,0.0
2026-03-17 13:17:34.042697,DONE,51.4234127,-2.671415,0.003,0.0
2026-03-17 13:17:35.718191,DONE,51.4234127,-2.671415,0.003,0.0
2026-03-17 13:17:37.348582,DONE,51.4234127,-2.671415,0.003,0.0
2026-03-17 13:17:38.936901,DONE,51.4234127,-2.671415,0.003,0.0
2026-03-17 13:17:40.625356,DONE,51.4234127,-2.671415,0.003,0.0
2026-03-17 13:17:42.280825,DONE,51.4234127,-2.671415,0.003,0.0
2026-03-17 13:17:43.854521,DONE,51.4234127,-2.671415,0.003,0.0
2026-03-17 13:17:45.573016,DONE,51.4234127,-2.671415,0.003,0.0
2026-03-17 13:17:47.235696,DONE,51.4234127,-2.671415,0.003,0.0
2026-03-17 13:17:48.859583,DONE,51.4234127,-2.671415,0.003,0.0
2026-03-17 13:17:50.517500,DONE,51.4234127,-2.671415,0.003,0.0
2026-03-17 13:17:52.125904,DONE,51.4234127,-2.671415,0.003,0.0
2026-03-17 13:17:53.864919,DONE,51.4234127,-2.671415,0.003,0.0
2026-03-17 13:17:55.799284,DONE,51.4234127,-2.671415,0.003,0.0
2026-03-17 13:17:57.494494,DONE,51.4234127,-2.671415,0.003,0.0
2026-03-17 13:17:59.138804,DONE,51.4234127,-2.671415,0.003,0.0
2026-03-17 13:18:00.812811,DONE,51.4234127,-2.671415,0.003,0.0
2026-03-17 13:18:02.524672,DONE,51.4234127,-2.671415,0.003,0.0
2026-03-17 13:18:04.150675,DONE,51.4234127,-2.671415,0.003,0.0
2026-03-17 13:18:05.889779,DONE,51.4234127,-2.671415,0.003,0.0
2026-03-17 13:18:07.574599,DONE,51.4234127,-2.671415,0.003,0.0
2026-03-17 13:18:09.194047,DONE,51.4234127,-2.671415,0.003,0.0
2026-03-17 13:18:10.863224,DONE,51.4234127,-2.6714148,0.002,0.0
2026-03-17 13:18:12.517147,DONE,51.4234127,-2.6714147,0.003,0.0
2026-03-17 13:18:14.116394,DONE,51.4234127,-2.6714147,0.003,0.0
2026-03-17 13:18:15.751222,DONE,51.4234127,-2.6714146,0.003,0.0
2026-03-17 13:18:17.404591,DONE,51.4234127,-2.6714146,0.003,0.0
2026-03-17 13:18:19.085516,DONE,51.4234127,-2.6714146,0.003,0.0
2026-03-17 13:18:20.750803,DONE,51.4234127,-2.6714146,0.003,0.0
2026-03-17 13:18:22.382045,DONE,51.4234127,-2.6714146,0.003,0.0
2026-03-17 13:18:24.062276,DONE,51.4234127,-2.6714146,0.003,0.0
2026-03-17 13:18:25.822233,DONE,51.4234127,-2.6714146,0.003,0.0
2026-03-17 13:18:27.549169,DONE,51.4234127,-2.6714146,0.002,0.0
2026-03-17 13:18:29.225274,DONE,51.4234127,-2.6714146,0.003,0.0
2026-03-17 13:18:30.846067,DONE,51.4234127,-2.6714146,0.003,0.0
2026-03-17 13:18:32.474866,DONE,51.4234127,-2.6714146,0.003,0.0
2026-03-17 13:18:34.081242,DONE,51.4234127,-2.6714146,0.002,0.0
2026-03-17 13:18:35.720599,DONE,51.4234127,-2.6714146,0.003,0.0
2026-03-17 13:18:37.333084,DONE,51.4234127,-2.6714146,0.003,0.0
2026-03-17 13:18:38.980243,DONE,51.4234127,-2.6714146,0.002,0.0
2026-03-17 13:18:40.668870,DONE,51.4234127,-2.6714146,0.003,0.0
2026-03-17 13:18:42.278984,DONE,51.4234127,-2.6714146,0.003,0.0
2026-03-17 13:18:43.959518,DONE,51.4234127,-2.6714146,0.003,0.0
2026-03-17 13:18:45.847180,DONE,51.4234127,-2.6714146,0.003,0.0
2026-03-17 13:18:47.700106,DONE,51.4234127,-2.6714146,0.003,0.0
2026-03-17 13:18:49.473145,DONE,51.4234127,-2.6714146,0.003,0.0
2026-03-17 13:18:51.223881,DONE,51.4234127,-2.6714146,0.003,0.0
2026-03-17 13:18:52.868367,DONE,51.4234127,-2.6714146,0.003,0.0
2026-03-17 13:18:54.748895,DONE,51.4234127,-2.6714146,0.003,0.0
2026-03-17 13:18:56.575804,DONE,51.4234127,-2.6714146,0.003,0.0
2026-03-17 13:18:58.275313,DONE,51.4234127,-2.6714146,0.003,0.0
2026-03-17 13:19:00.037640,DONE,51.4234127,-2.6714146,0.003,0.0
2026-03-17 13:19:01.726584,DONE,51.4234127,-2.6714146,0.003,0.0
2026-03-17 13:19:03.396951,DONE,51.4234127,-2.6714146,0.002,0.0
2026-03-17 13:19:05.122907,DONE,51.4234127,-2.6714146,0.003,0.0
2026-03-17 13:19:06.777791,DONE,51.4234127,-2.6714146,0.003,0.0
2026-03-17 13:19:08.371725,DONE,51.4234127,-2.6714146,0.003,0.0
2026-03-17 13:19:09.398867,DONE,51.4234127,-2.6714146,0.003,0.0
2026-03-17 13:19:10.400861,DONE,51.4234127,-2.6714147,0.003,0.0
2026-03-17 13:19:12.257643,DONE,51.4234127,-2.6714149,0.003,0.0
2026-03-17 13:19:14.031154,DONE,51.4234127,-2.6714149,0.003,0.0
2026-03-17 13:19:15.905349,DONE,51.4234127,-2.671415,0.003,0.0
2026-03-17 13:19:17.693165,DONE,51.4234127,-2.671415,0.003,0.0
2026-03-17 13:19:19.447376,DONE,51.4234127,-2.671415,0.003,0.0
2026-03-17 13:19:21.153600,DONE,51.4234127,-2.671415,0.003,0.0
2026-03-17 13:19:22.809105,DONE,51.4234127,-2.671415,0.003,0.0
2026-03-17 13:19:24.455876,DONE,51.4234127,-2.671415,0.003,0.0
2026-03-17 13:19:26.155447,DONE,51.4234127,-2.671415,0.003,0.0
2026-03-17 13:19:27.840555,DONE,51.4234127,-2.671415,0.003,0.0
2026-03-17 13:19:29.507940,DONE,51.4234127,-2.671415,0.003,0.0
2026-03-17 13:19:31.178405,DONE,51.4234127,-2.671415,0.003,0.0
2026-03-17 13:19:32.199901,DONE,51.4234127,-2.671415,0.003,0.0
2026-03-17 13:19:34.011225,DONE,51.4234127,-2.671415,0.003,0.0
2026-03-17 13:19:35.864191,DONE,51.4234127,-2.671415,0.003,0.0
2026-03-17 13:19:37.611526,DONE,51.4234127,-2.671415,0.003,0.0
2026-03-17 13:19:39.302298,DONE,51.4234127,-2.671415,0.003,0.0
2026-03-17 13:19:40.309715,DONE,51.4234127,-2.671415,0.003,0.0
2026-03-17 13:19:42.081835,DONE,51.4234127,-2.671415,0.003,0.0
2026-03-17 13:19:43.731556,DONE,51.4234127,-2.671415,0.003,0.0
2026-03-17 13:19:45.473101,DONE,51.4234127,-2.671415,0.003,0.0
2026-03-17 13:19:47.130925,DONE,51.4234127,-2.671415,0.003,0.0
2026-03-17 13:19:48.756762,DONE,51.4234127,-2.671415,0.003,0.0
2026-03-17 13:19:50.383628,DONE,51.4234127,-2.671415,0.003,0.0
2026-03-17 13:19:51.990081,DONE,51.4234127,-2.671415,0.003,0.0
2026-03-17 13:19:53.978722,DONE,51.4234127,-2.671415,0.003,0.0
2026-03-17 13:19:55.077682,DONE,51.4234127,-2.671415,0.004,0.0
2026-03-17 13:19:56.148999,DONE,51.4234127,-2.671415,0.003,0.0
2026-03-17 13:19:58.082946,DONE,51.4234127,-2.671415,0.003,0.0
2026-03-17 13:19:59.979065,DONE,51.4234127,-2.671415,0.003,0.0
2026-03-17 13:20:01.837579,DONE,51.4234127,-2.671415,0.003,0.0
2026-03-17 13:20:03.773821,DONE,51.4234127,-2.671415,0.002,0.0
2026-03-17 13:20:04.846024,DONE,51.4234127,-2.671415,0.003,0.0
2026-03-17 13:20:06.730102,DONE,51.4234127,-2.671415,0.003,0.0
2026-03-17 13:20:08.629858,DONE,51.4234127,-2.671415,0.003,0.0
2026-03-17 13:20:10.567171,DONE,51.4234127,-2.6714148,0.002,0.0
2026-03-17 13:20:12.517810,DONE,51.4234127,-2.6714147,0.003,0.0
2026-03-17 13:20:14.502851,DONE,51.4234127,-2.6714147,0.002,0.0
2026-03-17 13:20:16.236751,DONE,51.4234127,-2.6714146,0.003,0.0
2026-03-17 13:20:17.851429,DONE,51.4234127,-2.6714146,0.003,0.0
2026-03-17 13:20:19.565458,DONE,51.4234127,-2.6714146,0.003,0.0
2026-03-17 13:20:21.183807,DONE,51.4234127,-2.6714146,0.003,0.0
2026-03-17 13:20:22.750403,DONE,51.4234127,-2.6714146,0.002,0.0
2026-03-17 13:20:24.632910,DONE,51.4234127,-2.6714146,0.003,0.0
2026-03-17 13:20:26.223410,DONE,51.4234127,-2.6714146,0.003,0.0
2026-03-17 13:20:27.836203,DONE,51.4234127,-2.6714146,0.003,0.0
2026-03-17 13:20:29.519065,DONE,51.4234127,-2.6714146,0.003,0.0
2026-03-17 13:20:31.188884,DONE,51.4234127,-2.6714146,0.003,0.0
2026-03-17 13:20:32.803372,DONE,51.4234127,-2.6714146,0.003,0.0
2026-03-17 13:20:34.452403,DONE,51.4234127,-2.6714146,0.003,0.0
2026-03-17 13:20:36.067171,DONE,51.4234127,-2.6714146,0.003,0.0
2026-03-17 13:20:37.674763,DONE,51.4234127,-2.6714146,0.002,0.0
2026-03-17 13:20:39.326034,DONE,51.4234127,-2.6714146,0.003,0.0
2026-03-17 13:20:41.008492,DONE,51.4234127,-2.6714146,0.003,0.0
2026-03-17 13:20:42.685832,DONE,51.4234127,-2.6714146,0.002,0.0
2026-03-17 13:20:44.433745,DONE,51.4234127,-2.6714146,0.003,0.0
2026-03-17 13:20:46.222625,DONE,51.4234127,-2.6714146,0.003,0.0
2026-03-17 13:20:47.875615,DONE,51.4234127,-2.6714146,0.003,0.0
2026-03-17 13:20:49.539497,DONE,51.4234127,-2.6714146,0.003,0.0
2026-03-17 13:20:51.155209,DONE,51.4234127,-2.6714146,0.003,0.0
2026-03-17 13:20:52.796731,DONE,51.4234127,-2.6714146,0.003,0.0
2026-03-17 13:20:54.594878,DONE,51.4234127,-2.6714146,0.003,0.0
2026-03-17 13:20:56.355531,DONE,51.4234127,-2.6714146,0.003,0.0
2026-03-17 13:20:58.023087,DONE,51.4234127,-2.6714146,0.003,0.0
2026-03-17 13:20:59.696348,DONE,51.4234127,-2.6714146,0.003,0.0
2026-03-17 13:21:01.336300,DONE,51.4234127,-2.6714146,0.003,0.0
2026-03-17 13:21:02.923653,DONE,51.4234127,-2.6714146,0.003,0.0
2026-03-17 13:21:04.489519,DONE,51.4234127,-2.6714146,0.003,0.0
2026-03-17 13:21:06.283522,DONE,51.4234127,-2.6714146,0.003,0.0
2026-03-17 13:21:07.890957,DONE,51.4234127,-2.6714146,0.003,0.0
2026-03-17 13:21:09.469584,DONE,51.4234127,-2.6714147,0.003,0.0
2026-03-17 13:21:11.014790,DONE,51.4234127,-2.6714148,0.003,0.0
2026-03-17 13:21:12.613095,DONE,51.4234127,-2.6714149,0.003,0.0
2026-03-17 13:21:14.203643,DONE,51.4234127,-2.6714149,0.003,0.0
2026-03-17 13:21:15.832457,DONE,51.4234127,-2.671415,0.003,0.0
2026-03-17 13:21:17.466859,DONE,51.4234127,-2.671415,0.003,0.0
2026-03-17 13:21:19.035679,DONE,51.4234127,-2.671415,0.003,0.0
2026-03-17 13:21:20.677233,DONE,51.4234127,-2.671415,0.003,0.0
2026-03-17 13:21:22.226125,DONE,51.4234127,-2.671415,0.003,0.0
2026-03-17 13:21:23.750801,DONE,51.4234127,-2.671415,0.003,0.0
2026-03-17 13:21:25.342059,DONE,51.4234127,-2.671415,0.003,0.0
2026-03-17 13:21:26.864793,DONE,51.4234127,-2.671415,0.003,0.0
2026-03-17 13:21:28.370300,DONE,51.4234127,-2.671415,0.003,0.0
2026-03-17 13:21:29.968156,DONE,51.4234127,-2.671415,0.003,0.0
2026-03-17 13:21:31.548675,DONE,51.4234127,-2.671415,0.003,0.0
2026-03-17 13:21:33.122287,DONE,51.4234127,-2.671415,0.003,0.0
2026-03-17 13:21:34.781222,DONE,51.4234127,-2.671415,0.003,0.0
2026-03-17 13:21:36.342326,DONE,51.4234127,-2.671415,0.003,0.0
2026-03-17 13:21:37.873761,DONE,51.4234127,-2.671415,0.003,0.0
2026-03-17 13:21:39.453177,DONE,51.4234127,-2.671415,0.003,0.0
2026-03-17 13:21:41.027847,DONE,51.4234127,-2.671415,0.003,0.0
2026-03-17 13:21:42.629448,DONE,51.4234127,-2.671415,0.003,0.0
2026-03-17 13:21:44.176114,DONE,51.4234127,-2.671415,0.003,0.0
2026-03-17 13:21:45.779089,DONE,51.4234127,-2.671415,0.003,0.0
2026-03-17 13:21:47.357225,DONE,51.4234127,-2.671415,0.003,0.0
2026-03-17 13:21:48.903417,DONE,51.4234127,-2.671415,0.003,0.0
2026-03-17 13:21:50.479510,DONE,51.4234127,-2.671415,0.003,0.0
2026-03-17 13:21:52.252778,DONE,51.4234127,-2.671415,0.003,0.0
2026-03-17 13:21:54.058253,DONE,51.4234127,-2.671415,0.003,0.0
2026-03-17 13:21:55.915322,DONE,51.4234127,-2.671415,0.003,0.0
2026-03-17 13:21:57.627861,DONE,51.4234127,-2.671415,0.003,0.0
2026-03-17 13:21:59.312106,DONE,51.4234127,-2.671415,0.003,0.0
2026-03-17 13:22:00.983861,DONE,51.4234127,-2.671415,0.003,0.0
2026-03-17 13:22:02.792926,DONE,51.4234127,-2.671415,0.003,0.0
2026-03-17 13:22:04.516622,DONE,51.4234127,-2.671415,0.003,0.0
2026-03-17 13:22:06.282983,DONE,51.4234127,-2.671415,0.003,0.0
2026-03-17 13:22:08.163409,DONE,51.4234127,-2.671415,0.003,0.0
2026-03-17 13:22:09.866573,DONE,51.4234127,-2.6714149,0.003,0.0
2026-03-17 13:22:11.628735,DONE,51.4234127,-2.6714147,0.003,0.0
2026-03-17 13:22:13.327238,DONE,51.4234127,-2.6714147,0.002,0.0
2026-03-17 13:22:14.368660,DONE,51.4234127,-2.6714147,0.003,0.0
2026-03-17 13:22:16.085882,DONE,51.4234127,-2.6714146,0.003,0.0
2026-03-17 13:22:17.852163,DONE,51.4234127,-2.6714146,0.002,0.0
2026-03-17 13:22:19.561299,DONE,51.4234127,-2.6714146,0.003,0.0
2026-03-17 13:22:21.174507,DONE,51.4234127,-2.6714146,0.003,0.0
2026-03-17 13:22:22.742762,DONE,51.4234127,-2.6714146,0.003,0.0
2026-03-17 13:22:24.437666,DONE,51.4234127,-2.6714146,0.003,0.0
2026-03-17 13:22:26.139715,DONE,51.4234127,-2.6714146,0.003,0.0
2026-03-17 13:22:27.902334,DONE,51.4234127,-2.6714146,0.003,0.0
2026-03-17 13:22:29.607884,DONE,51.4234127,-2.6714146,0.003,0.0
2026-03-17 13:22:31.194354,DONE,51.4234127,-2.6714146,0.003,0.0
2026-03-17 13:22:32.884794,DONE,51.4234127,-2.6714146,0.003,0.0
2026-03-17 13:22:34.568675,DONE,51.4234127,-2.6714146,0.003,0.0
2026-03-17 13:22:36.148350,DONE,51.4234127,-2.6714146,0.003,0.0
2026-03-17 13:22:37.788244,DONE,51.4234127,-2.6714146,0.003,0.0
2026-03-17 13:22:39.433262,DONE,51.4234127,-2.6714146,0.003,0.0
2026-03-17 13:22:41.104662,DONE,51.4234127,-2.6714146,0.003,0.0
2026-03-17 13:22:42.707388,DONE,51.4234127,-2.6714146,0.003,0.0
2026-03-17 13:22:44.476445,DONE,51.4234127,-2.6714146,0.002,0.0
2026-03-17 13:22:46.136205,DONE,51.4234127,-2.6714146,0.002,0.0
2026-03-17 13:22:47.968751,DONE,51.4234127,-2.6714146,0.003,0.0
2026-03-17 13:22:49.608304,DONE,51.4234127,-2.6714146,0.003,0.0
2026-03-17 13:22:51.160557,DONE,51.4234127,-2.6714146,0.003,0.0
2026-03-17 13:22:52.695572,DONE,51.4234127,-2.6714146,0.003,0.0
2026-03-17 13:22:54.406742,DONE,51.4234127,-2.6714146,0.003,0.0
2026-03-17 13:22:56.226566,DONE,51.4234127,-2.6714146,0.003,0.0
2026-03-17 13:22:57.780946,DONE,51.4234127,-2.6714146,0.003,0.0
2026-03-17 13:22:59.362423,DONE,51.4234127,-2.6714146,0.002,0.0
2026-03-17 13:23:00.907046,DONE,51.4234127,-2.6714146,0.003,0.0
2026-03-17 13:23:02.443842,DONE,51.4234127,-2.6714146,0.003,0.0
2026-03-17 13:23:04.031328,DONE,51.4234127,-2.6714146,0.003,0.0
2026-03-17 13:23:05.641893,DONE,51.4234127,-2.6714146,0.003,0.0
2026-03-17 13:23:07.176038,DONE,51.4234127,-2.6714146,0.003,0.0
2026-03-17 13:23:08.743775,DONE,51.4234127,-2.6714146,0.003,0.0
2026-03-17 13:23:10.286845,DONE,51.4234127,-2.6714148,0.003,0.0
2026-03-17 13:23:11.817328,DONE,51.4234127,-2.6714149,0.003,0.0
2026-03-17 13:23:13.375200,DONE,51.4234127,-2.6714149,0.003,0.0
2026-03-17 13:23:14.924318,DONE,51.4234127,-2.6714149,0.003,0.0
2026-03-17 13:23:16.485117,DONE,51.4234127,-2.671415,0.003,0.0
2026-03-17 13:23:18.024530,DONE,51.4234127,-2.671415,0.003,0.0
2026-03-17 13:23:19.600245,DONE,51.4234127,-2.671415,0.003,0.0
2026-03-17 13:23:21.146687,DONE,51.4234127,-2.671415,0.003,0.0
2026-03-17 13:23:22.692013,DONE,51.4234127,-2.671415,0.003,0.0
2026-03-17 13:23:24.246953,DONE,51.4234127,-2.671415,0.003,0.0
2026-03-17 13:23:25.881301,DONE,51.4234127,-2.671415,0.002,0.0
2026-03-17 13:23:27.469230,DONE,51.4234127,-2.671415,0.003,0.0
2026-03-17 13:23:29.104070,DONE,51.4234127,-2.671415,0.003,0.0
2026-03-17 13:23:30.669301,DONE,51.4234127,-2.671415,0.003,0.0
2026-03-17 13:23:32.241261,DONE,51.4234127,-2.671415,0.003,0.0
2026-03-17 13:23:33.823338,DONE,51.4234127,-2.671415,0.003,0.0
2026-03-17 13:23:35.405803,DONE,51.4234127,-2.671415,0.003,0.0
2026-03-17 13:23:36.948041,DONE,51.4234127,-2.671415,0.003,0.0
2026-03-17 13:23:38.506041,DONE,51.4234127,-2.671415,0.003,0.0
2026-03-17 13:23:40.048106,DONE,51.4234127,-2.671415,0.003,0.0
2026-03-17 13:23:41.600724,DONE,51.4234127,-2.671415,0.003,0.0
2026-03-17 13:23:43.097331,DONE,51.4234127,-2.671415,0.003,0.0
2026-03-17 13:23:44.692453,DONE,51.4234127,-2.671415,0.003,0.0
2026-03-17 13:23:46.392809,DONE,51.4234127,-2.671415,0.003,0.0
2026-03-17 13:23:47.984810,DONE,51.4234127,-2.671415,0.002,0.0
2026-03-17 13:23:49.533611,DONE,51.4234127,-2.671415,0.003,0.0
2026-03-17 13:23:51.072437,DONE,51.4234127,-2.671415,0.003,0.0
2026-03-17 13:23:52.593277,DONE,51.4234127,-2.671415,0.003,0.0
2026-03-17 13:23:54.273368,DONE,51.4234127,-2.671415,0.003,0.0
2026-03-17 13:23:56.086030,DONE,51.4234127,-2.671415,0.003,0.0
2026-03-17 13:23:57.642936,DONE,51.4234127,-2.671415,0.003,0.0
2026-03-17 13:23:59.195273,DONE,51.4234127,-2.671415,0.003,0.0
2026-03-17 13:24:00.835821,DONE,51.4234127,-2.671415,0.003,0.0
2026-03-17 13:24:02.413283,DONE,51.4234127,-2.671415,0.003,0.0
2026-03-17 13:24:03.972605,DONE,51.4234127,-2.671415,0.003,0.0
2026-03-17 13:24:05.574453,DONE,51.4234127,-2.671415,0.003,0.0
2026-03-17 13:24:07.122149,DONE,51.4234127,-2.671415,0.003,0.0
2026-03-17 13:24:08.699842,DONE,51.4234127,-2.6714149,0.003,0.0
2026-03-17 13:24:10.287070,DONE,51.4234127,-2.6714148,0.003,0.0
2026-03-17 13:24:11.895733,DONE,51.4234127,-2.6714147,0.003,0.0
2026-03-17 13:24:13.492190,DONE,51.4234127,-2.6714147,0.003,0.0
2026-03-17 13:24:15.059345,DONE,51.4234127,-2.6714146,0.003,0.0
2026-03-17 13:24:16.798966,DONE,51.4234127,-2.6714146,0.003,0.0
2026-03-17 13:24:18.342566,DONE,51.4234127,-2.6714146,0.003,0.0
2026-03-17 13:24:19.894517,DONE,51.4234127,-2.6714146,0.002,0.0
2026-03-17 13:24:21.405396,DONE,51.4234127,-2.6714146,0.003,0.0
2026-03-17 13:24:22.939793,DONE,51.4234127,-2.6714146,0.003,0.0
2026-03-17 13:24:24.471121,DONE,51.4234127,-2.6714146,0.003,0.0
2026-03-17 13:24:26.006915,DONE,51.4234127,-2.6714146,0.003,0.0
2026-03-17 13:24:27.547691,DONE,51.4234127,-2.6714146,0.003,0.0
2026-03-17 13:24:29.073862,DONE,51.4234127,-2.6714146,0.003,0.0
2026-03-17 13:24:30.610910,DONE,51.4234127,-2.6714146,0.003,0.0
2026-03-17 13:24:32.111300,DONE,51.4234127,-2.6714146,0.003,0.0
2026-03-17 13:24:33.657901,DONE,51.4234127,-2.6714146,0.002,0.0
2026-03-17 13:24:35.206603,DONE,51.4234127,-2.6714146,0.002,0.0
2026-03-17 13:24:36.728109,DONE,51.4234127,-2.6714146,0.003,0.0
2026-03-17 13:24:38.250811,DONE,51.4234127,-2.6714146,0.003,0.0
2026-03-17 13:24:39.809485,DONE,51.4234127,-2.6714146,0.003,0.0
2026-03-17 13:24:41.338201,DONE,51.4234127,-2.6714146,0.003,0.0
2026-03-17 13:24:42.863412,DONE,51.4234127,-2.6714146,0.003,0.0
2026-03-17 13:24:44.423482,DONE,51.4234127,-2.6714146,0.003,0.0
2026-03-17 13:24:45.941389,DONE,51.4234127,-2.6714146,0.003,0.0
2026-03-17 13:24:47.544245,DONE,51.4234127,-2.6714146,0.003,0.0
2026-03-17 13:24:49.164777,DONE,51.4234127,-2.6714146,0.003,0.0
2026-03-17 13:24:50.893819,DONE,51.4234127,-2.6714146,0.003,0.0
2026-03-17 13:24:52.551121,DONE,51.4234127,-2.6714146,0.003,0.0
2026-03-17 13:24:54.288999,DONE,51.4234127,-2.6714146,0.003,0.0
2026-03-17 13:24:56.114423,DONE,51.4234127,-2.6714146,0.003,0.0
2026-03-17 13:24:57.658503,DONE,51.4234127,-2.6714146,0.002,0.0
2026-03-17 13:24:59.236715,DONE,51.4234127,-2.6714146,0.003,0.0
2026-03-17 13:25:00.854220,DONE,51.4234127,-2.6714146,0.003,0.0
2026-03-17 13:25:02.421823,DONE,51.4234127,-2.6714146,0.003,0.0
2026-03-17 13:25:04.024510,DONE,51.4234127,-2.6714146,0.002,0.0
2026-03-17 13:25:05.690851,DONE,51.4234127,-2.6714146,0.003,0.0
2026-03-17 13:25:07.315585,DONE,51.4234127,-2.6714146,0.003,0.0
2026-03-17 13:25:08.887849,DONE,51.4234127,-2.6714147,0.003,0.0
2026-03-17 13:25:10.474962,DONE,51.4234127,-2.6714148,0.003,0.0
2026-03-17 13:25:12.050434,DONE,51.4234127,-2.6714149,0.003,0.0
2026-03-17 13:25:13.603607,DONE,51.4234127,-2.6714149,0.003,0.0
2026-03-17 13:25:15.191001,DONE,51.4234127,-2.671415,0.003,0.0
2026-03-17 13:25:16.727939,DONE,51.4234127,-2.671415,0.003,0.0
2026-03-17 13:25:18.267292,DONE,51.4234127,-2.671415,0.003,0.0
2026-03-17 13:25:19.868917,DONE,51.4234127,-2.671415,0.003,0.0
2026-03-17 13:25:21.461896,DONE,51.4234127,-2.671415,0.003,0.0
2026-03-17 13:25:23.030404,DONE,51.4234127,-2.671415,0.003,0.0
2026-03-17 13:25:24.627402,DONE,51.4234127,-2.671415,0.003,0.0
2026-03-17 13:25:26.196209,DONE,51.4234127,-2.671415,0.003,0.0
2026-03-17 13:25:27.734239,DONE,51.4234127,-2.671415,0.003,0.0
2026-03-17 13:25:29.331893,DONE,51.4234127,-2.671415,0.003,0.0
2026-03-17 13:25:30.859025,DONE,51.4234127,-2.671415,0.003,0.0
2026-03-17 13:25:32.460183,DONE,51.4234127,-2.671415,0.003,0.0
2026-03-17 13:25:34.082205,DONE,51.4234127,-2.671415,0.003,0.0
2026-03-17 13:25:35.695692,DONE,51.4234127,-2.671415,0.003,0.0
2026-03-17 13:25:37.214518,DONE,51.4234127,-2.671415,0.003,0.0
2026-03-17 13:25:38.735154,DONE,51.4234127,-2.671415,0.002,0.0
2026-03-17 13:25:40.355980,DONE,51.4234127,-2.671415,0.003,0.0
2026-03-17 13:25:41.921244,DONE,51.4234127,-2.671415,0.003,0.0
2026-03-17 13:25:43.477182,DONE,51.4234127,-2.671415,0.003,0.0
2026-03-17 13:25:45.048345,DONE,51.4234127,-2.671415,0.003,0.0
2026-03-17 13:25:46.627504,DONE,51.4234127,-2.671415,0.003,0.0
2026-03-17 13:25:48.159106,DONE,51.4234127,-2.671415,0.003,0.0
2026-03-17 13:25:49.686073,DONE,51.4234127,-2.671415,0.003,0.0
2026-03-17 13:25:51.285157,DONE,51.4234127,-2.671415,0.003,0.0
2026-03-17 13:25:52.881060,DONE,51.4234127,-2.671415,0.003,0.0
2026-03-17 13:25:54.673696,DONE,51.4234127,-2.671415,0.003,0.0
2026-03-17 13:25:56.499987,DONE,51.4234127,-2.671415,0.003,0.0
2026-03-17 13:25:58.119320,DONE,51.4234127,-2.671415,0.003,0.0
2026-03-17 13:25:59.777466,DONE,51.4234127,-2.671415,0.003,0.0
2026-03-17 13:26:01.397938,DONE,51.4234127,-2.671415,0.003,0.0
2026-03-17 13:26:03.067998,DONE,51.4234127,-2.671415,0.003,0.0
2026-03-17 13:26:04.756312,DONE,51.4234127,-2.671415,0.003,0.0
2026-03-17 13:26:06.377483,DONE,51.4234127,-2.671415,0.003,0.0
2026-03-17 13:26:07.971064,DONE,51.4234127,-2.671415,0.003,0.0
2026-03-17 13:26:09.564430,DONE,51.4234127,-2.6714148,0.002,0.0
2026-03-17 13:26:11.084053,DONE,51.4234127,-2.6714147,0.003,0.0
2026-03-17 13:26:12.674004,DONE,51.4234127,-2.6714147,0.003,0.0
2026-03-17 13:26:14.261507,DONE,51.4234127,-2.6714147,0.003,0.0
2026-03-17 13:26:15.911400,DONE,51.4234127,-2.6714146,0.003,0.0
2026-03-17 13:26:17.478922,DONE,51.4234127,-2.6714146,0.003,0.0
2026-03-17 13:26:19.060119,DONE,51.4234127,-2.6714146,0.002,0.0
2026-03-17 13:26:20.619378,DONE,51.4234127,-2.6714146,0.003,0.0
2026-03-17 13:26:22.191671,DONE,51.4234127,-2.6714146,0.003,0.0
2026-03-17 13:26:23.726135,DONE,51.4234127,-2.6714146,0.003,0.0
2026-03-17 13:26:25.300889,DONE,51.4234127,-2.6714146,0.003,0.0
2026-03-17 13:26:26.901698,DONE,51.4234127,-2.6714146,0.003,0.0
2026-03-17 13:26:28.444921,DONE,51.4234127,-2.6714146,0.003,0.0
2026-03-17 13:26:30.024576,DONE,51.4234127,-2.6714146,0.003,0.0
2026-03-17 13:26:31.553761,DONE,51.4234127,-2.6714146,0.003,0.0
2026-03-17 13:26:33.078115,DONE,51.4234127,-2.6714146,0.003,0.0
2026-03-17 13:26:34.705296,DONE,51.4234127,-2.6714146,0.003,0.0
2026-03-17 13:26:36.278221,DONE,51.4234127,-2.6714146,0.003,0.0
2026-03-17 13:26:37.844893,DONE,51.4234127,-2.6714146,0.003,0.0
2026-03-17 13:26:39.422403,DONE,51.4234127,-2.6714146,0.003,0.0
2026-03-17 13:26:40.962292,DONE,51.4234127,-2.6714146,0.003,0.0
2026-03-17 13:26:42.620919,DONE,51.4234127,-2.6714146,0.003,0.0
2026-03-17 13:26:44.260736,DONE,51.4234127,-2.6714146,0.003,0.0
2026-03-17 13:26:45.893135,DONE,51.4234127,-2.6714146,0.002,0.0
2026-03-17 13:26:47.557235,DONE,51.4234127,-2.6714146,0.003,0.0
2026-03-17 13:26:49.192946,DONE,51.4234127,-2.6714146,0.003,0.0
2026-03-17 13:26:50.831349,DONE,51.4234127,-2.6714146,0.003,0.0
2026-03-17 13:26:52.448209,DONE,51.4234127,-2.6714146,0.003,0.0
2026-03-17 13:26:54.127397,DONE,51.4234127,-2.6714146,0.003,0.0
2026-03-17 13:26:55.950848,DONE,51.4234127,-2.6714146,0.003,0.0
2026-03-17 13:26:57.613642,DONE,51.4234127,-2.6714146,0.003,0.0
2026-03-17 13:26:59.225893,DONE,51.4234127,-2.6714146,0.003,0.0
2026-03-17 13:27:00.786146,DONE,51.4234127,-2.6714146,0.003,0.0
2026-03-17 13:27:02.358653,DONE,51.4234127,-2.6714146,0.003,0.0
2026-03-17 13:27:03.948565,DONE,51.4234127,-2.6714146,0.003,0.0
2026-03-17 13:27:05.662741,DONE,51.4234127,-2.6714146,0.003,0.0
2026-03-17 13:27:07.281516,DONE,51.4234127,-2.6714146,0.003,0.0
2026-03-17 13:27:08.879662,DONE,51.4234127,-2.6714147,0.003,0.0
2026-03-17 13:27:10.570409,DONE,51.4234127,-2.6714148,0.003,0.0
2026-03-17 13:27:12.132994,DONE,51.4234127,-2.6714149,0.003,0.0
2026-03-17 13:27:13.669247,DONE,51.4234127,-2.6714149,0.003,0.0
2026-03-17 13:27:15.260589,DONE,51.4234127,-2.671415,0.003,0.0
2026-03-17 13:27:16.902644,DONE,51.4234127,-2.671415,0.003,0.0
2026-03-17 13:27:18.591827,DONE,51.4234127,-2.671415,0.003,0.0
2026-03-17 13:27:20.115083,DONE,51.4234127,-2.671415,0.003,0.0
2026-03-17 13:27:21.696596,DONE,51.4234127,-2.671415,0.003,0.0
2026-03-17 13:27:23.596050,DONE,51.4234127,-2.671415,0.003,0.0
2026-03-17 13:27:25.428493,DONE,51.4234127,-2.671415,0.003,0.0
2026-03-17 13:27:27.227869,DONE,51.4234127,-2.671415,0.003,0.0
2026-03-17 13:27:29.016230,DONE,51.4234127,-2.671415,0.003,0.0
2026-03-17 13:27:30.886030,DONE,51.4234127,-2.671415,0.003,0.0
2026-03-17 13:27:31.886606,DONE,51.4234127,-2.671415,0.003,0.0
2026-03-17 13:27:33.756526,DONE,51.4234127,-2.671415,0.003,0.0
2026-03-17 13:27:35.662588,DONE,51.4234127,-2.671415,0.003,0.0
2026-03-17 13:27:37.555999,DONE,51.4234127,-2.671415,0.003,0.0
2026-03-17 13:27:39.521467,DONE,51.4234127,-2.671415,0.003,0.0
2026-03-17 13:27:41.343956,DONE,51.4234127,-2.671415,0.003,0.0
2026-03-17 13:27:43.110907,DONE,51.4234127,-2.671415,0.003,0.0
2026-03-17 13:27:44.734050,DONE,51.4234127,-2.671415,0.003,0.0
2026-03-17 13:27:46.296409,DONE,51.4234127,-2.671415,0.003,0.0
2026-03-17 13:27:47.870933,DONE,51.4234127,-2.671415,0.002,0.0
2026-03-17 13:27:49.696223,DONE,51.4234127,-2.671415,0.003,0.0
2026-03-17 13:27:51.515623,DONE,51.4234127,-2.671415,0.003,0.0
2026-03-17 13:27:53.413593,DONE,51.4234127,-2.671415,0.003,0.0
2026-03-17 13:27:54.483762,DONE,51.4234127,-2.671415,0.003,0.0
2026-03-17 13:27:55.565142,DONE,51.4234127,-2.671415,0.003,0.0
2026-03-17 13:27:56.604213,DONE,51.4234127,-2.671415,0.003,0.0
2026-03-17 13:27:58.497451,DONE,51.4234127,-2.671415,0.003,0.0
2026-03-17 13:28:00.379145,DONE,51.4234127,-2.671415,0.003,0.0
2026-03-17 13:28:02.290460,DONE,51.4234127,-2.671415,0.003,0.0
2026-03-17 13:28:04.122271,DONE,51.4234127,-2.671415,0.003,0.0
2026-03-17 13:28:05.162499,DONE,51.4234127,-2.671415,0.003,0.0
2026-03-17 13:28:06.966667,DONE,51.4234127,-2.671415,0.003,0.0
2026-03-17 13:28:08.645016,DONE,51.4234127,-2.6714149,0.002,0.0
2026-03-17 13:28:10.425981,DONE,51.4234127,-2.6714148,0.002,0.0
2026-03-17 13:28:12.328836,DONE,51.4234127,-2.6714147,0.003,0.0
2026-03-17 13:28:14.261926,DONE,51.4234127,-2.6714147,0.003,0.0
2026-03-17 13:28:16.038363,DONE,51.4234127,-2.6714146,0.003,0.0
2026-03-17 13:28:17.891065,DONE,51.4234127,-2.6714146,0.003,0.0
2026-03-17 13:28:19.773372,DONE,51.4234127,-2.6714146,0.003,0.0
2026-03-17 13:28:21.619038,DONE,51.4234127,-2.6714146,0.003,0.0
2026-03-17 13:28:23.460118,DONE,51.4234127,-2.6714146,0.003,0.0
2026-03-17 13:28:24.485827,DONE,51.4234127,-2.6714146,0.003,0.0
2026-03-17 13:28:25.541979,DONE,51.4234127,-2.6714146,0.003,0.0
2026-03-17 13:28:26.785816,DONE,51.4234127,-2.6714146,0.003,0.0
2026-03-17 13:28:28.085608,DONE,51.4234127,-2.6714146,0.003,0.0
2026-03-17 13:28:29.292014,DONE,51.4234127,-2.6714146,0.002,0.0
2026-03-17 13:28:30.340300,DONE,51.4234127,-2.6714146,0.003,0.0
2026-03-17 13:28:32.213653,DONE,51.4234127,-2.6714146,0.002,0.0
2026-03-17 13:28:33.898490,DONE,51.4234127,-2.6714146,0.003,0.0
2026-03-17 13:28:35.558585,DONE,51.4234127,-2.6714146,0.003,0.0
2026-03-17 13:28:37.150703,DONE,51.4234127,-2.6714146,0.003,0.0
2026-03-17 13:28:38.819913,DONE,51.4234127,-2.6714146,0.003,0.0
2026-03-17 13:28:40.505117,DONE,51.4234127,-2.6714146,0.003,0.0
2026-03-17 13:28:42.106065,DONE,51.4234127,-2.6714146,0.003,0.0
2026-03-17 13:28:43.943352,DONE,51.4234127,-2.6714146,0.003,0.0
2026-03-17 13:28:45.837003,DONE,51.4234127,-2.6714146,0.003,0.0
2026-03-17 13:28:46.839450,DONE,51.4234127,-2.6714146,0.002,0.0
2026-03-17 13:28:47.903241,DONE,51.4234127,-2.6714146,0.002,0.0
2026-03-17 13:28:48.929508,DONE,51.4234127,-2.6714146,0.003,0.0
2026-03-17 13:28:50.806157,DONE,51.4234127,-2.6714146,0.003,0.0
2026-03-17 13:28:52.678244,DONE,51.4234127,-2.6714146,0.003,0.0
2026-03-17 13:28:54.741601,DONE,51.4234127,-2.6714146,0.002,0.0
2026-03-17 13:28:55.874710,DONE,51.4234127,-2.6714146,0.003,0.0
2026-03-17 13:28:56.924974,DONE,51.4234127,-2.6714146,0.003,0.0
2026-03-17 13:28:58.790961,DONE,51.4234127,-2.6714146,0.003,0.0
2026-03-17 13:29:00.739590,DONE,51.4234127,-2.6714146,0.003,0.0
2026-03-17 13:29:02.474236,DONE,51.4234127,-2.6714146,0.003,0.0
2026-03-17 13:29:04.162067,DONE,51.4234127,-2.6714146,0.003,0.0
2026-03-17 13:29:05.839843,DONE,51.4234127,-2.6714146,0.002,0.0
2026-03-17 13:29:07.482652,DONE,51.4234127,-2.6714146,0.003,0.0
2026-03-17 13:29:09.109255,DONE,51.4234127,-2.6714147,0.003,0.0
2026-03-17 13:29:10.713671,DONE,51.4234127,-2.6714148,0.003,0.0
2026-03-17 13:29:12.345389,DONE,51.4234127,-2.6714149,0.003,0.0
2026-03-17 13:29:13.972432,DONE,51.4234127,-2.6714149,0.003,0.0
2026-03-17 13:29:15.849297,DONE,51.4234127,-2.671415,0.003,0.0
2026-03-17 13:29:17.630681,DONE,51.4234127,-2.671415,0.002,0.0
2026-03-17 13:29:19.216227,DONE,51.4234127,-2.671415,0.003,0.0
2026-03-17 13:29:20.820868,DONE,51.4234127,-2.671415,0.003,0.0
2026-03-17 13:29:22.356953,DONE,51.4234127,-2.671415,0.003,0.0
2026-03-17 13:29:23.925891,DONE,51.4234127,-2.671415,0.003,0.0
2026-03-17 13:29:25.521836,DONE,51.4234127,-2.671415,0.003,0.0
2026-03-17 13:29:27.074701,DONE,51.4234127,-2.671415,0.003,0.0
2026-03-17 13:29:28.658058,DONE,51.4234127,-2.671415,0.003,0.0
2026-03-17 13:29:30.223179,DONE,51.4234127,-2.671415,0.003,0.0
2026-03-17 13:29:31.833308,DONE,51.4234127,-2.671415,0.003,0.0
2026-03-17 13:29:33.376511,DONE,51.4234127,-2.671415,0.003,0.0
2026-03-17 13:29:34.987306,DONE,51.4234127,-2.671415,0.003,0.0
2026-03-17 13:29:36.523238,DONE,51.4234127,-2.671415,0.003,0.0
2026-03-17 13:29:38.068099,DONE,51.4234127,-2.671415,0.003,0.0
2026-03-17 13:29:39.805487,DONE,51.4234127,-2.671415,0.003,0.0
2026-03-17 13:29:41.611319,DONE,51.4234127,-2.671415,0.003,0.0
2026-03-17 13:29:43.231316,DONE,51.4234127,-2.671415,0.003,0.0
2026-03-17 13:29:44.852394,DONE,51.4234127,-2.671415,0.003,0.0
2026-03-17 13:29:46.454109,DONE,51.4234127,-2.671415,0.003,0.0
2026-03-17 13:29:48.057432,DONE,51.4234127,-2.671415,0.003,0.0
2026-03-17 13:29:49.728083,DONE,51.4234127,-2.671415,0.003,0.0
2026-03-17 13:29:51.315116,DONE,51.4234127,-2.671415,0.003,0.0
2026-03-17 13:29:52.912044,DONE,51.4234127,-2.671415,0.003,0.0
2026-03-17 13:29:54.715094,DONE,51.4234127,-2.671415,0.003,0.0
2026-03-17 13:29:56.552531,DONE,51.4234127,-2.671415,0.003,0.0
2026-03-17 13:29:58.156023,DONE,51.4234127,-2.671415,0.003,0.0
2026-03-17 13:29:59.879729,DONE,51.4234127,-2.671415,0.003,0.0
2026-03-17 13:30:01.669593,DONE,51.4234127,-2.671415,0.003,0.0
2026-03-17 13:30:03.318292,DONE,51.4234127,-2.671415,0.003,0.0
2026-03-17 13:30:05.071958,DONE,51.4234127,-2.671415,0.003,0.0
2026-03-17 13:30:06.795266,DONE,51.4234127,-2.671415,0.003,0.0
2026-03-17 13:30:08.424650,DONE,51.4234127,-2.6714149,0.003,0.0
2026-03-17 13:30:10.139055,DONE,51.4234127,-2.6714148,0.002,0.0
2026-03-17 13:30:11.765329,DONE,51.4234127,-2.6714147,0.002,0.0
2026-03-17 13:30:13.307413,DONE,51.4234127,-2.6714147,0.003,0.0
2026-03-17 13:30:14.888029,DONE,51.4234127,-2.6714146,0.003,0.0
2026-03-17 13:30:16.421126,DONE,51.4234127,-2.6714146,0.003,0.0
2026-03-17 13:30:17.998299,DONE,51.4234127,-2.6714146,0.003,0.0
2026-03-17 13:30:19.610184,DONE,51.4234127,-2.6714146,0.003,0.0
2026-03-17 13:30:21.227681,DONE,51.4234127,-2.6714146,0.003,0.0
2026-03-17 13:30:22.797432,DONE,51.4234127,-2.6714146,0.003,0.0
2026-03-17 13:30:24.750576,DONE,51.4234127,-2.6714146,0.002,0.0
2026-03-17 13:30:26.420758,DONE,51.4234127,-2.6714146,0.003,0.0
2026-03-17 13:30:27.970142,DONE,51.4234127,-2.6714146,0.003,0.0
2026-03-17 13:30:29.582609,DONE,51.4234127,-2.6714146,0.003,0.0
2026-03-17 13:30:31.277260,DONE,51.4234127,-2.6714146,0.003,0.0
2026-03-17 13:30:32.903649,DONE,51.4234127,-2.6714146,0.003,0.0
2026-03-17 13:30:34.519029,DONE,51.4234127,-2.6714146,0.003,0.0
2026-03-17 13:30:36.551818,DONE,51.4234127,-2.6714146,0.003,0.0
2026-03-17 13:30:37.565237,DONE,51.4234127,-2.6714146,0.003,0.0
2026-03-17 13:30:38.615929,DONE,51.4234127,-2.6714146,0.003,0.0
2026-03-17 13:30:40.352199,DONE,51.4234127,-2.6714146,0.003,0.0
2026-03-17 13:30:42.061733,DONE,51.4234127,-2.6714146,0.002,0.0
2026-03-17 13:30:43.755389,DONE,51.4234127,-2.6714146,0.003,0.0
2026-03-17 13:30:45.551753,DONE,51.4234127,-2.6714146,0.003,0.0
2026-03-17 13:30:47.168753,DONE,51.4234127,-2.6714146,0.003,0.0
2026-03-17 13:30:48.777484,DONE,51.4234127,-2.6714146,0.003,0.0
2026-03-17 13:30:50.367914,DONE,51.4234127,-2.6714146,0.003,0.0
2026-03-17 13:30:51.965230,DONE,51.4234127,-2.6714146,0.003,0.0
2026-03-17 13:30:53.640134,DONE,51.4234127,-2.6714146,0.003,0.0
2026-03-17 13:30:55.587419,DONE,51.4234127,-2.6714146,0.003,0.0
2026-03-17 13:30:57.277380,DONE,51.4234127,-2.6714146,0.003,0.0
2026-03-17 13:30:58.856143,DONE,51.4234127,-2.6714146,0.003,0.0
2026-03-17 13:31:00.581346,DONE,51.4234127,-2.6714146,0.003,0.0
2026-03-17 13:31:02.199859,DONE,51.4234127,-2.6714146,0.003,0.0
2026-03-17 13:31:03.751199,DONE,51.4234127,-2.6714146,0.002,0.0
2026-03-17 13:31:05.378664,DONE,51.4234127,-2.6714146,0.003,0.0
2026-03-17 13:31:06.934562,DONE,51.4234127,-2.6714146,0.003,0.0
2026-03-17 13:31:08.491574,DONE,51.4234127,-2.6714147,0.003,0.0
2026-03-17 13:31:10.080214,DONE,51.4234127,-2.6714148,0.003,0.0
2026-03-17 13:31:11.696217,DONE,51.4234127,-2.6714149,0.003,0.0
2026-03-17 13:31:13.271044,DONE,51.4234127,-2.6714149,0.003,0.0
2026-03-17 13:31:14.886033,DONE,51.4234127,-2.671415,0.003,0.0
2026-03-17 13:31:16.480316,DONE,51.4234127,-2.671415,0.003,0.0
2026-03-17 13:31:18.049897,DONE,51.4234127,-2.671415,0.003,0.0
2026-03-17 13:31:19.616627,DONE,51.4234127,-2.671415,0.004,0.0
2026-03-17 13:31:21.163542,DONE,51.4234127,-2.671415,0.003,0.0
2026-03-17 13:31:22.682738,DONE,51.4234127,-2.671415,0.002,0.0
2026-03-17 13:31:24.219622,DONE,51.4234127,-2.671415,0.003,0.0
2026-03-17 13:31:25.790742,DONE,51.4234127,-2.671415,0.003,0.0
2026-03-17 13:31:27.330745,DONE,51.4234127,-2.671415,0.003,0.0
2026-03-17 13:31:28.844715,DONE,51.4234127,-2.671415,0.003,0.0
2026-03-17 13:31:30.379661,DONE,51.4234127,-2.671415,0.003,0.0
2026-03-17 13:31:31.942702,DONE,51.4234127,-2.671415,0.003,0.0
2026-03-17 13:31:33.477779,DONE,51.4234127,-2.671415,0.003,0.0
2026-03-17 13:31:35.034722,DONE,51.4234127,-2.671415,0.003,0.0
2026-03-17 13:31:36.675570,DONE,51.4234127,-2.671415,0.003,0.0
2026-03-17 13:31:38.208462,DONE,51.4234127,-2.671415,0.003,0.0
2026-03-17 13:31:39.869886,DONE,51.4234127,-2.671415,0.003,0.0
2026-03-17 13:31:41.467787,DONE,51.4234127,-2.671415,0.003,0.0
2026-03-17 13:31:43.013711,DONE,51.4234127,-2.671415,0.003,0.0
2026-03-17 13:31:44.595429,DONE,51.4234127,-2.671415,0.003,0.0
2026-03-17 13:31:46.130761,DONE,51.4234127,-2.671415,0.003,0.0
2026-03-17 13:31:47.707172,DONE,51.4234127,-2.671415,0.003,0.0
2026-03-17 13:31:49.298087,DONE,51.4234127,-2.671415,0.003,0.0
2026-03-17 13:31:50.829087,DONE,51.4234127,-2.671415,0.003,0.0
2026-03-17 13:31:52.363702,DONE,51.4234127,-2.671415,0.003,0.0
2026-03-17 13:31:54.031111,DONE,51.4234127,-2.671415,0.003,0.0
2026-03-17 13:31:55.841524,DONE,51.4234127,-2.671415,0.003,0.0
2026-03-17 13:31:57.421678,DONE,51.4234127,-2.671415,0.003,0.0
2026-03-17 13:31:58.969390,DONE,51.4234127,-2.671415,0.003,0.0
2026-03-17 13:32:00.483552,DONE,51.4234127,-2.671415,0.003,0.0
2026-03-17 13:32:02.050986,DONE,51.4234127,-2.671415,0.003,0.0
2026-03-17 13:32:03.565639,DONE,51.4234127,-2.671415,0.003,0.0
2026-03-17 13:32:05.169966,DONE,51.4234127,-2.671415,0.003,0.0
2026-03-17 13:32:06.754671,DONE,51.4234127,-2.671415,0.003,0.0
2026-03-17 13:32:08.274284,DONE,51.4234127,-2.6714149,0.002,0.0
2026-03-17 13:32:09.823020,DONE,51.4234127,-2.6714148,0.003,0.0
2026-03-17 13:32:11.410662,DONE,51.4234127,-2.6714147,0.003,0.0
2026-03-17 13:32:12.969935,DONE,51.4234127,-2.6714147,0.002,0.0
2026-03-17 13:32:14.519151,DONE,51.4234127,-2.6714146,0.002,0.0
2026-03-17 13:32:16.030873,DONE,51.4234127,-2.6714146,0.003,0.0
2026-03-17 13:32:17.541763,DONE,51.4234127,-2.6714146,0.003,0.0
2026-03-17 13:32:19.079837,DONE,51.4234127,-2.6714146,0.002,0.0
2026-03-17 13:32:20.633731,DONE,51.4234127,-2.6714146,0.002,0.0
2026-03-17 13:32:22.188064,DONE,51.4234127,-2.6714146,0.003,0.0
2026-03-17 13:32:23.722660,DONE,51.4234127,-2.6714146,0.003,0.0
2026-03-17 13:32:25.287680,DONE,51.4234127,-2.6714146,0.003,0.0
2026-03-17 13:32:26.851453,DONE,51.4234127,-2.6714146,0.003,0.0
2026-03-17 13:32:28.396513,DONE,51.4234127,-2.6714146,0.003,0.0
2026-03-17 13:32:29.956953,DONE,51.4234127,-2.6714146,0.002,0.0
2026-03-17 13:32:31.464455,DONE,51.4234127,-2.6714146,0.003,0.0
2026-03-17 13:32:33.034516,DONE,51.4234127,-2.6714146,0.003,0.0
2026-03-17 13:32:34.589309,DONE,51.4234127,-2.6714146,0.003,0.0
2026-03-17 13:32:36.130598,DONE,51.4234127,-2.6714146,0.003,0.0
2026-03-17 13:32:37.662947,DONE,51.4234127,-2.6714146,0.003,0.0
2026-03-17 13:32:39.181001,DONE,51.4234127,-2.6714146,0.003,0.0
2026-03-17 13:32:40.740099,DONE,51.4234127,-2.6714146,0.003,0.0
2026-03-17 13:32:42.293431,DONE,51.4234127,-2.6714146,0.003,0.0
2026-03-17 13:32:43.823386,DONE,51.4234127,-2.6714146,0.002,0.0
2026-03-17 13:32:45.409523,DONE,51.4234127,-2.6714146,0.003,0.0
2026-03-17 13:32:46.945855,DONE,51.4234127,-2.6714146,0.003,0.0
2026-03-17 13:32:48.501604,DONE,51.4234127,-2.6714146,0.003,0.0
2026-03-17 13:32:50.086311,DONE,51.4234127,-2.6714146,0.003,0.0
2026-03-17 13:32:51.623833,DONE,51.4234127,-2.6714146,0.003,0.0
2026-03-17 13:32:53.236855,DONE,51.4234127,-2.6714146,0.003,0.0
2026-03-17 13:32:55.088184,DONE,51.4234127,-2.6714146,0.003,0.0
2026-03-17 13:32:56.773105,DONE,51.4234127,-2.6714146,0.003,0.0
2026-03-17 13:32:58.291885,DONE,51.4234127,-2.6714146,0.003,0.0
2026-03-17 13:32:59.848727,DONE,51.4234127,-2.6714146,0.003,0.0
2026-03-17 13:33:01.477235,DONE,51.4234127,-2.6714146,0.003,0.0
2026-03-17 13:33:03.014261,DONE,51.4234127,-2.6714146,0.003,0.0
2026-03-17 13:33:04.585241,DONE,51.4234127,-2.6714146,0.003,0.0
2026-03-17 13:33:06.207859,DONE,51.4234127,-2.6714146,0.003,0.0
2026-03-17 13:33:07.782684,DONE,51.4234127,-2.6714147,0.003,0.0
2026-03-17 13:33:09.450590,DONE,51.4234127,-2.6714148,0.003,0.0
2026-03-17 13:33:11.061584,DONE,51.4234127,-2.6714149,0.003,0.0
2026-03-17 13:33:12.631834,DONE,51.4234127,-2.6714149,0.003,0.0
2026-03-17 13:33:14.222587,DONE,51.4234127,-2.6714149,0.003,0.0
2026-03-17 13:33:15.816959,DONE,51.4234127,-2.671415,0.003,0.0
2026-03-17 13:33:17.430809,DONE,51.4234127,-2.671415,0.003,0.0
2026-03-17 13:33:18.989906,DONE,51.4234127,-2.671415,0.003,0.0
2026-03-17 13:33:20.584930,DONE,51.4234127,-2.671415,0.003,0.0
2026-03-17 13:33:22.088733,DONE,51.4234127,-2.671415,0.003,0.0
2026-03-17 13:33:23.643333,DONE,51.4234127,-2.671415,0.003,0.0
2026-03-17 13:33:25.238891,DONE,51.4234127,-2.671415,0.003,0.0
2026-03-17 13:33:26.884227,DONE,51.4234127,-2.671415,0.003,0.0
2026-03-17 13:33:28.503250,DONE,51.4234127,-2.671415,0.003,0.0
2026-03-17 13:33:30.211007,DONE,51.4234127,-2.671415,0.003,0.0
2026-03-17 13:33:31.715362,DONE,51.4234127,-2.671415,0.003,0.0
2026-03-17 13:33:33.292238,DONE,51.4234127,-2.671415,0.003,0.0
2026-03-17 13:33:34.923803,DONE,51.4234127,-2.671415,0.002,0.0
2026-03-17 13:33:36.491221,DONE,51.4234127,-2.671415,0.003,0.0
2026-03-17 13:33:38.085013,DONE,51.4234127,-2.671415,0.003,0.0
2026-03-17 13:33:39.721281,DONE,51.4234127,-2.671415,0.003,0.0
2026-03-17 13:33:41.627533,DONE,51.4234127,-2.671415,0.003,0.0
2026-03-17 13:33:42.831526,DONE,51.4234127,-2.671415,0.003,0.0
2026-03-17 13:33:44.002522,DONE,51.4234127,-2.671415,0.003,0.0
2026-03-17 13:33:45.195262,DONE,51.4234127,-2.671415,0.003,0.0
2026-03-17 13:33:46.279680,DONE,51.4234127,-2.671415,0.003,0.0
2026-03-17 13:33:48.149381,DONE,51.4234127,-2.671415,0.003,0.0
2026-03-17 13:33:50.086744,DONE,51.4234127,-2.671415,0.003,0.0
2026-03-17 13:33:51.725820,DONE,51.4234127,-2.671415,0.003,0.0
2026-03-17 13:33:53.344649,DONE,51.4234127,-2.671415,0.003,0.0
2026-03-17 13:33:55.270996,DONE,51.4234127,-2.671415,0.003,0.0
2026-03-17 13:33:57.051230,DONE,51.4234127,-2.671415,0.003,0.0
2026-03-17 13:33:58.733651,DONE,51.4234127,-2.671415,0.003,0.0
2026-03-17 13:34:00.520707,DONE,51.4234127,-2.671415,0.003,0.0
2026-03-17 13:34:02.159911,DONE,51.4234127,-2.671415,0.003,0.0
2026-03-17 13:34:03.781818,DONE,51.4234127,-2.671415,0.003,0.0
2026-03-17 13:34:05.495985,DONE,51.4234127,-2.671415,0.003,0.0
2026-03-17 13:34:07.095571,DONE,51.4234127,-2.671415,0.003,0.0
2026-03-17 13:34:08.711419,DONE,51.4234127,-2.6714148,0.003,0.0
2026-03-17 13:34:10.379308,DONE,51.4234127,-2.6714147,0.003,0.0
2026-03-17 13:34:12.025747,DONE,51.4234127,-2.6714147,0.003,0.0
2026-03-17 13:34:13.628158,DONE,51.4234127,-2.6714147,0.003,0.0
2026-03-17 13:34:15.378322,DONE,51.4234127,-2.6714146,0.003,0.0
2026-03-17 13:34:17.182635,DONE,51.4234127,-2.6714146,0.003,0.0
2026-03-17 13:34:18.792913,DONE,51.4234127,-2.6714146,0.003,0.0
2026-03-17 13:34:20.448981,DONE,51.4234127,-2.6714146,0.003,0.0
2026-03-17 13:34:22.082503,DONE,51.4234127,-2.6714146,0.003,0.0
2026-03-17 13:34:23.701044,DONE,51.4234127,-2.6714146,0.003,0.0
2026-03-17 13:34:25.386960,DONE,51.4234127,-2.6714146,0.003,0.0
2026-03-17 13:34:27.047044,DONE,51.4234127,-2.6714146,0.002,0.0
2026-03-17 13:34:28.688805,DONE,51.4234127,-2.6714146,0.003,0.0
2026-03-17 13:34:30.330853,DONE,51.4234127,-2.6714146,0.003,0.0
2026-03-17 13:34:31.946450,DONE,51.4234127,-2.6714146,0.003,0.0
2026-03-17 13:34:33.571120,DONE,51.4234127,-2.6714146,0.003,0.0
2026-03-17 13:34:35.226977,DONE,51.4234127,-2.6714146,0.003,0.0
2026-03-17 13:34:36.831840,DONE,51.4234127,-2.6714146,0.003,0.0
2026-03-17 13:34:38.477218,DONE,51.4234127,-2.6714146,0.003,0.0
2026-03-17 13:34:40.115335,DONE,51.4234127,-2.6714146,0.002,0.0
2026-03-17 13:34:41.735829,DONE,51.4234127,-2.6714146,0.003,0.0
2026-03-17 13:34:43.340919,DONE,51.4234127,-2.6714146,0.003,0.0
2026-03-17 13:34:45.000804,DONE,51.4234127,-2.6714146,0.003,0.0
2026-03-17 13:34:46.595259,DONE,51.4234127,-2.6714146,0.002,0.0
2026-03-17 13:34:48.230947,DONE,51.4234127,-2.6714146,0.003,0.0
2026-03-17 13:34:49.894548,DONE,51.4234127,-2.6714146,0.003,0.0
2026-03-17 13:34:51.517978,DONE,51.4234127,-2.6714146,0.003,0.0
2026-03-17 13:34:53.098456,DONE,51.4234127,-2.6714146,0.003,0.0
2026-03-17 13:34:54.969875,DONE,51.4234127,-2.6714146,0.003,0.0
2026-03-17 13:34:56.752707,DONE,51.4234127,-2.6714146,0.003,0.0
2026-03-17 13:34:58.418493,DONE,51.4234127,-2.6714146,0.003,0.0
2026-03-17 13:35:00.092191,DONE,51.4234127,-2.6714146,0.003,0.0
2026-03-17 13:35:01.727143,DONE,51.4234127,-2.6714146,0.003,0.0
2026-03-17 13:35:03.340422,DONE,51.4234127,-2.6714146,0.003,0.0
2026-03-17 13:35:05.021309,DONE,51.4234127,-2.6714146,0.003,0.0
2026-03-17 13:35:06.638992,DONE,51.4234127,-2.6714146,0.003,0.0
2026-03-17 13:35:08.259815,DONE,51.4234127,-2.6714147,0.003,0.0
2026-03-17 13:35:09.901681,DONE,51.4234127,-2.6714148,0.003,0.0
2026-03-17 13:35:11.560550,DONE,51.4234127,-2.6714149,0.003,0.0
2026-03-17 13:35:13.178879,DONE,51.4234127,-2.6714149,0.003,0.0
2026-03-17 13:35:14.827181,DONE,51.4234127,-2.671415,0.003,0.0
2026-03-17 13:35:16.473598,DONE,51.4234127,-2.671415,0.003,0.0
2026-03-17 13:35:18.243137,DONE,51.4234127,-2.671415,0.003,0.0
2026-03-17 13:35:19.943386,DONE,51.4234127,-2.671415,0.003,0.0
2026-03-17 13:35:21.540171,DONE,51.4234127,-2.671415,0.003,0.0
2026-03-17 13:35:23.143372,DONE,51.4234127,-2.671415,0.003,0.0
2026-03-17 13:35:24.741858,DONE,51.4234127,-2.671415,0.003,0.0
2026-03-17 13:35:26.369839,DONE,51.4234127,-2.671415,0.003,0.0
2026-03-17 13:35:27.966782,DONE,51.4234127,-2.671415,0.003,0.0
2026-03-17 13:35:29.604861,DONE,51.4234127,-2.671415,0.003,0.0
2026-03-17 13:35:31.289017,DONE,51.4234127,-2.671415,0.003,0.0
2026-03-17 13:35:32.949626,DONE,51.4234127,-2.671415,0.003,0.0
2026-03-17 13:35:34.634938,DONE,51.4234127,-2.671415,0.003,0.0
2026-03-17 13:35:36.369689,DONE,51.4234127,-2.671415,0.003,0.0
2026-03-17 13:35:37.992797,DONE,51.4234127,-2.671415,0.003,0.0
2026-03-17 13:35:39.626212,DONE,51.4234127,-2.671415,0.003,0.0
2026-03-17 13:35:41.265710,DONE,51.4234127,-2.671415,0.003,0.0
2026-03-17 13:35:42.893040,DONE,51.4234127,-2.671415,0.003,0.0
2026-03-17 13:35:44.590618,DONE,51.4234127,-2.671415,0.003,0.0
2026-03-17 13:35:46.205161,DONE,51.4234127,-2.671415,0.003,0.0
2026-03-17 13:35:47.821936,DONE,51.4234127,-2.671415,0.003,0.0
2026-03-17 13:35:49.514048,DONE,51.4234127,-2.671415,0.003,0.0
2026-03-17 13:35:51.214578,DONE,51.4234127,-2.671415,0.003,0.0
2026-03-17 13:35:52.908285,DONE,51.4234127,-2.671415,0.003,0.0
2026-03-17 13:35:54.844081,DONE,51.4234127,-2.671415,0.003,0.0
2026-03-17 13:35:56.705964,DONE,51.4234127,-2.671415,0.003,0.0
2026-03-17 13:35:58.345687,DONE,51.4234127,-2.671415,0.003,0.0
2026-03-17 13:36:00.107276,DONE,51.4234127,-2.671415,0.003,0.0
2026-03-17 13:36:01.769140,DONE,51.4234127,-2.671415,0.003,0.0
2026-03-17 13:36:03.535786,DONE,51.4234127,-2.671415,0.003,0.0
2026-03-17 13:36:05.315250,DONE,51.4234127,-2.671415,0.003,0.0
2026-03-17 13:36:07.036371,DONE,51.4234127,-2.671415,0.003,0.0
2026-03-17 13:36:08.777479,DONE,51.4234127,-2.6714148,0.002,0.0
2026-03-17 13:36:09.845950,DONE,51.4234127,-2.6714148,0.002,0.0
2026-03-17 13:36:11.053236,DONE,51.4234127,-2.6714147,0.003,0.0
2026-03-17 13:36:12.187081,DONE,51.4234127,-2.6714147,0.003,0.0
2026-03-17 13:36:13.241297,DONE,51.4234127,-2.6714147,0.003,0.0
2026-03-17 13:36:15.311140,DONE,51.4234127,-2.6714146,0.003,0.0
2026-03-17 13:36:17.247124,DONE,51.4234127,-2.6714146,0.003,0.0
2026-03-17 13:36:18.270158,DONE,51.4234127,-2.6714146,0.002,0.0
2026-03-17 13:36:19.270897,DONE,51.4234127,-2.6714146,0.002,0.0
2026-03-17 13:36:20.290211,DONE,51.4234127,-2.6714146,0.003,0.0
2026-03-17 13:36:21.526728,DONE,51.4234127,-2.6714146,0.003,0.0
2026-03-17 13:36:23.420421,DONE,51.4234127,-2.6714146,0.003,0.0
2026-03-17 13:36:25.318270,DONE,51.4234127,-2.6714146,0.002,0.0
2026-03-17 13:36:27.210707,DONE,51.4234127,-2.6714146,0.003,0.0
2026-03-17 13:36:29.073373,DONE,51.4234127,-2.6714146,0.003,0.0
2026-03-17 13:36:30.977764,DONE,51.4234127,-2.6714146,0.002,0.0
2026-03-17 13:36:32.899406,DONE,51.4234127,-2.6714146,0.003,0.0
2026-03-17 13:36:34.587185,DONE,51.4234127,-2.6714146,0.003,0.0
2026-03-17 13:36:36.212561,DONE,51.4234127,-2.6714146,0.003,0.0
2026-03-17 13:36:37.878516,DONE,51.4234127,-2.6714146,0.003,0.0
2026-03-17 13:36:39.530466,DONE,51.4234127,-2.6714146,0.003,0.0
2026-03-17 13:36:41.124507,DONE,51.4234127,-2.6714146,0.003,0.0
2026-03-17 13:36:42.679585,DONE,51.4234127,-2.6714146,0.003,0.0
2026-03-17 13:36:44.251883,DONE,51.4234127,-2.6714146,0.003,0.0
2026-03-17 13:36:45.853686,DONE,51.4234127,-2.6714146,0.003,0.0
2026-03-17 13:36:47.466828,DONE,51.4234127,-2.6714146,0.003,0.0
2026-03-17 13:36:49.090885,DONE,51.4234127,-2.6714146,0.003,0.0
2026-03-17 13:36:50.789898,DONE,51.4234127,-2.6714146,0.003,0.0
2026-03-17 13:36:52.414266,DONE,51.4234127,-2.6714146,0.003,0.0
2026-03-17 13:36:54.313580,DONE,51.4234127,-2.6714146,0.003,0.0
2026-03-17 13:36:55.362964,DONE,51.4234127,-2.6714146,0.003,0.0
2026-03-17 13:36:56.407475,DONE,51.4234127,-2.6714146,0.003,0.0
2026-03-17 13:36:58.269459,DONE,51.4234127,-2.6714146,0.003,0.0
2026-03-17 13:37:00.192294,DONE,51.4234127,-2.6714146,0.003,0.0
2026-03-17 13:37:02.012472,DONE,51.4234127,-2.6714146,0.002,0.0
2026-03-17 13:37:03.934155,DONE,51.4234127,-2.6714146,0.003,0.0
2026-03-17 13:37:04.961886,DONE,51.4234127,-2.6714146,0.003,0.0
2026-03-17 13:37:06.852071,DONE,51.4234127,-2.6714146,0.003,0.0
2026-03-17 13:37:08.734618,DONE,51.4234127,-2.6714148,0.003,0.0
2026-03-17 13:37:10.457140,DONE,51.4234127,-2.6714149,0.003,0.0
2026-03-17 13:37:12.097817,DONE,51.4234127,-2.6714149,0.003,0.0
2026-03-17 13:37:13.812417,DONE,51.4234127,-2.671415,0.004,0.0
2026-03-17 13:37:15.590683,DONE,51.4234127,-2.671415,0.003,0.0
2026-03-17 13:37:17.261055,DONE,51.4234127,-2.671415,0.003,0.0
2026-03-17 13:37:18.937773,DONE,51.4234127,-2.671415,0.003,0.0
2026-03-17 13:37:20.546397,DONE,51.4234127,-2.671415,0.003,0.0
2026-03-17 13:37:22.233101,DONE,51.4234127,-2.671415,0.003,0.0
2026-03-17 13:37:23.828316,DONE,51.4234127,-2.671415,0.003,0.0
2026-03-17 13:37:25.500318,DONE,51.4234127,-2.671415,0.003,0.0
2026-03-17 13:37:27.251190,DONE,51.4234127,-2.671415,0.003,0.0
2026-03-17 13:37:28.961549,DONE,51.4234127,-2.671415,0.003,0.0
2026-03-17 13:37:30.931288,DONE,51.4234127,-2.671415,0.003,0.0
2026-03-17 13:37:32.983390,DONE,51.4234127,-2.671415,0.003,0.0
2026-03-17 13:37:34.170256,DONE,51.4234127,-2.671415,0.003,0.0
2026-03-17 13:37:35.976377,DONE,51.4234127,-2.671415,0.003,0.0
2026-03-17 13:37:37.598113,DONE,51.4234127,-2.671415,0.003,0.0
2026-03-17 13:37:39.497067,DONE,51.4234127,-2.671415,0.003,0.0
2026-03-17 13:37:41.371378,DONE,51.4234127,-2.671415,0.003,0.0
2026-03-17 13:37:43.213388,DONE,51.4234127,-2.671415,0.003,0.0
2026-03-17 13:37:45.106399,DONE,51.4234127,-2.671415,0.003,0.0
2026-03-17 13:37:47.022053,DONE,51.4234127,-2.671415,0.003,0.0
2026-03-17 13:37:48.883947,DONE,51.4234127,-2.671415,0.003,0.0
2026-03-17 13:37:50.764835,DONE,51.4234127,-2.671415,0.003,0.0
2026-03-17 13:37:52.724031,DONE,51.4234127,-2.671415,0.003,0.0
2026-03-17 13:37:54.779038,DONE,51.4234127,-2.671415,0.003,0.0
2026-03-17 13:37:56.629612,DONE,51.4234127,-2.671415,0.003,0.0
2026-03-17 13:37:58.279704,DONE,51.4234127,-2.671415,0.003,0.0
2026-03-17 13:37:59.932431,DONE,51.4234127,-2.671415,0.003,0.0
2026-03-17 13:38:01.558232,DONE,51.4234127,-2.671415,0.003,0.0
2026-03-17 13:38:03.185083,DONE,51.4234127,-2.671415,0.003,0.0
2026-03-17 13:38:04.803219,DONE,51.4234127,-2.671415,0.003,0.0
2026-03-17 13:38:06.436369,DONE,51.4234127,-2.671415,0.003,0.0
2026-03-17 13:38:08.051179,DONE,51.4234127,-2.6714149,0.003,0.0
2026-03-17 13:38:09.726209,DONE,51.4234127,-2.6714148,0.003,0.0
2026-03-17 13:38:11.425323,DONE,51.4234127,-2.6714147,0.002,0.0
2026-03-17 13:38:13.118400,DONE,51.4234127,-2.6714147,0.003,0.0
2026-03-17 13:38:14.870137,DONE,51.4234127,-2.6714146,0.003,0.0
2026-03-17 13:38:16.496292,DONE,51.4234127,-2.6714146,0.003,0.0
2026-03-17 13:38:18.167367,DONE,51.4234127,-2.6714146,0.003,0.0
2026-03-17 13:38:19.852048,DONE,51.4234127,-2.6714146,0.003,0.0
2026-03-17 13:38:21.498356,DONE,51.4234127,-2.6714146,0.002,0.0
2026-03-17 13:38:23.237002,DONE,51.4234127,-2.6714146,0.003,0.0
2026-03-17 13:38:24.946839,DONE,51.4234127,-2.6714146,0.003,0.0
2026-03-17 13:38:26.845905,DONE,51.4234127,-2.6714146,0.003,0.0
2026-03-17 13:38:28.477862,DONE,51.4234127,-2.6714146,0.002,0.0
2026-03-17 13:38:30.172321,DONE,51.4234127,-2.6714146,0.002,0.0
2026-03-17 13:38:31.856965,DONE,51.4234127,-2.6714146,0.003,0.0
2026-03-17 13:38:33.610042,DONE,51.4234127,-2.6714146,0.003,0.0
2026-03-17 13:38:35.500230,DONE,51.4234127,-2.6714146,0.003,0.0
2026-03-17 13:38:37.373557,DONE,51.4234127,-2.6714146,0.002,0.0
2026-03-17 13:38:39.178381,DONE,51.4234127,-2.6714146,0.003,0.0
2026-03-17 13:38:40.987540,DONE,51.4234127,-2.6714146,0.003,0.0
2026-03-17 13:38:42.720820,DONE,51.4234127,-2.6714146,0.003,0.0
2026-03-17 13:38:44.499386,DONE,51.4234127,-2.6714146,0.003,0.0
2026-03-17 13:38:46.231970,DONE,51.4234127,-2.6714146,0.003,0.0
2026-03-17 13:38:47.941001,DONE,51.4234127,-2.6714146,0.003,0.0
2026-03-17 13:38:49.741742,DONE,51.4234127,-2.6714146,0.003,0.0
2026-03-17 13:38:51.626555,DONE,51.4234127,-2.6714146,0.003,0.0
2026-03-17 13:38:53.531060,DONE,51.4234127,-2.6714146,0.003,0.0
2026-03-17 13:38:55.542078,DONE,51.4234127,-2.6714146,0.003,0.0
2026-03-17 13:38:57.420707,DONE,51.4234127,-2.6714146,0.003,0.0
2026-03-17 13:38:59.287698,DONE,51.4234127,-2.6714146,0.003,0.0
2026-03-17 13:39:00.314347,DONE,51.4234127,-2.6714146,0.003,0.0
2026-03-17 13:39:02.222190,DONE,51.4234127,-2.6714146,0.003,0.0
2026-03-17 13:39:03.974505,DONE,51.4234127,-2.6714146,0.003,0.0
2026-03-17 13:39:05.730025,DONE,51.4234127,-2.6714146,0.003,0.0
2026-03-17 13:39:07.326238,DONE,51.4234127,-2.6714147,0.003,0.0
2026-03-17 13:39:09.265656,DONE,51.4234127,-2.6714148,0.003,0.0
2026-03-17 13:39:10.923286,DONE,51.4234127,-2.6714149,0.003,0.0
2026-03-17 13:39:12.583494,DONE,51.4234127,-2.6714149,0.003,0.0
2026-03-17 13:39:14.436667,DONE,51.4234127,-2.671415,0.003,0.0
2026-03-17 13:39:16.406833,DONE,51.4234127,-2.671415,0.003,0.0
2026-03-17 13:39:18.173750,DONE,51.4234127,-2.671415,0.002,0.0
2026-03-17 13:39:20.122490,DONE,51.4234127,-2.671415,0.003,0.0
2026-03-17 13:39:21.920117,DONE,51.4234127,-2.671415,0.003,0.0
2026-03-17 13:39:23.565743,DONE,51.4234127,-2.671415,0.003,0.0
2026-03-17 13:39:25.208911,DONE,51.4234127,-2.671415,0.003,0.0
2026-03-17 13:39:26.915029,DONE,51.4234127,-2.671415,0.003,0.0
2026-03-17 13:39:28.505504,DONE,51.4234127,-2.671415,0.003,0.0
2026-03-17 13:39:30.120763,DONE,51.4234127,-2.671415,0.003,0.0
2026-03-17 13:39:31.803600,DONE,51.4234127,-2.671415,0.003,0.0
2026-03-17 13:39:33.360117,DONE,51.4234127,-2.671415,0.003,0.0
2026-03-17 13:39:35.107795,DONE,51.4234127,-2.671415,0.003,0.0
2026-03-17 13:39:36.669552,DONE,51.4234127,-2.671415,0.003,0.0
2026-03-17 13:39:38.318299,DONE,51.4234127,-2.671415,0.003,0.0
2026-03-17 13:39:39.891807,DONE,51.4234127,-2.671415,0.003,0.0
2026-03-17 13:39:41.495555,DONE,51.4234127,-2.671415,0.003,0.0
2026-03-17 13:39:43.339292,DONE,51.4234127,-2.671415,0.003,0.0
2026-03-17 13:39:45.131068,DONE,51.4234127,-2.671415,0.003,0.0
2026-03-17 13:39:46.737933,DONE,51.4234127,-2.671415,0.003,0.0
2026-03-17 13:39:48.298883,DONE,51.4234127,-2.671415,0.003,0.0
2026-03-17 13:39:49.959260,DONE,51.4234127,-2.671415,0.003,0.0
2026-03-17 13:39:51.530712,DONE,51.4234127,-2.671415,0.003,0.0
2026-03-17 13:39:53.175288,DONE,51.4234127,-2.671415,0.003,0.0
2026-03-17 13:39:55.099031,DONE,51.4234127,-2.671415,0.003,0.0
2026-03-17 13:39:56.137171,DONE,51.4234127,-2.671415,0.003,0.0
2026-03-17 13:39:57.960138,DONE,51.4234127,-2.671415,0.003,0.0
2026-03-17 13:39:59.670894,DONE,51.4234127,-2.671415,0.003,0.0
2026-03-17 13:40:01.306197,DONE,51.4234127,-2.671415,0.003,0.0
2026-03-17 13:40:02.919907,DONE,51.4234127,-2.671415,0.003,0.0
2026-03-17 13:40:04.515296,DONE,51.4234127,-2.671415,0.003,0.0
2026-03-17 13:40:06.135969,DONE,51.4234127,-2.671415,0.003,0.0
2026-03-17 13:40:07.728905,DONE,51.4234127,-2.6714149,0.003,0.0
2026-03-17 13:40:09.427008,DONE,51.4234127,-2.6714148,0.003,0.0
2026-03-17 13:40:11.286331,DONE,51.4234127,-2.6714147,0.002,0.0
2026-03-17 13:40:13.043430,DONE,51.4234127,-2.6714147,0.003,0.0
2026-03-17 13:40:14.946310,DONE,51.4234127,-2.6714146,0.003,0.0
2026-03-17 13:40:16.845311,DONE,51.4234127,-2.6714146,0.003,0.0
2026-03-17 13:40:18.753771,DONE,51.4234127,-2.6714146,0.003,0.0
2026-03-17 13:40:20.645584,DONE,51.4234127,-2.6714146,0.003,0.0
2026-03-17 13:40:22.494193,DONE,51.4234127,-2.6714146,0.002,0.0
2026-03-17 13:40:24.823597,DONE,51.4234127,-2.6714146,0.003,0.0
2026-03-17 13:40:25.943693,DONE,51.4234127,-2.6714146,0.003,0.0
2026-03-17 13:40:27.833913,DONE,51.4234127,-2.6714146,0.003,0.0
2026-03-17 13:40:29.744085,DONE,51.4234127,-2.6714146,0.003,0.0
2026-03-17 13:40:31.539191,DONE,51.4234127,-2.6714146,0.003,0.0
2026-03-17 13:40:33.321802,DONE,51.4234127,-2.6714146,0.003,0.0
2026-03-17 13:40:35.093471,DONE,51.4234127,-2.6714146,0.003,0.0
2026-03-17 13:40:36.727536,DONE,51.4234127,-2.6714146,0.003,0.0
2026-03-17 13:40:38.344092,DONE,51.4234127,-2.6714146,0.003,0.0
2026-03-17 13:40:40.048055,DONE,51.4234127,-2.6714146,0.003,0.0
2026-03-17 13:40:41.691002,DONE,51.4234127,-2.6714146,0.003,0.0
2026-03-17 13:40:43.272163,DONE,51.4234127,-2.6714146,0.003,0.0
2026-03-17 13:40:44.919968,DONE,51.4234127,-2.6714146,0.002,0.0
2026-03-17 13:40:46.575045,DONE,51.4234127,-2.6714146,0.003,0.0
2026-03-17 13:40:48.321433,DONE,51.4234127,-2.6714146,0.003,0.0
2026-03-17 13:40:49.974324,DONE,51.4234127,-2.6714146,0.003,0.0
2026-03-17 13:40:51.595754,DONE,51.4234127,-2.6714146,0.003,0.0
2026-03-17 13:40:53.283388,DONE,51.4234127,-2.6714146,0.002,0.0
2026-03-17 13:40:54.284181,DONE,51.4234127,-2.6714146,0.003,0.0
2026-03-17 13:40:56.203131,DONE,51.4234127,-2.6714146,0.003,0.0
2026-03-17 13:40:57.983153,DONE,51.4234127,-2.6714146,0.003,0.0
2026-03-17 13:40:59.678987,DONE,51.4234127,-2.6714146,0.003,0.0
2026-03-17 13:41:01.244914,DONE,51.4234127,-2.6714146,0.003,0.0
2026-03-17 13:41:02.859481,DONE,51.4234127,-2.6714146,0.002,0.0
2026-03-17 13:41:04.509859,DONE,51.4234127,-2.6714146,0.003,0.0
2026-03-17 13:41:06.174088,DONE,51.4234127,-2.6714146,0.003,0.0
2026-03-17 13:41:07.838378,DONE,51.4234127,-2.6714147,0.003,0.0
2026-03-17 13:41:09.722426,DONE,51.4234127,-2.6714149,0.003,0.0
2026-03-17 13:41:11.348253,DONE,51.4234127,-2.6714149,0.002,0.0
2026-03-17 13:41:12.974317,DONE,51.4234127,-2.671415,0.003,0.0
2026-03-17 13:41:14.622508,DONE,51.4234127,-2.671415,0.003,0.0
2026-03-17 13:41:16.364084,DONE,51.4234127,-2.671415,0.003,0.0
2026-03-17 13:41:18.018430,DONE,51.4234127,-2.671415,0.003,0.0
2026-03-17 13:41:19.636486,DONE,51.4234127,-2.671415,0.003,0.0
2026-03-17 13:41:21.229931,DONE,51.4234127,-2.671415,0.003,0.0
2026-03-17 13:41:22.845801,DONE,51.4234127,-2.671415,0.003,0.0
2026-03-17 13:41:24.454053,DONE,51.4234127,-2.671415,0.003,0.0
2026-03-17 13:41:26.173509,DONE,51.4234127,-2.671415,0.003,0.0
2026-03-17 13:41:27.728121,DONE,51.4234127,-2.671415,0.003,0.0
2026-03-17 13:41:29.402494,DONE,51.4234127,-2.671415,0.003,0.0
2026-03-17 13:41:31.084430,DONE,51.4234127,-2.671415,0.003,0.0
2026-03-17 13:41:32.724103,DONE,51.4234127,-2.671415,0.002,0.0
2026-03-17 13:41:34.385655,DONE,51.4234127,-2.671415,0.003,0.0
2026-03-17 13:41:36.087353,DONE,51.4234127,-2.671415,0.003,0.0
2026-03-17 13:41:37.934809,DONE,51.4234127,-2.671415,0.003,0.0
2026-03-17 13:41:39.851865,DONE,51.4234127,-2.671415,0.003,0.0
2026-03-17 13:41:41.693540,DONE,51.4234127,-2.671415,0.003,0.0
2026-03-17 13:41:42.698040,DONE,51.4234127,-2.671415,0.003,0.0
2026-03-17 13:41:44.650859,DONE,51.4234127,-2.671415,0.003,0.0
2026-03-17 13:41:46.514262,DONE,51.4234127,-2.671415,0.003,0.0
2026-03-17 13:41:48.360758,DONE,51.4234127,-2.671415,0.003,0.0
2026-03-17 13:41:50.268728,DONE,51.4234127,-2.671415,0.003,0.0
2026-03-17 13:41:51.989413,DONE,51.4234127,-2.671415,0.003,0.0
2026-03-17 13:41:53.764098,DONE,51.4234127,-2.671415,0.003,0.0
2026-03-17 13:41:54.777656,DONE,51.4234127,-2.671415,0.003,0.0
2026-03-17 13:41:55.930682,DONE,51.4234127,-2.671415,0.003,0.0
2026-03-17 13:41:57.015099,DONE,51.4234127,-2.671415,0.003,0.0
2026-03-17 13:41:58.114920,DONE,51.4234127,-2.671415,0.003,0.0
2026-03-17 13:42:00.162746,DONE,51.4234127,-2.671415,0.003,0.0
2026-03-17 13:42:01.480892,DONE,51.4234127,-2.671415,0.003,0.0
2026-03-17 13:42:02.741299,DONE,51.4234127,-2.671415,0.003,0.0
2026-03-17 13:42:03.791490,DONE,51.4234127,-2.671415,0.003,0.0
2026-03-17 13:42:05.652636,DONE,51.4234127,-2.671415,0.003,0.0
2026-03-17 13:42:07.344036,DONE,51.4234127,-2.6714149,0.003,0.0
2026-03-17 13:42:08.959864,DONE,51.4234127,-2.6714148,0.003,0.0
2026-03-17 13:42:10.633488,DONE,51.4234127,-2.6714147,0.003,0.0
2026-03-17 13:42:12.274317,DONE,51.4234127,-2.6714147,0.003,0.0
2026-03-17 13:42:13.914651,DONE,51.4234127,-2.6714146,0.003,0.0
2026-03-17 13:42:15.561752,DONE,51.4234127,-2.6714146,0.003,0.0
2026-03-17 13:42:17.225713,DONE,51.4234127,-2.6714146,0.003,0.0
2026-03-17 13:42:18.918005,DONE,51.4234127,-2.6714146,0.003,0.0
2026-03-17 13:42:20.683204,DONE,51.4234127,-2.6714146,0.003,0.0
2026-03-17 13:42:22.395347,DONE,51.4234127,-2.6714146,0.003,0.0
2026-03-17 13:42:23.967137,DONE,51.4234127,-2.6714146,0.003,0.0
2026-03-17 13:42:25.603334,DONE,51.4234127,-2.6714146,0.003,0.0
2026-03-17 13:42:27.292896,DONE,51.4234127,-2.6714146,0.002,0.0
2026-03-17 13:42:28.938376,DONE,51.4234127,-2.6714146,0.003,0.0
2026-03-17 13:42:30.665294,DONE,51.4234127,-2.6714146,0.003,0.0
2026-03-17 13:42:32.330475,DONE,51.4234127,-2.6714146,0.003,0.0
2026-03-17 13:42:33.996610,DONE,51.4234127,-2.6714146,0.003,0.0
2026-03-17 13:42:35.788860,DONE,51.4234127,-2.6714146,0.003,0.0
2026-03-17 13:42:37.498011,DONE,51.4234127,-2.6714146,0.003,0.0
2026-03-17 13:42:39.162880,DONE,51.4234127,-2.6714146,0.003,0.0
2026-03-17 13:42:40.842298,DONE,51.4234127,-2.6714146,0.002,0.0
2026-03-17 13:42:42.423502,DONE,51.4234127,-2.6714146,0.003,0.0
2026-03-17 13:42:44.019805,DONE,51.4234127,-2.6714146,0.003,0.0
2026-03-17 13:42:45.677239,DONE,51.4234127,-2.6714146,0.003,0.0
2026-03-17 13:42:47.301940,DONE,51.4234127,-2.6714146,0.003,0.0
2026-03-17 13:42:48.969051,DONE,51.4234127,-2.6714146,0.003,0.0
2026-03-17 13:42:50.617292,DONE,51.4234127,-2.6714146,0.003,0.0
2026-03-17 13:42:52.215729,DONE,51.4234127,-2.6714146,0.003,0.0
2026-03-17 13:42:53.981204,DONE,51.4234127,-2.6714146,0.003,0.0
2026-03-17 13:42:55.875494,DONE,51.4234127,-2.6714146,0.003,0.0
2026-03-17 13:42:57.495947,DONE,51.4234127,-2.6714146,0.003,0.0
2026-03-17 13:42:59.134433,DONE,51.4234127,-2.6714146,0.003,0.0
2026-03-17 13:43:00.956679,DONE,51.4234127,-2.6714146,0.003,0.0
2026-03-17 13:43:02.569535,DONE,51.4234127,-2.6714146,0.003,0.0
2026-03-17 13:43:04.214798,DONE,51.4234127,-2.6714146,0.003,0.0
2026-03-17 13:43:05.989689,DONE,51.4234127,-2.6714146,0.003,0.0
2026-03-17 13:43:07.693001,DONE,51.4234127,-2.6714147,0.003,0.0
2026-03-17 13:43:09.381192,DONE,51.4234127,-2.6714149,0.003,0.0
2026-03-17 13:43:11.017084,DONE,51.4234127,-2.6714149,0.003,0.0
2026-03-17 13:43:12.619682,DONE,51.4234127,-2.6714149,0.003,0.0
2026-03-17 13:43:14.266915,DONE,51.4234127,-2.671415,0.003,0.0
2026-03-17 13:43:15.893561,DONE,51.4234127,-2.671415,0.003,0.0
2026-03-17 13:43:17.528840,DONE,51.4234127,-2.671415,0.003,0.0
2026-03-17 13:43:19.394752,DONE,51.4234127,-2.671415,0.003,0.0
2026-03-17 13:43:21.099776,DONE,51.4234127,-2.671415,0.003,0.0
2026-03-17 13:43:22.670110,DONE,51.4234127,-2.671415,0.003,0.0
2026-03-17 13:43:24.341249,DONE,51.4234127,-2.671415,0.003,0.0
2026-03-17 13:43:26.029467,DONE,51.4234127,-2.671415,0.003,0.0
2026-03-17 13:43:27.682329,DONE,51.4234127,-2.671415,0.002,0.0
2026-03-17 13:43:29.446914,DONE,51.4234127,-2.671415,0.003,0.0
2026-03-17 13:43:31.073002,DONE,51.4234127,-2.671415,0.003,0.0
2026-03-17 13:43:32.665547,DONE,51.4234127,-2.671415,0.003,0.0
2026-03-17 13:43:34.267850,DONE,51.4234127,-2.671415,0.003,0.0
2026-03-17 13:43:35.998399,DONE,51.4234127,-2.671415,0.003,0.0
2026-03-17 13:43:37.772699,DONE,51.4234127,-2.671415,0.003,0.0
2026-03-17 13:43:39.569237,DONE,51.4234127,-2.671415,0.003,0.0
2026-03-17 13:43:41.232490,DONE,51.4234127,-2.671415,0.003,0.0
2026-03-17 13:43:42.800857,DONE,51.4234127,-2.671415,0.003,0.0
2026-03-17 13:43:44.387492,DONE,51.4234127,-2.671415,0.002,0.0
2026-03-17 13:43:45.934695,DONE,51.4234127,-2.671415,0.003,0.0
2026-03-17 13:43:47.579311,DONE,51.4234127,-2.671415,0.003,0.0
2026-03-17 13:43:49.173354,DONE,51.4234127,-2.671415,0.003,0.0
2026-03-17 13:43:50.870489,DONE,51.4234127,-2.671415,0.003,0.0
2026-03-17 13:43:52.441934,DONE,51.4234127,-2.671415,0.003,0.0
2026-03-17 13:43:54.167643,DONE,51.4234127,-2.671415,0.003,0.0
2026-03-17 13:43:56.003012,DONE,51.4234127,-2.671415,0.004,0.0
2026-03-17 13:43:57.647799,DONE,51.4234127,-2.671415,0.003,0.0
2026-03-17 13:43:59.301559,DONE,51.4234127,-2.671415,0.003,0.0
2026-03-17 13:44:00.902029,DONE,51.4234127,-2.671415,0.003,0.0
2026-03-17 13:44:02.491696,DONE,51.4234127,-2.671415,0.003,0.0
2026-03-17 13:44:04.114381,DONE,51.4234127,-2.671415,0.003,0.0
2026-03-17 13:44:05.791383,DONE,51.4234127,-2.671415,0.003,0.0
2026-03-17 13:44:07.357167,DONE,51.4234127,-2.6714149,0.003,0.0
2026-03-17 13:44:08.888956,DONE,51.4234127,-2.6714148,0.002,0.0
2026-03-17 13:44:10.742759,DONE,51.4234127,-2.6714147,0.003,0.0
2026-03-17 13:44:12.401469,DONE,51.4234127,-2.6714147,0.003,0.0
2026-03-17 13:44:14.168711,DONE,51.4234127,-2.6714146,0.003,0.0
2026-03-17 13:44:15.970273,DONE,51.4234127,-2.6714146,0.003,0.0
2026-03-17 13:44:17.612738,DONE,51.4234127,-2.6714146,0.003,0.0
2026-03-17 13:44:19.355089,DONE,51.4234127,-2.6714146,0.003,0.0
2026-03-17 13:44:21.045718,DONE,51.4234127,-2.6714146,0.003,0.0
2026-03-17 13:44:22.743000,DONE,51.4234127,-2.6714146,0.002,0.0
2026-03-17 13:44:24.398139,DONE,51.4234127,-2.6714146,0.003,0.0
2026-03-17 13:44:26.015595,DONE,51.4234127,-2.6714146,0.003,0.0
2026-03-17 13:44:27.595411,DONE,51.4234127,-2.6714146,0.003,0.0
2026-03-17 13:44:29.138020,DONE,51.4234127,-2.6714146,0.003,0.0
2026-03-17 13:44:30.708634,DONE,51.4234127,-2.6714146,0.003,0.0
2026-03-17 13:44:32.263586,DONE,51.4234127,-2.6714146,0.003,0.0
2026-03-17 13:44:33.797975,DONE,51.4234127,-2.6714146,0.003,0.0
2026-03-17 13:44:35.412139,DONE,51.4234127,-2.6714146,0.003,0.0
2026-03-17 13:44:37.011868,DONE,51.4234127,-2.6714146,0.002,0.0
2026-03-17 13:44:38.588492,DONE,51.4234127,-2.6714146,0.003,0.0
2026-03-17 13:44:40.182070,DONE,51.4234127,-2.6714146,0.003,0.0
2026-03-17 13:44:41.782080,DONE,51.4234127,-2.6714146,0.003,0.0
2026-03-17 13:44:43.344446,DONE,51.4234127,-2.6714146,0.003,0.0
2026-03-17 13:44:44.896524,DONE,51.4234127,-2.6714146,0.003,0.0
2026-03-17 13:44:46.462076,DONE,51.4234127,-2.6714146,0.003,0.0
2026-03-17 13:44:48.041769,DONE,51.4234127,-2.6714146,0.003,0.0
2026-03-17 13:44:49.636453,DONE,51.4234127,-2.6714146,0.003,0.0
2026-03-17 13:44:51.216752,DONE,51.4234127,-2.6714146,0.003,0.0
2026-03-17 13:44:52.789944,DONE,51.4234127,-2.6714146,0.003,0.0
2026-03-17 13:44:54.599779,DONE,51.4234127,-2.6714146,0.003,0.0
2026-03-17 13:44:56.387685,DONE,51.4234127,-2.6714146,0.002,0.0
2026-03-17 13:44:57.919695,DONE,51.4234127,-2.6714146,0.003,0.0
2026-03-17 13:44:59.579604,DONE,51.4234127,-2.6714146,0.003,0.0
2026-03-17 13:45:00.634844,DONE,51.4234127,-2.6714146,0.003,0.0
2026-03-17 13:45:01.698896,DONE,51.4234127,-2.6714146,0.003,0.0
2026-03-17 13:45:03.397497,DONE,51.4234127,-2.6714146,0.003,0.0
2026-03-17 13:45:05.350877,DONE,51.4234127,-2.6714146,0.002,0.0
2026-03-17 13:45:06.935354,DONE,51.4234127,-2.6714147,0.003,0.0
2026-03-17 13:45:08.482358,DONE,51.4234127,-2.6714148,0.003,0.0
2026-03-17 13:45:10.131828,DONE,51.4234127,-2.6714149,0.003,0.0
2026-03-17 13:45:11.752607,DONE,51.4234127,-2.6714149,0.003,0.0
2026-03-17 13:45:13.324032,DONE,51.4234127,-2.671415,0.003,0.0
2026-03-17 13:45:14.877691,DONE,51.4234127,-2.671415,0.003,0.0
2026-03-17 13:45:16.463183,DONE,51.4234127,-2.671415,0.003,0.0
2026-03-17 13:45:18.077428,DONE,51.4234127,-2.671415,0.003,0.0
2026-03-17 13:45:19.711850,DONE,51.4234127,-2.671415,0.003,0.0
2026-03-17 13:45:21.277938,DONE,51.4234127,-2.671415,0.003,0.0
2026-03-17 13:45:22.859501,DONE,51.4234127,-2.671415,0.003,0.0
2026-03-17 13:45:24.443458,DONE,51.4234127,-2.671415,0.003,0.0
2026-03-17 13:45:26.061957,DONE,51.4234127,-2.671415,0.003,0.0
2026-03-17 13:45:27.665542,DONE,51.4234127,-2.671415,0.003,0.0
2026-03-17 13:45:29.255489,DONE,51.4234127,-2.671415,0.003,0.0
2026-03-17 13:45:30.825033,DONE,51.4234127,-2.671415,0.003,0.0
2026-03-17 13:45:32.400186,DONE,51.4234127,-2.671415,0.003,0.0
2026-03-17 13:45:33.972998,DONE,51.4234127,-2.671415,0.003,0.0
2026-03-17 13:45:35.555669,DONE,51.4234127,-2.671415,0.003,0.0
2026-03-17 13:45:37.131863,DONE,51.4234127,-2.671415,0.003,0.0
2026-03-17 13:45:38.767302,DONE,51.4234127,-2.671415,0.003,0.0
2026-03-17 13:45:40.324537,DONE,51.4234127,-2.671415,0.003,0.0
2026-03-17 13:45:41.849430,DONE,51.4234127,-2.671415,0.003,0.0
2026-03-17 13:45:43.402157,DONE,51.4234127,-2.671415,0.003,0.0
2026-03-17 13:45:44.971971,DONE,51.4234127,-2.671415,0.003,0.0
2026-03-17 13:45:46.517675,DONE,51.4234127,-2.671415,0.003,0.0
2026-03-17 13:45:48.080301,DONE,51.4234127,-2.671415,0.003,0.0
2026-03-17 13:45:49.644552,DONE,51.4234127,-2.671415,0.003,0.0
2026-03-17 13:45:51.216615,DONE,51.4234127,-2.671415,0.003,0.0
2026-03-17 13:45:52.776379,DONE,51.4234127,-2.671415,0.003,0.0
2026-03-17 13:45:54.543849,DONE,51.4234127,-2.671415,0.003,0.0
2026-03-17 13:45:56.302853,DONE,51.4234127,-2.671415,0.003,0.0
2026-03-17 13:45:57.830877,DONE,51.4234127,-2.671415,0.003,0.0
2026-03-17 13:45:59.404180,DONE,51.4234127,-2.671415,0.003,0.0
2026-03-17 13:46:00.974166,DONE,51.4234127,-2.671415,0.003,0.0
2026-03-17 13:46:02.538034,DONE,51.4234127,-2.671415,0.003,0.0
2026-03-17 13:46:04.084018,DONE,51.4234127,-2.671415,0.003,0.0
2026-03-17 13:46:05.734134,DONE,51.4234127,-2.671415,0.003,0.0
2026-03-17 13:46:07.312254,DONE,51.4234127,-2.6714149,0.003,0.0
2026-03-17 13:46:08.900857,DONE,51.4234127,-2.6714148,0.003,0.0
2026-03-17 13:46:10.500233,DONE,51.4234127,-2.6714147,0.003,0.0
2026-03-17 13:46:12.066724,DONE,51.4234127,-2.6714147,0.003,0.0
2026-03-17 13:46:13.637057,DONE,51.4234127,-2.6714146,0.003,0.0
2026-03-17 13:46:15.230446,DONE,51.4234127,-2.6714146,0.002,0.0
2026-03-17 13:46:16.762026,DONE,51.4234127,-2.6714146,0.003,0.0
2026-03-17 13:46:18.460420,DONE,51.4234127,-2.6714146,0.003,0.0
2026-03-17 13:46:20.167792,DONE,51.4234127,-2.6714146,0.003,0.0
2026-03-17 13:46:21.916358,DONE,51.4234127,-2.6714146,0.002,0.0
2026-03-17 13:46:22.928760,DONE,51.4234127,-2.6714146,0.002,0.0
2026-03-17 13:46:24.694691,DONE,51.4234127,-2.6714146,0.003,0.0
2026-03-17 13:46:26.438170,DONE,51.4234127,-2.6714146,0.003,0.0
2026-03-17 13:46:28.191994,DONE,51.4234127,-2.6714146,0.003,0.0
2026-03-17 13:46:30.174909,DONE,51.4234127,-2.6714146,0.003,0.0
2026-03-17 13:46:31.996424,DONE,51.4234127,-2.6714146,0.003,0.0
2026-03-17 13:46:33.775263,DONE,51.4234127,-2.6714146,0.003,0.0
2026-03-17 13:46:35.631331,DONE,51.4234127,-2.6714146,0.003,0.0
2026-03-17 13:46:37.440721,DONE,51.4234127,-2.6714146,0.003,0.0
2026-03-17 13:46:39.342120,DONE,51.4234127,-2.6714146,0.003,0.0
2026-03-17 13:46:40.383799,DONE,51.4234127,-2.6714146,0.002,0.0
2026-03-17 13:46:42.230416,DONE,51.4234127,-2.6714146,0.003,0.0
2026-03-17 13:46:43.998623,DONE,51.4234127,-2.6714146,0.003,0.0
2026-03-17 13:46:45.923000,DONE,51.4234127,-2.6714146,0.003,0.0
2026-03-17 13:46:46.956074,DONE,51.4234127,-2.6714146,0.002,0.0
2026-03-17 13:46:48.727383,DONE,51.4234127,-2.6714146,0.003,0.0
2026-03-17 13:46:50.578285,DONE,51.4234127,-2.6714146,0.003,0.0
2026-03-17 13:46:52.396380,DONE,51.4234127,-2.6714146,0.003,0.0
2026-03-17 13:46:54.313685,DONE,51.4234127,-2.6714146,0.003,0.0
2026-03-17 13:46:55.375758,DONE,51.4234127,-2.6714146,0.003,0.0
2026-03-17 13:46:56.465414,DONE,51.4234127,-2.6714146,0.002,0.0
2026-03-17 13:46:58.356880,DONE,51.4234127,-2.6714146,0.003,0.0
2026-03-17 13:47:00.213788,DONE,51.4234127,-2.6714146,0.003,0.0
2026-03-17 13:47:02.104733,DONE,51.4234127,-2.6714146,0.003,0.0
2026-03-17 13:47:03.321080,DONE,51.4234127,-2.6714146,0.003,0.0
2026-03-17 13:47:04.433375,DONE,51.4234127,-2.6714146,0.003,0.0
2026-03-17 13:47:06.366097,DONE,51.4234127,-2.6714146,0.003,0.0
2026-03-17 13:47:08.331419,DONE,51.4234127,-2.6714148,0.003,0.0
2026-03-17 13:47:10.286144,DONE,51.4234127,-2.6714149,0.003,0.0
2026-03-17 13:47:12.239264,DONE,51.4234127,-2.6714149,0.003,0.0
2026-03-17 13:47:13.242821,DONE,51.4234127,-2.671415,0.003,0.0
2026-03-17 13:47:15.225704,DONE,51.4234127,-2.671415,0.003,0.0
2026-03-17 13:47:17.149516,DONE,51.4234127,-2.671415,0.003,0.0
2026-03-17 13:47:18.188210,DONE,51.4234127,-2.671415,0.004,0.0
2026-03-17 13:47:19.235833,DONE,51.4234127,-2.671415,0.003,0.0
2026-03-17 13:47:20.419716,DONE,51.4234127,-2.671415,0.003,0.0
2026-03-17 13:47:21.442482,DONE,51.4234127,-2.671415,0.003,0.0
2026-03-17 13:47:22.476963,DONE,51.4234127,-2.671415,0.003,0.0
2026-03-17 13:47:23.587127,DONE,51.4234127,-2.671415,0.003,0.0
2026-03-17 13:47:24.655410,DONE,51.4234127,-2.671415,0.003,0.0
2026-03-17 13:47:25.656299,DONE,51.4234127,-2.671415,0.003,0.0
2026-03-17 13:47:26.725357,DONE,51.4234127,-2.671415,0.003,0.0
2026-03-17 13:47:28.720703,DONE,51.4234127,-2.671415,0.003,0.0
2026-03-17 13:47:29.739176,DONE,51.4234127,-2.671415,0.003,0.0
2026-03-17 13:47:31.695036,DONE,51.4234127,-2.671415,0.003,0.0
2026-03-17 13:47:32.751234,DONE,51.4234127,-2.671415,0.003,0.0
2026-03-17 13:47:33.772025,DONE,51.4234127,-2.671415,0.003,0.0
2026-03-17 13:47:34.828594,DONE,51.4234127,-2.671415,0.003,0.0
2026-03-17 13:47:35.839859,DONE,51.4234127,-2.671415,0.003,0.0
2026-03-17 13:47:37.739736,DONE,51.4234127,-2.671415,0.003,0.0
2026-03-17 13:47:38.757970,DONE,51.4234127,-2.671415,0.002,0.0
2026-03-17 13:47:39.805559,DONE,51.4234127,-2.671415,0.003,0.0
2026-03-17 13:47:41.780062,DONE,51.4234127,-2.671415,0.003,0.0
2026-03-17 13:47:43.447059,DONE,51.4234127,-2.671415,0.003,0.0
2026-03-17 13:47:45.185408,DONE,51.4234127,-2.671415,0.003,0.0
2026-03-17 13:47:46.832606,DONE,51.4234127,-2.671415,0.003,0.0
2026-03-17 13:47:48.455487,DONE,51.4234127,-2.671415,0.003,0.0
2026-03-17 13:47:50.212553,DONE,51.4234127,-2.671415,0.002,0.0
2026-03-17 13:47:51.877194,DONE,51.4234127,-2.671415,0.003,0.0
2026-03-17 13:47:53.647960,DONE,51.4234127,-2.671415,0.003,0.0
2026-03-17 13:47:54.802624,DONE,51.4234127,-2.671415,0.003,0.0
2026-03-17 13:47:55.923143,DONE,51.4234127,-2.671415,0.003,0.0
2026-03-17 13:47:56.966215,DONE,51.4234127,-2.671415,0.003,0.0
2026-03-17 13:47:58.818136,DONE,51.4234127,-2.671415,0.003,0.0
2026-03-17 13:47:59.854244,DONE,51.4234127,-2.671415,0.003,0.0
2026-03-17 13:48:01.707743,DONE,51.4234127,-2.671415,0.003,0.0
2026-03-17 13:48:03.570231,DONE,51.4234127,-2.671415,0.003,0.0
2026-03-17 13:48:05.606731,DONE,51.4234127,-2.671415,0.003,0.0
2026-03-17 13:48:07.387775,DONE,51.4234127,-2.6714148,0.003,0.0
2026-03-17 13:48:09.316889,DONE,51.4234127,-2.6714147,0.003,0.0
2026-03-17 13:48:11.191812,DONE,51.4234127,-2.6714147,0.003,0.0
2026-03-17 13:48:13.318253,DONE,51.4234127,-2.6714146,0.003,0.0
2026-03-17 13:48:14.473256,DONE,51.4234127,-2.6714146,0.003,0.0
2026-03-17 13:48:15.663157,DONE,51.4234127,-2.6714146,0.003,0.0
2026-03-17 13:48:16.915032,DONE,51.4234127,-2.6714146,0.003,0.0
2026-03-17 13:48:18.019428,DONE,51.4234127,-2.6714146,0.003,0.0
2026-03-17 13:48:19.117594,DONE,51.4234127,-2.6714146,0.003,0.0
2026-03-17 13:48:20.225777,DONE,51.4234127,-2.6714146,0.003,0.0
2026-03-17 13:48:21.358504,DONE,51.4234127,-2.6714146,0.002,0.0
2026-03-17 13:48:22.431879,DONE,51.4234127,-2.6714146,0.003,0.0
2026-03-17 13:48:23.584204,DONE,51.4234127,-2.6714146,0.003,0.0
2026-03-17 13:48:24.828971,DONE,51.4234127,-2.6714146,0.003,0.0
2026-03-17 13:48:26.189667,DONE,51.4234127,-2.6714146,0.003,0.0
2026-03-17 13:48:27.559898,DONE,51.4234127,-2.6714146,0.003,0.0
2026-03-17 13:48:28.757625,DONE,51.4234127,-2.6714146,0.003,0.0
2026-03-17 13:48:29.973706,DONE,51.4234127,-2.6714146,0.003,0.0
2026-03-17 13:48:31.081962,DONE,51.4234127,-2.6714146,0.003,0.0
2026-03-17 13:48:32.195740,DONE,51.4234127,-2.6714146,0.003,0.0
2026-03-17 13:48:33.298712,DONE,51.4234127,-2.6714146,0.003,0.0
2026-03-17 13:48:34.388009,DONE,51.4234127,-2.6714146,0.004,0.0
2026-03-17 13:48:35.448769,DONE,51.4234127,-2.6714146,0.004,0.0
2026-03-17 13:48:37.336522,DONE,51.4234127,-2.6714146,0.002,0.0
2026-03-17 13:48:38.362302,DONE,51.4234127,-2.6714146,0.003,0.0
2026-03-17 13:48:39.379776,DONE,51.4234127,-2.6714146,0.003,0.0
2026-03-17 13:48:41.270769,DONE,51.4234127,-2.6714146,0.003,0.0
2026-03-17 13:48:43.141650,DONE,51.4234127,-2.6714146,0.003,0.0
2026-03-17 13:48:44.177787,DONE,51.4234127,-2.6714146,0.003,0.0
2026-03-17 13:48:46.002931,DONE,51.4234127,-2.6714146,0.003,0.0
2026-03-17 13:48:47.927163,DONE,51.4234127,-2.6714146,0.003,0.0
2026-03-17 13:48:49.838152,DONE,51.4234127,-2.6714146,0.003,0.0
2026-03-17 13:48:51.714581,DONE,51.4234127,-2.6714146,0.003,0.0
2026-03-17 13:48:53.419225,DONE,51.4234127,-2.6714146,0.002,0.0
2026-03-17 13:48:54.430259,DONE,51.4234127,-2.6714146,0.003,0.0
2026-03-17 13:48:55.432563,DONE,51.4234127,-2.6714146,0.003,0.0
2026-03-17 13:48:57.274991,DONE,51.4234127,-2.6714146,0.003,0.0
2026-03-17 13:48:59.009002,DONE,51.4234127,-2.6714146,0.003,0.0
2026-03-17 13:49:00.703078,DONE,51.4234127,-2.6714146,0.003,0.0
2026-03-17 13:49:02.465607,DONE,51.4234127,-2.6714146,0.003,0.0
2026-03-17 13:49:04.170961,DONE,51.4234127,-2.6714146,0.003,0.0
2026-03-17 13:49:05.912599,DONE,51.4234127,-2.6714146,0.003,0.0
2026-03-17 13:49:07.567464,DONE,51.4234127,-2.6714148,0.003,0.0
2026-03-17 13:49:09.219587,DONE,51.4234127,-2.6714149,0.003,0.0
2026-03-17 13:49:10.883541,DONE,51.4234127,-2.6714149,0.003,0.0
2026-03-17 13:49:12.513337,DONE,51.4234127,-2.671415,0.003,0.0
2026-03-17 13:49:14.170296,DONE,51.4234127,-2.671415,0.003,0.0
2026-03-17 13:49:16.031464,DONE,51.4234127,-2.671415,0.003,0.0
2026-03-17 13:49:17.788578,DONE,51.4234127,-2.671415,0.003,0.0
2026-03-17 13:49:19.507899,DONE,51.4234127,-2.671415,0.003,0.0
2026-03-17 13:49:21.177921,DONE,51.4234127,-2.671415,0.003,0.0
2026-03-17 13:49:22.820041,DONE,51.4234127,-2.671415,0.003,0.0
2026-03-17 13:49:24.425770,DONE,51.4234127,-2.671415,0.003,0.0
2026-03-17 13:49:26.109817,DONE,51.4234127,-2.671415,0.003,0.0
2026-03-17 13:49:27.789392,DONE,51.4234127,-2.671415,0.003,0.0
2026-03-17 13:49:29.427363,DONE,51.4234127,-2.671415,0.003,0.0
2026-03-17 13:49:31.058612,DONE,51.4234127,-2.671415,0.003,0.0
2026-03-17 13:49:32.724292,DONE,51.4234127,-2.671415,0.003,0.0
2026-03-17 13:49:34.423182,DONE,51.4234127,-2.671415,0.003,0.0
2026-03-17 13:49:36.040429,DONE,51.4234127,-2.671415,0.003,0.0
2026-03-17 13:49:37.679111,DONE,51.4234127,-2.671415,0.003,0.0
2026-03-17 13:49:39.335096,DONE,51.4234127,-2.671415,0.003,0.0
2026-03-17 13:49:40.978394,DONE,51.4234127,-2.671415,0.003,0.0
2026-03-17 13:49:42.608580,DONE,51.4234127,-2.671415,0.003,0.0
2026-03-17 13:49:44.544145,DONE,51.4234127,-2.671415,0.003,0.0
2026-03-17 13:49:46.440716,DONE,51.4234127,-2.671415,0.003,0.0
2026-03-17 13:49:48.108173,DONE,51.4234127,-2.671415,0.003,0.0
2026-03-17 13:49:49.771048,DONE,51.4234127,-2.671415,0.003,0.0
2026-03-17 13:49:51.488654,DONE,51.4234127,-2.671415,0.003,0.0
2026-03-17 13:49:53.099143,DONE,51.4234127,-2.671415,0.003,0.0
2026-03-17 13:49:55.039235,DONE,51.4234127,-2.671415,0.003,0.0
2026-03-17 13:49:56.963252,DONE,51.4234127,-2.671415,0.003,0.0
2026-03-17 13:49:58.623605,DONE,51.4234127,-2.671415,0.003,0.0
2026-03-17 13:50:00.303638,DONE,51.4234127,-2.671415,0.003,0.0
2026-03-17 13:50:02.032842,DONE,51.4234127,-2.671415,0.003,0.0
2026-03-17 13:50:03.708341,DONE,51.4234127,-2.671415,0.003,0.0
2026-03-17 13:50:05.577512,DONE,51.4234127,-2.671415,0.003,0.0
2026-03-17 13:50:07.191377,DONE,51.4234127,-2.6714148,0.003,0.0
2026-03-17 13:50:08.807958,DONE,51.4234127,-2.6714147,0.002,0.0
2026-03-17 13:50:10.437723,DONE,51.4234127,-2.6714147,0.003,0.0
2026-03-17 13:50:12.067078,DONE,51.4234127,-2.6714147,0.003,0.0
2026-03-17 13:50:13.685279,DONE,51.4234127,-2.6714146,0.003,0.0
2026-03-17 13:50:15.365047,DONE,51.4234127,-2.6714146,0.003,0.0
2026-03-17 13:50:17.172087,DONE,51.4234127,-2.6714146,0.002,0.0
2026-03-17 13:50:18.816841,DONE,51.4234127,-2.6714146,0.003,0.0
2026-03-17 13:50:20.491061,DONE,51.4234127,-2.6714146,0.003,0.0
2026-03-17 13:50:22.123237,DONE,51.4234127,-2.6714146,0.003,0.0
2026-03-17 13:50:23.863045,DONE,51.4234127,-2.6714146,0.003,0.0
2026-03-17 13:50:24.948372,DONE,51.4234127,-2.6714146,0.003,0.0
2026-03-17 13:50:26.624757,DONE,51.4234127,-2.6714146,0.003,0.0
2026-03-17 13:50:28.235815,DONE,51.4234127,-2.6714146,0.003,0.0
2026-03-17 13:50:29.959103,DONE,51.4234127,-2.6714146,0.003,0.0
2026-03-17 13:50:31.813738,DONE,51.4234127,-2.6714146,0.003,0.0
2026-03-17 13:50:33.440254,DONE,51.4234127,-2.6714146,0.003,0.0
2026-03-17 13:50:35.139308,DONE,51.4234127,-2.6714146,0.002,0.0
2026-03-17 13:50:36.757400,DONE,51.4234127,-2.6714146,0.003,0.0
2026-03-17 13:50:38.358110,DONE,51.4234127,-2.6714146,0.003,0.0
2026-03-17 13:50:40.021905,DONE,51.4234127,-2.6714146,0.003,0.0
2026-03-17 13:50:41.639229,DONE,51.4234127,-2.6714146,0.003,0.0
2026-03-17 13:50:43.268137,DONE,51.4234127,-2.6714146,0.003,0.0
2026-03-17 13:50:44.950211,DONE,51.4234127,-2.6714146,0.003,0.0
2026-03-17 13:50:46.687100,DONE,51.4234127,-2.6714146,0.003,0.0
2026-03-17 13:50:48.308609,DONE,51.4234127,-2.6714146,0.003,0.0
2026-03-17 13:50:49.971237,DONE,51.4234127,-2.6714146,0.003,0.0
2026-03-17 13:50:51.633994,DONE,51.4234127,-2.6714146,0.003,0.0
2026-03-17 13:50:53.241169,DONE,51.4234127,-2.6714146,0.003,0.0
2026-03-17 13:50:55.185928,DONE,51.4234127,-2.6714146,0.003,0.0
2026-03-17 13:50:57.230092,DONE,51.4234127,-2.6714146,0.003,0.0
2026-03-17 13:50:59.171722,DONE,51.4234127,-2.6714146,0.002,0.0
2026-03-17 13:51:00.263005,DONE,51.4234127,-2.6714146,0.002,0.0
2026-03-17 13:51:01.295291,DONE,51.4234127,-2.6714146,0.003,0.0
2026-03-17 13:51:02.327468,DONE,51.4234127,-2.6714146,0.003,0.0
2026-03-17 13:51:04.291590,DONE,51.4234127,-2.6714146,0.002,0.0
2026-03-17 13:51:05.420785,DONE,51.4234127,-2.6714146,0.003,0.0
2026-03-17 13:51:06.514021,DONE,51.4234127,-2.6714147,0.003,0.0
2026-03-17 13:51:07.615356,DONE,51.4234127,-2.6714148,0.003,0.0
2026-03-17 13:51:09.528704,DONE,51.4234127,-2.6714149,0.003,0.0
2026-03-17 13:51:11.370596,DONE,51.4234127,-2.6714149,0.003,0.0
2026-03-17 13:51:12.460265,DONE,51.4234127,-2.6714149,0.003,0.0
2026-03-17 13:51:13.744989,DONE,51.4234127,-2.671415,0.004,0.0
2026-03-17 13:51:14.834165,DONE,51.4234127,-2.671415,0.003,0.0
2026-03-17 13:51:16.610664,DONE,51.4234127,-2.671415,0.003,0.0
2026-03-17 13:51:18.343072,DONE,51.4234127,-2.671415,0.003,0.0
2026-03-17 13:51:20.054548,DONE,51.4234127,-2.671415,0.003,0.0
2026-03-17 13:51:21.781388,DONE,51.4234127,-2.671415,0.003,0.0
2026-03-17 13:51:24.055140,DONE,51.4234127,-2.671415,0.003,0.0
2026-03-17 13:51:25.589805,DONE,51.4234127,-2.671415,0.003,0.0
2026-03-17 13:51:26.744689,DONE,51.4234127,-2.671415,0.003,0.0
2026-03-17 13:51:28.435826,DONE,51.4234127,-2.671415,0.003,0.0
2026-03-17 13:51:29.496049,DONE,51.4234127,-2.671415,0.003,0.0
2026-03-17 13:51:30.982508,DONE,51.4234127,-2.671415,0.003,0.0
2026-03-17 13:51:32.557302,DONE,51.4234127,-2.671415,0.003,0.0
2026-03-17 13:51:33.872261,DONE,51.4234127,-2.671415,0.003,0.0
2026-03-17 13:51:34.989869,DONE,51.4234127,-2.671415,0.003,0.0
2026-03-17 13:51:37.303854,DONE,51.4234127,-2.671415,0.003,0.0
2026-03-17 13:51:39.449359,DONE,51.4234127,-2.671415,0.003,0.0
2026-03-17 13:51:40.934470,DONE,51.4234127,-2.671415,0.003,0.0
2026-03-17 13:51:42.195442,DONE,51.4234127,-2.671415,0.003,0.0
2026-03-17 13:51:44.085279,DONE,51.4234127,-2.671415,0.003,0.0
2026-03-17 13:51:45.189046,DONE,51.4234127,-2.671415,0.003,0.0
2026-03-17 13:51:46.941694,DONE,51.4234127,-2.671415,0.003,0.0
2026-03-17 13:51:48.633721,DONE,51.4234127,-2.671415,0.003,0.0
2026-03-17 13:51:50.350419,DONE,51.4234127,-2.671415,0.003,0.0
2026-03-17 13:51:52.026566,DONE,51.4234127,-2.671415,0.003,0.0
2026-03-17 13:51:53.744267,DONE,51.4234127,-2.671415,0.003,0.0
2026-03-17 13:51:55.737511,DONE,51.4234127,-2.671415,0.003,0.0
2026-03-17 13:51:57.465909,DONE,51.4234127,-2.671415,0.003,0.0
2026-03-17 13:51:59.151581,DONE,51.4234127,-2.671415,0.003,0.0
2026-03-17 13:52:00.813277,DONE,51.4234127,-2.671415,0.003,0.0
2026-03-17 13:52:02.551213,DONE,51.4234127,-2.671415,0.002,0.0
2026-03-17 13:52:04.238401,DONE,51.4234127,-2.671415,0.003,0.0
2026-03-17 13:52:05.972672,DONE,51.4234127,-2.6714149,0.003,0.0
2026-03-17 13:52:07.647227,DONE,51.4234127,-2.6714148,0.002,0.0
2026-03-17 13:52:09.284151,DONE,51.4234127,-2.6714147,0.003,0.0
2026-03-17 13:52:10.908059,DONE,51.4234127,-2.6714147,0.003,0.0
2026-03-17 13:52:12.554514,DONE,51.4234127,-2.6714146,0.003,0.0
2026-03-17 13:52:14.184108,DONE,51.4234127,-2.6714146,0.003,0.0
2026-03-17 13:52:15.875497,DONE,51.4234127,-2.6714146,0.003,0.0
2026-03-17 13:52:17.500725,DONE,51.4234127,-2.6714146,0.003,0.0
2026-03-17 13:52:19.100393,DONE,51.4234127,-2.6714146,0.003,0.0
2026-03-17 13:52:20.728882,DONE,51.4234127,-2.6714146,0.003,0.0
2026-03-17 13:52:22.358877,DONE,51.4234127,-2.6714146,0.003,0.0
2026-03-17 13:52:24.011383,DONE,51.4234127,-2.6714146,0.003,0.0
2026-03-17 13:52:25.711941,DONE,51.4234127,-2.6714146,0.003,0.0
2026-03-17 13:52:27.405724,DONE,51.4234127,-2.6714146,0.003,0.0
2026-03-17 13:52:29.021953,DONE,51.4234127,-2.6714146,0.003,0.0
2026-03-17 13:52:30.659255,DONE,51.4234127,-2.6714146,0.003,0.0
2026-03-17 13:52:32.289135,DONE,51.4234127,-2.6714146,0.003,0.0
2026-03-17 13:52:33.913472,DONE,51.4234127,-2.6714146,0.003,0.0
2026-03-17 13:52:35.585575,DONE,51.4234127,-2.6714146,0.002,0.0
2026-03-17 13:52:37.274433,DONE,51.4234127,-2.6714146,0.003,0.0
2026-03-17 13:52:38.874604,DONE,51.4234127,-2.6714146,0.003,0.0
2026-03-17 13:52:40.495358,DONE,51.4234127,-2.6714146,0.003,0.0
2026-03-17 13:52:42.132188,DONE,51.4234127,-2.6714146,0.003,0.0
2026-03-17 13:52:43.732543,DONE,51.4234127,-2.6714146,0.002,0.0
2026-03-17 13:52:45.367363,DONE,51.4234127,-2.6714146,0.003,0.0
2026-03-17 13:52:47.000670,DONE,51.4234127,-2.6714146,0.003,0.0
2026-03-17 13:52:48.633209,DONE,51.4234127,-2.6714146,0.003,0.0
2026-03-17 13:52:50.266664,DONE,51.4234127,-2.6714146,0.003,0.0
2026-03-17 13:52:51.903687,DONE,51.4234127,-2.6714146,0.003,0.0
2026-03-17 13:52:53.560705,DONE,51.4234127,-2.6714146,0.003,0.0
2026-03-17 13:52:55.520699,DONE,51.4234127,-2.6714146,0.003,0.0
2026-03-17 13:52:57.244393,DONE,51.4234127,-2.6714146,0.003,0.0
2026-03-17 13:52:58.884157,DONE,51.4234127,-2.6714146,0.002,0.0
2026-03-17 13:53:00.525604,DONE,51.4234127,-2.6714146,0.003,0.0
2026-03-17 13:53:02.094959,DONE,51.4234127,-2.6714146,0.003,0.0
2026-03-17 13:53:03.723292,DONE,51.4234127,-2.6714146,0.003,0.0
2026-03-17 13:53:05.449162,DONE,51.4234127,-2.6714146,0.003,0.0
2026-03-17 13:53:07.143069,DONE,51.4234127,-2.6714148,0.003,0.0
2026-03-17 13:53:08.734176,DONE,51.4234127,-2.6714149,0.003,0.0
2026-03-17 13:53:10.400780,DONE,51.4234127,-2.6714149,0.003,0.0
2026-03-17 13:53:12.017463,DONE,51.4234127,-2.671415,0.003,0.0
2026-03-17 13:53:13.639443,DONE,51.4234127,-2.671415,0.003,0.0
2026-03-17 13:53:15.266871,DONE,51.4234127,-2.671415,0.003,0.0
2026-03-17 13:53:16.861471,DONE,51.4234127,-2.671415,0.003,0.0
2026-03-17 13:53:18.431236,DONE,51.4234127,-2.671415,0.003,0.0
2026-03-17 13:53:20.020474,DONE,51.4234127,-2.671415,0.003,0.0
2026-03-17 13:53:21.605137,DONE,51.4234127,-2.671415,0.003,0.0
2026-03-17 13:53:23.170541,DONE,51.4234127,-2.671415,0.003,0.0
2026-03-17 13:53:24.771209,DONE,51.4234127,-2.671415,0.003,0.0
2026-03-17 13:53:26.504712,DONE,51.4234127,-2.671415,0.003,0.0
2026-03-17 13:53:28.123749,DONE,51.4234127,-2.671415,0.003,0.0
2026-03-17 13:53:29.883431,DONE,51.4234127,-2.671415,0.003,0.0
2026-03-17 13:53:31.504549,DONE,51.4234127,-2.671415,0.003,0.0
2026-03-17 13:53:33.126289,DONE,51.4234127,-2.671415,0.003,0.0
2026-03-17 13:53:34.761086,DONE,51.4234127,-2.671415,0.003,0.0
2026-03-17 13:53:36.382779,DONE,51.4234127,-2.671415,0.003,0.0
2026-03-17 13:53:37.963751,DONE,51.4234127,-2.671415,0.003,0.0
2026-03-17 13:53:39.586111,DONE,51.4234127,-2.671415,0.003,0.0
2026-03-17 13:53:41.220892,DONE,51.4234127,-2.671415,0.003,0.0
2026-03-17 13:53:42.830831,DONE,51.4234127,-2.671415,0.003,0.0
2026-03-17 13:53:44.494608,DONE,51.4234127,-2.671415,0.003,0.0
2026-03-17 13:53:46.104504,DONE,51.4234127,-2.671415,0.003,0.0
2026-03-17 13:53:47.690305,DONE,51.4234127,-2.671415,0.003,0.0
2026-03-17 13:53:49.302492,DONE,51.4234127,-2.671415,0.003,0.0
2026-03-17 13:53:50.885376,DONE,51.4234127,-2.671415,0.003,0.0
2026-03-17 13:53:52.788049,DONE,51.4234127,-2.671415,0.003,0.0
2026-03-17 13:53:54.596911,DONE,51.4234127,-2.671415,0.003,0.0
2026-03-17 13:53:56.507231,DONE,51.4234127,-2.671415,0.003,0.0
2026-03-17 13:53:58.155237,DONE,51.4234127,-2.671415,0.003,0.0
2026-03-17 13:53:59.870209,DONE,51.4234127,-2.671415,0.003,0.0
2026-03-17 13:54:01.517984,DONE,51.4234127,-2.671415,0.003,0.0
2026-03-17 13:54:03.131774,DONE,51.4234127,-2.671415,0.003,0.0
2026-03-17 13:54:04.798308,DONE,51.4234127,-2.671415,0.002,0.0
2026-03-17 13:54:06.431109,DONE,51.4234127,-2.6714149,0.003,0.0
2026-03-17 13:54:08.043370,DONE,51.4234127,-2.6714148,0.003,0.0
2026-03-17 13:54:09.679304,DONE,51.4234127,-2.6714147,0.003,0.0
2026-03-17 13:54:11.306812,DONE,51.4234127,-2.6714147,0.003,0.0
2026-03-17 13:54:12.916142,DONE,51.4234127,-2.6714146,0.002,0.0
2026-03-17 13:54:14.563961,DONE,51.4234127,-2.6714146,0.003,0.0
2026-03-17 13:54:16.426811,DONE,51.4234127,-2.6714146,0.003,0.0
2026-03-17 13:54:18.053718,DONE,51.4234127,-2.6714146,0.003,0.0
2026-03-17 13:54:19.676239,DONE,51.4234127,-2.6714146,0.003,0.0
2026-03-17 13:54:21.294911,DONE,51.4234127,-2.6714146,0.003,0.0
2026-03-17 13:54:22.894221,DONE,51.4234127,-2.6714146,0.003,0.0
2026-03-17 13:54:24.478243,DONE,51.4234127,-2.6714146,0.002,0.0
2026-03-17 13:54:26.109742,DONE,51.4234127,-2.6714146,0.003,0.0
2026-03-17 13:54:27.735859,DONE,51.4234127,-2.6714146,0.003,0.0
2026-03-17 13:54:29.396965,DONE,51.4234127,-2.6714146,0.003,0.0
2026-03-17 13:54:30.964487,DONE,51.4234127,-2.6714146,0.003,0.0
2026-03-17 13:54:32.541810,DONE,51.4234127,-2.6714146,0.003,0.0
2026-03-17 13:54:34.130243,DONE,51.4234127,-2.6714146,0.002,0.0
2026-03-17 13:54:35.742872,DONE,51.4234127,-2.6714146,0.002,0.0
2026-03-17 13:54:37.380850,DONE,51.4234127,-2.6714146,0.003,0.0
2026-03-17 13:54:38.971696,DONE,51.4234127,-2.6714146,0.003,0.0
2026-03-17 13:54:40.608874,DONE,51.4234127,-2.6714146,0.003,0.0
2026-03-17 13:54:42.244268,DONE,51.4234127,-2.6714146,0.003,0.0
2026-03-17 13:54:43.837633,DONE,51.4234127,-2.6714146,0.003,0.0
2026-03-17 13:54:45.494320,DONE,51.4234127,-2.6714146,0.003,0.0
2026-03-17 13:54:47.092413,DONE,51.4234127,-2.6714146,0.003,0.0
2026-03-17 13:54:48.687585,DONE,51.4234127,-2.6714146,0.003,0.0
2026-03-17 13:54:50.303916,DONE,51.4234127,-2.6714146,0.002,0.0
2026-03-17 13:54:51.909266,DONE,51.4234127,-2.6714146,0.003,0.0
2026-03-17 13:54:53.483374,DONE,51.4234127,-2.6714146,0.003,0.0
2026-03-17 13:54:55.398328,DONE,51.4234127,-2.6714146,0.003,0.0
2026-03-17 13:54:57.158101,DONE,51.4234127,-2.6714146,0.003,0.0
2026-03-17 13:54:58.725520,DONE,51.4234127,-2.6714146,0.003,0.0
2026-03-17 13:55:00.360910,DONE,51.4234127,-2.6714146,0.003,0.0
2026-03-17 13:55:01.941183,DONE,51.4234127,-2.6714146,0.003,0.0
2026-03-17 13:55:03.511723,DONE,51.4234127,-2.6714146,0.003,0.0
2026-03-17 13:55:05.185595,DONE,51.4234127,-2.6714146,0.003,0.0
2026-03-17 13:55:06.812714,DONE,51.4234127,-2.6714148,0.003,0.0
2026-03-17 13:55:08.405590,DONE,51.4234127,-2.6714149,0.003,0.0
2026-03-17 13:55:10.002065,DONE,51.4234127,-2.6714149,0.003,0.0
2026-03-17 13:55:11.635958,DONE,51.4234127,-2.6714149,0.003,0.0
2026-03-17 13:55:13.238908,DONE,51.4234127,-2.671415,0.003,0.0
2026-03-17 13:55:14.854243,DONE,51.4234127,-2.671415,0.003,0.0
2026-03-17 13:55:16.397335,DONE,51.4234127,-2.671415,0.003,0.0
2026-03-17 13:55:17.986638,DONE,51.4234127,-2.671415,0.003,0.0
2026-03-17 13:55:19.574118,DONE,51.4234127,-2.671415,0.003,0.0
2026-03-17 13:55:21.218972,DONE,51.4234127,-2.671415,0.003,0.0
2026-03-17 13:55:22.787613,DONE,51.4234127,-2.671415,0.003,0.0
2026-03-17 13:55:24.396432,DONE,51.4234127,-2.671415,0.003,0.0
2026-03-17 13:55:25.989974,DONE,51.4234127,-2.671415,0.004,0.0
2026-03-17 13:55:27.526212,DONE,51.4234127,-2.671415,0.003,0.0
2026-03-17 13:55:29.119879,DONE,51.4234127,-2.671415,0.003,0.0
2026-03-17 13:55:30.747859,DONE,51.4234127,-2.671415,0.002,0.0
2026-03-17 13:55:32.363780,DONE,51.4234127,-2.671415,0.003,0.0
2026-03-17 13:55:33.948569,DONE,51.4234127,-2.671415,0.003,0.0
2026-03-17 13:55:35.581430,DONE,51.4234127,-2.671415,0.003,0.0
2026-03-17 13:55:37.167548,DONE,51.4234127,-2.671415,0.003,0.0
2026-03-17 13:55:38.738682,DONE,51.4234127,-2.671415,0.003,0.0
2026-03-17 13:55:40.348041,DONE,51.4234127,-2.671415,0.003,0.0
2026-03-17 13:55:41.972933,DONE,51.4234127,-2.671415,0.003,0.0
2026-03-17 13:55:43.537097,DONE,51.4234127,-2.671415,0.003,0.0
2026-03-17 13:55:45.115509,DONE,51.4234127,-2.671415,0.003,0.0
2026-03-17 13:55:46.683970,DONE,51.4234127,-2.671415,0.003,0.0
2026-03-17 13:55:48.322925,DONE,51.4234127,-2.671415,0.002,0.0
2026-03-17 13:55:49.921756,DONE,51.4234127,-2.671415,0.003,0.0
2026-03-17 13:55:51.495012,DONE,51.4234127,-2.671415,0.003,0.0
2026-03-17 13:55:53.084201,DONE,51.4234127,-2.671415,0.003,0.0
2026-03-17 13:55:54.933258,DONE,51.4234127,-2.671415,0.003,0.0
2026-03-17 13:55:56.725053,DONE,51.4234127,-2.671415,0.003,0.0
2026-03-17 13:55:58.308974,DONE,51.4234127,-2.671415,0.003,0.0
2026-03-17 13:55:59.908990,DONE,51.4234127,-2.671415,0.003,0.0
2026-03-17 13:56:01.490971,DONE,51.4234127,-2.671415,0.003,0.0
2026-03-17 13:56:03.094654,DONE,51.4234127,-2.671415,0.003,0.0
2026-03-17 13:56:04.776805,DONE,51.4234127,-2.671415,0.004,0.0
2026-03-17 13:56:06.426589,DONE,51.4234127,-2.6714148,0.002,0.0
2026-03-17 13:56:08.015357,DONE,51.4234127,-2.6714147,0.002,0.0
2026-03-17 13:56:09.628055,DONE,51.4234127,-2.6714147,0.003,0.0
2026-03-17 13:56:11.213636,DONE,51.4234127,-2.6714147,0.003,0.0
2026-03-17 13:56:12.808602,DONE,51.4234127,-2.6714146,0.003,0.0
2026-03-17 13:56:14.419711,DONE,51.4234127,-2.6714146,0.002,0.0
2026-03-17 13:56:16.019666,DONE,51.4234127,-2.6714146,0.003,0.0
2026-03-17 13:56:17.555247,DONE,51.4234127,-2.6714146,0.003,0.0
2026-03-17 13:56:19.105828,DONE,51.4234127,-2.6714146,0.003,0.0
2026-03-17 13:56:20.720497,DONE,51.4234127,-2.6714146,0.002,0.0
2026-03-17 13:56:22.295797,DONE,51.4234127,-2.6714146,0.003,0.0
2026-03-17 13:56:23.879877,DONE,51.4234127,-2.6714146,0.003,0.0
2026-03-17 13:56:25.504460,DONE,51.4234127,-2.6714146,0.003,0.0
2026-03-17 13:56:27.059027,DONE,51.4234127,-2.6714146,0.003,0.0
2026-03-17 13:56:28.660935,DONE,51.4234127,-2.6714146,0.003,0.0
2026-03-17 13:56:30.239987,DONE,51.4234127,-2.6714146,0.003,0.0
2026-03-17 13:56:31.817142,DONE,51.4234127,-2.6714146,0.003,0.0
2026-03-17 13:56:33.403910,DONE,51.4234127,-2.6714146,0.003,0.0
2026-03-17 13:56:34.987786,DONE,51.4234127,-2.6714146,0.003,0.0
2026-03-17 13:56:36.517258,DONE,51.4234127,-2.6714146,0.003,0.0
2026-03-17 13:56:38.093618,DONE,51.4234127,-2.6714146,0.003,0.0
2026-03-17 13:56:39.714187,DONE,51.4234127,-2.6714146,0.002,0.0
2026-03-17 13:56:41.328108,DONE,51.4234127,-2.6714146,0.003,0.0
2026-03-17 13:56:42.929051,DONE,51.4234127,-2.6714146,0.003,0.0
2026-03-17 13:56:44.544885,DONE,51.4234127,-2.6714146,0.003,0.0
2026-03-17 13:56:46.097559,DONE,51.4234127,-2.6714146,0.003,0.0
2026-03-17 13:56:47.650138,DONE,51.4234127,-2.6714146,0.003,0.0
2026-03-17 13:56:49.250210,DONE,51.4234127,-2.6714146,0.003,0.0
2026-03-17 13:56:50.843182,DONE,51.4234127,-2.6714146,0.003,0.0
2026-03-17 13:56:52.427516,DONE,51.4234127,-2.6714146,0.003,0.0
2026-03-17 13:56:54.154585,DONE,51.4234127,-2.6714146,0.003,0.0
2026-03-17 13:56:56.054683,DONE,51.4234127,-2.6714146,0.003,0.0
2026-03-17 13:56:57.685435,DONE,51.4234127,-2.6714146,0.003,0.0
2026-03-17 13:56:59.269736,DONE,51.4234127,-2.6714146,0.003,0.0
2026-03-17 13:57:00.896407,DONE,51.4234127,-2.6714146,0.002,0.0
2026-03-17 13:57:02.464376,DONE,51.4234127,-2.6714146,0.003,0.0
2026-03-17 13:57:04.019191,DONE,51.4234127,-2.6714146,0.003,0.0
2026-03-17 13:57:05.716543,DONE,51.4234127,-2.6714147,0.003,0.0
2026-03-17 13:57:07.265456,DONE,51.4234127,-2.6714148,0.003,0.0
2026-03-17 13:57:08.879216,DONE,51.4234127,-2.6714149,0.003,0.0
2026-03-17 13:57:10.474074,DONE,51.4234127,-2.6714149,0.004,0.0
2026-03-17 13:57:12.037340,DONE,51.4234127,-2.671415,0.003,0.0
2026-03-17 13:57:13.623004,DONE,51.4234127,-2.671415,0.003,0.0
2026-03-17 13:57:15.231680,DONE,51.4234127,-2.671415,0.003,0.0
2026-03-17 13:57:16.824533,DONE,51.4234127,-2.671415,0.003,0.0
2026-03-17 13:57:18.427411,DONE,51.4234127,-2.671415,0.003,0.0
2026-03-17 13:57:20.043239,DONE,51.4234127,-2.671415,0.003,0.0
2026-03-17 13:57:21.682330,DONE,51.4234127,-2.671415,0.003,0.0
2026-03-17 13:57:23.286170,DONE,51.4234127,-2.671415,0.003,0.0
2026-03-17 13:57:24.860271,DONE,51.4234127,-2.671415,0.003,0.0
2026-03-17 13:57:26.454632,DONE,51.4234127,-2.671415,0.003,0.0
2026-03-17 13:57:28.042688,DONE,51.4234127,-2.671415,0.003,0.0
2026-03-17 13:57:29.642621,DONE,51.4234127,-2.671415,0.003,0.0
2026-03-17 13:57:31.227996,DONE,51.4234127,-2.671415,0.003,0.0
2026-03-17 13:57:32.817288,DONE,51.4234127,-2.671415,0.003,0.0
2026-03-17 13:57:34.411587,DONE,51.4234127,-2.671415,0.003,0.0
2026-03-17 13:57:36.028825,DONE,51.4234127,-2.671415,0.003,0.0
2026-03-17 13:57:37.563658,DONE,51.4234127,-2.671415,0.003,0.0
2026-03-17 13:57:39.140505,DONE,51.4234127,-2.671415,0.003,0.0
2026-03-17 13:57:40.723329,DONE,51.4234127,-2.671415,0.003,0.0
2026-03-17 13:57:42.326801,DONE,51.4234127,-2.671415,0.003,0.0
2026-03-17 13:57:43.887205,DONE,51.4234127,-2.671415,0.003,0.0
2026-03-17 13:57:45.588782,DONE,51.4234127,-2.671415,0.003,0.0
2026-03-17 13:57:47.183925,DONE,51.4234127,-2.671415,0.003,0.0
2026-03-17 13:57:48.733181,DONE,51.4234127,-2.671415,0.003,0.0
2026-03-17 13:57:50.316851,DONE,51.4234127,-2.671415,0.003,0.0
2026-03-17 13:57:51.878423,DONE,51.4234127,-2.671415,0.003,0.0
2026-03-17 13:57:53.450367,DONE,51.4234127,-2.671415,0.003,0.0
2026-03-17 13:57:55.297215,DONE,51.4234127,-2.671415,0.003,0.0
2026-03-17 13:57:57.030272,DONE,51.4234127,-2.671415,0.003,0.0
2026-03-17 13:57:58.601734,DONE,51.4234127,-2.671415,0.003,0.0
2026-03-17 13:58:00.174416,DONE,51.4234127,-2.671415,0.003,0.0
2026-03-17 13:58:01.746415,DONE,51.4234127,-2.671415,0.003,0.0
2026-03-17 13:58:03.343947,DONE,51.4234127,-2.671415,0.003,0.0
2026-03-17 13:58:04.984666,DONE,51.4234127,-2.671415,0.003,0.0
2026-03-17 13:58:06.561935,DONE,51.4234127,-2.6714148,0.003,0.0
2026-03-17 13:58:08.155930,DONE,51.4234127,-2.6714147,0.003,0.0
2026-03-17 13:58:09.740200,DONE,51.4234127,-2.6714147,0.002,0.0
2026-03-17 13:58:11.341318,DONE,51.4234127,-2.6714147,0.003,0.0
2026-03-17 13:58:12.933727,DONE,51.4234127,-2.6714146,0.003,0.0
2026-03-17 13:58:14.540858,DONE,51.4234127,-2.6714146,0.003,0.0
2026-03-17 13:58:16.254004,DONE,51.4234127,-2.6714146,0.003,0.0
2026-03-17 13:58:17.829681,DONE,51.4234127,-2.6714146,0.003,0.0
2026-03-17 13:58:19.433421,DONE,51.4234127,-2.6714146,0.003,0.0
2026-03-17 13:58:21.030202,DONE,51.4234127,-2.6714146,0.002,0.0
2026-03-17 13:58:22.563031,DONE,51.4234127,-2.6714146,0.003,0.0
2026-03-17 13:58:24.224922,DONE,51.4234127,-2.6714146,0.003,0.0
2026-03-17 13:58:26.107101,DONE,51.4234127,-2.6714146,0.003,0.0
2026-03-17 13:58:27.881490,DONE,51.4234127,-2.6714146,0.003,0.0
2026-03-17 13:58:29.579913,DONE,51.4234127,-2.6714146,0.003,0.0
2026-03-17 13:58:31.176592,DONE,51.4234127,-2.6714146,0.003,0.0
2026-03-17 13:58:32.795873,DONE,51.4234127,-2.6714146,0.003,0.0
2026-03-17 13:58:34.407500,DONE,51.4234127,-2.6714146,0.003,0.0
2026-03-17 13:58:35.982959,DONE,51.4234127,-2.6714146,0.003,0.0
2026-03-17 13:58:37.563051,DONE,51.4234127,-2.6714146,0.003,0.0
2026-03-17 13:58:39.130280,DONE,51.4234127,-2.6714146,0.003,0.0
2026-03-17 13:58:40.722213,DONE,51.4234127,-2.6714146,0.003,0.0
2026-03-17 13:58:42.296537,DONE,51.4234127,-2.6714146,0.002,0.0
2026-03-17 13:58:43.877133,DONE,51.4234127,-2.6714146,0.003,0.0
2026-03-17 13:58:45.485940,DONE,51.4234127,-2.6714146,0.003,0.0
2026-03-17 13:58:47.075446,DONE,51.4234127,-2.6714146,0.003,0.0
2026-03-17 13:58:48.658272,DONE,51.4234127,-2.6714146,0.003,0.0
2026-03-17 13:58:50.284255,DONE,51.4234127,-2.6714146,0.002,0.0
2026-03-17 13:58:51.865146,DONE,51.4234127,-2.6714146,0.003,0.0
2026-03-17 13:58:53.521582,DONE,51.4234127,-2.6714146,0.003,0.0
2026-03-17 13:58:55.411620,DONE,51.4234127,-2.6714146,0.003,0.0
2026-03-17 13:58:57.060981,DONE,51.4234127,-2.6714146,0.003,0.0
2026-03-17 13:58:58.649414,DONE,51.4234127,-2.6714146,0.003,0.0
2026-03-17 13:59:00.278909,DONE,51.4234127,-2.6714146,0.003,0.0
2026-03-17 13:59:01.846503,DONE,51.4234127,-2.6714146,0.003,0.0
2026-03-17 13:59:03.428467,DONE,51.4234127,-2.6714146,0.003,0.0
2026-03-17 13:59:05.049705,DONE,51.4234127,-2.6714146,0.003,0.0
2026-03-17 13:59:06.621905,DONE,51.4234127,-2.6714148,0.003,0.0
2026-03-17 13:59:08.199227,DONE,51.4234127,-2.6714149,0.003,0.0
2026-03-17 13:59:09.828745,DONE,51.4234127,-2.6714149,0.003,0.0
2026-03-17 13:59:11.432729,DONE,51.4234127,-2.671415,0.003,0.0
2026-03-17 13:59:13.007494,DONE,51.4234127,-2.671415,0.003,0.0
2026-03-17 13:59:14.625769,DONE,51.4234127,-2.671415,0.003,0.0
2026-03-17 13:59:16.505694,DONE,51.4234127,-2.671415,0.003,0.0
2026-03-17 13:59:18.087774,DONE,51.4234127,-2.671415,0.003,0.0
2026-03-17 13:59:19.685729,DONE,51.4234127,-2.671415,0.003,0.0
2026-03-17 13:59:21.289865,DONE,51.4234127,-2.671415,0.003,0.0
2026-03-17 13:59:22.821980,DONE,51.4234127,-2.671415,0.003,0.0
2026-03-17 13:59:24.406046,DONE,51.4234127,-2.671415,0.003,0.0
2026-03-17 13:59:26.023179,DONE,51.4234127,-2.671415,0.003,0.0
2026-03-17 13:59:27.559667,DONE,51.4234127,-2.671415,0.003,0.0
2026-03-17 13:59:29.114790,DONE,51.4234127,-2.671415,0.003,0.0
2026-03-17 13:59:30.727869,DONE,51.4234127,-2.671415,0.003,0.0
2026-03-17 13:59:32.303411,DONE,51.4234127,-2.671415,0.003,0.0
2026-03-17 13:59:33.906080,DONE,51.4234127,-2.671415,0.003,0.0
2026-03-17 13:59:35.499709,DONE,51.4234127,-2.671415,0.003,0.0
2026-03-17 13:59:37.044714,DONE,51.4234127,-2.671415,0.003,0.0
2026-03-17 13:59:38.611961,DONE,51.4234127,-2.671415,0.003,0.0
2026-03-17 13:59:40.223563,DONE,51.4234127,-2.671415,0.003,0.0
2026-03-17 13:59:41.798076,DONE,51.4234127,-2.671415,0.003,0.0
2026-03-17 13:59:43.408360,DONE,51.4234127,-2.671415,0.003,0.0
2026-03-17 13:59:45.028814,DONE,51.4234127,-2.671415,0.003,0.0
2026-03-17 13:59:46.743080,DONE,51.4234127,-2.671415,0.003,0.0
2026-03-17 13:59:48.403340,DONE,51.4234127,-2.671415,0.003,0.0
2026-03-17 13:59:49.993179,DONE,51.4234127,-2.671415,0.003,0.0
2026-03-17 13:59:51.543935,DONE,51.4234127,-2.671415,0.003,0.0
2026-03-17 13:59:53.089609,DONE,51.4234127,-2.671415,0.003,0.0
2026-03-17 13:59:54.975476,DONE,51.4234127,-2.671415,0.003,0.0
2026-03-17 13:59:56.680956,DONE,51.4234127,-2.671415,0.003,0.0
2026-03-17 13:59:58.259592,DONE,51.4234127,-2.671415,0.003,0.0
2026-03-17 13:59:59.876055,DONE,51.4234127,-2.671415,0.003,0.0
2026-03-17 14:00:01.474689,DONE,51.4234127,-2.671415,0.003,0.0
2026-03-17 14:00:03.028097,DONE,51.4234127,-2.671415,0.003,0.0
2026-03-17 14:00:04.659804,DONE,51.4234127,-2.671415,0.003,0.0
2026-03-17 14:00:06.240876,DONE,51.4234127,-2.6714148,0.002,0.0
2026-03-17 14:00:07.784363,DONE,51.4234127,-2.6714147,0.003,0.0
2026-03-17 14:00:09.369958,DONE,51.4234127,-2.6714147,0.003,0.0
2026-03-17 14:00:10.957447,DONE,51.4234127,-2.6714147,0.002,0.0
2026-03-17 14:00:12.514803,DONE,51.4234127,-2.6714146,0.003,0.0
2026-03-17 14:00:14.123305,DONE,51.4234127,-2.6714146,0.003,0.0
2026-03-17 14:00:15.754305,DONE,51.4234127,-2.6714146,0.003,0.0
2026-03-17 14:00:17.336862,DONE,51.4234127,-2.6714146,0.003,0.0
2026-03-17 14:00:18.933293,DONE,51.4234127,-2.6714146,0.003,0.0
2026-03-17 14:00:20.537646,DONE,51.4234127,-2.6714146,0.003,0.0
2026-03-17 14:00:22.100536,DONE,51.4234127,-2.6714146,0.003,0.0
2026-03-17 14:00:23.761424,DONE,51.4234127,-2.6714146,0.003,0.0
2026-03-17 14:00:24.783421,DONE,51.4234127,-2.6714146,0.003,0.0
2026-03-17 14:00:26.389600,DONE,51.4234127,-2.6714146,0.003,0.0
2026-03-17 14:00:27.936038,DONE,51.4234127,-2.6714146,0.003,0.0
2026-03-17 14:00:29.506032,DONE,51.4234127,-2.6714146,0.003,0.0
2026-03-17 14:00:31.182462,DONE,51.4234127,-2.6714146,0.002,0.0
2026-03-17 14:00:32.774281,DONE,51.4234127,-2.6714146,0.003,0.0
2026-03-17 14:00:34.375632,DONE,51.4234127,-2.6714146,0.003,0.0
2026-03-17 14:00:35.976931,DONE,51.4234127,-2.6714146,0.003,0.0
2026-03-17 14:00:37.557721,DONE,51.4234127,-2.6714146,0.003,0.0
2026-03-17 14:00:39.131578,DONE,51.4234127,-2.6714146,0.003,0.0
2026-03-17 14:00:40.730871,DONE,51.4234127,-2.6714146,0.003,0.0
2026-03-17 14:00:42.307157,DONE,51.4234127,-2.6714146,0.003,0.0
2026-03-17 14:00:43.841550,DONE,51.4234127,-2.6714146,0.003,0.0
2026-03-17 14:00:45.489882,DONE,51.4234127,-2.6714146,0.003,0.0
2026-03-17 14:00:47.094237,DONE,51.4234127,-2.6714146,0.003,0.0
2026-03-17 14:00:48.652769,DONE,51.4234127,-2.6714146,0.003,0.0
2026-03-17 14:00:50.273274,DONE,51.4234127,-2.6714146,0.002,0.0
2026-03-17 14:00:51.844046,DONE,51.4234127,-2.6714146,0.003,0.0
2026-03-17 14:00:53.429127,DONE,51.4234127,-2.6714146,0.003,0.0
2026-03-17 14:00:55.320464,DONE,51.4234127,-2.6714146,0.003,0.0
2026-03-17 14:00:57.055676,DONE,51.4234127,-2.6714146,0.003,0.0
2026-03-17 14:00:58.605389,DONE,51.4234127,-2.6714146,0.003,0.0
2026-03-17 14:01:00.251914,DONE,51.4234127,-2.6714146,0.003,0.0
2026-03-17 14:01:01.837829,DONE,51.4234127,-2.6714146,0.002,0.0
2026-03-17 14:01:03.465056,DONE,51.4234127,-2.6714146,0.003,0.0
2026-03-17 14:01:05.119676,DONE,51.4234127,-2.6714147,0.003,0.0
2026-03-17 14:01:06.701816,DONE,51.4234127,-2.6714148,0.003,0.0
2026-03-17 14:01:08.275856,DONE,51.4234127,-2.6714149,0.003,0.0
2026-03-17 14:01:09.877043,DONE,51.4234127,-2.6714149,0.003,0.0
2026-03-17 14:01:11.449300,DONE,51.4234127,-2.671415,0.003,0.0
2026-03-17 14:01:13.033415,DONE,51.4234127,-2.671415,0.003,0.0
2026-03-17 14:01:14.664207,DONE,51.4234127,-2.671415,0.003,0.0
2026-03-17 14:01:16.246318,DONE,51.4234127,-2.671415,0.003,0.0
2026-03-17 14:01:17.811647,DONE,51.4234127,-2.671415,0.003,0.0
2026-03-17 14:01:19.427745,DONE,51.4234127,-2.671415,0.003,0.0
2026-03-17 14:01:21.017812,DONE,51.4234127,-2.671415,0.003,0.0
2026-03-17 14:01:22.600547,DONE,51.4234127,-2.671415,0.003,0.0
2026-03-17 14:01:24.160346,DONE,51.4234127,-2.671415,0.003,0.0
2026-03-17 14:01:25.781092,DONE,51.4234127,-2.671415,0.003,0.0
2026-03-17 14:01:27.356404,DONE,51.4234127,-2.671415,0.003,0.0
2026-03-17 14:01:28.912797,DONE,51.4234127,-2.671415,0.004,0.0
2026-03-17 14:01:30.508841,DONE,51.4234127,-2.671415,0.003,0.0
2026-03-17 14:01:32.042944,DONE,51.4234127,-2.671415,0.002,0.0
2026-03-17 14:01:33.668968,DONE,51.4234127,-2.671415,0.003,0.0
2026-03-17 14:01:35.270361,DONE,51.4234127,-2.671415,0.003,0.0
2026-03-17 14:01:36.815005,DONE,51.4234127,-2.671415,0.003,0.0
2026-03-17 14:01:38.367774,DONE,51.4234127,-2.671415,0.003,0.0
2026-03-17 14:01:39.951121,DONE,51.4234127,-2.671415,0.003,0.0
2026-03-17 14:01:41.613083,DONE,51.4234127,-2.671415,0.003,0.0
2026-03-17 14:01:43.187096,DONE,51.4234127,-2.671415,0.003,0.0
2026-03-17 14:01:44.776852,DONE,51.4234127,-2.671415,0.003,0.0
2026-03-17 14:01:46.356884,DONE,51.4234127,-2.671415,0.003,0.0
2026-03-17 14:01:47.932170,DONE,51.4234127,-2.671415,0.003,0.0
2026-03-17 14:01:49.537062,DONE,51.4234127,-2.671415,0.003,0.0
2026-03-17 14:01:51.084910,DONE,51.4234127,-2.671415,0.003,0.0
2026-03-17 14:01:52.599410,DONE,51.4234127,-2.671415,0.003,0.0
2026-03-17 14:01:54.301034,DONE,51.4234127,-2.671415,0.003,0.0
2026-03-17 14:01:56.148736,DONE,51.4234127,-2.671415,0.003,0.0
2026-03-17 14:01:57.783548,DONE,51.4234127,-2.671415,0.003,0.0
2026-03-17 14:01:59.385679,DONE,51.4234127,-2.671415,0.003,0.0
2026-03-17 14:02:00.943001,DONE,51.4234127,-2.671415,0.003,0.0
2026-03-17 14:02:02.590298,DONE,51.4234127,-2.671415,0.004,0.0
2026-03-17 14:02:04.176777,DONE,51.4234127,-2.671415,0.003,0.0
2026-03-17 14:02:05.809824,DONE,51.4234127,-2.6714148,0.003,0.0
2026-03-17 14:02:07.404262,DONE,51.4234127,-2.6714147,0.003,0.0
2026-03-17 14:02:08.952794,DONE,51.4234127,-2.6714147,0.003,0.0
2026-03-17 14:02:10.542853,DONE,51.4234127,-2.6714147,0.003,0.0
2026-03-17 14:02:12.113780,DONE,51.4234127,-2.6714146,0.003,0.0
2026-03-17 14:02:13.678343,DONE,51.4234127,-2.6714146,0.003,0.0
2026-03-17 14:02:15.273342,DONE,51.4234127,-2.6714146,0.002,0.0
2026-03-17 14:02:16.815307,DONE,51.4234127,-2.6714146,0.002,0.0
2026-03-17 14:02:18.348279,DONE,51.4234127,-2.6714146,0.003,0.0
2026-03-17 14:02:19.949346,DONE,51.4234127,-2.6714146,0.002,0.0
2026-03-17 14:02:21.554504,DONE,51.4234127,-2.6714146,0.003,0.0
2026-03-17 14:02:23.135735,DONE,51.4234127,-2.6714146,0.003,0.0
2026-03-17 14:02:24.788971,DONE,51.4234127,-2.6714146,0.003,0.0
2026-03-17 14:02:26.340123,DONE,51.4234127,-2.6714146,0.003,0.0
2026-03-17 14:02:27.890104,DONE,51.4234127,-2.6714146,0.003,0.0
2026-03-17 14:02:29.463830,DONE,51.4234127,-2.6714146,0.003,0.0
2026-03-17 14:02:31.048262,DONE,51.4234127,-2.6714146,0.003,0.0
2026-03-17 14:02:32.588716,DONE,51.4234127,-2.6714146,0.002,0.0
2026-03-17 14:02:34.140910,DONE,51.4234127,-2.6714146,0.003,0.0
2026-03-17 14:02:35.748432,DONE,51.4234127,-2.6714146,0.003,0.0
2026-03-17 14:02:37.311396,DONE,51.4234127,-2.6714146,0.003,0.0
2026-03-17 14:02:38.897892,DONE,51.4234127,-2.6714146,0.003,0.0
2026-03-17 14:02:40.507964,DONE,51.4234127,-2.6714146,0.003,0.0
2026-03-17 14:02:42.080746,DONE,51.4234127,-2.6714146,0.003,0.0
2026-03-17 14:02:43.644559,DONE,51.4234127,-2.6714146,0.003,0.0
2026-03-17 14:02:45.278361,DONE,51.4234127,-2.6714146,0.003,0.0
2026-03-17 14:02:46.835310,DONE,51.4234127,-2.6714146,0.003,0.0
2026-03-17 14:02:48.398855,DONE,51.4234127,-2.6714146,0.003,0.0
2026-03-17 14:02:49.979778,DONE,51.4234127,-2.6714146,0.003,0.0
2026-03-17 14:02:51.572279,DONE,51.4234127,-2.6714146,0.003,0.0
2026-03-17 14:02:53.144749,DONE,51.4234127,-2.6714146,0.003,0.0
2026-03-17 14:02:54.979171,DONE,51.4234127,-2.6714146,0.003,0.0
2026-03-17 14:02:56.713201,DONE,51.4234127,-2.6714146,0.003,0.0
2026-03-17 14:02:58.298199,DONE,51.4234127,-2.6714146,0.003,0.0
2026-03-17 14:02:59.935340,DONE,51.4234127,-2.6714146,0.003,0.0
2026-03-17 14:03:01.488218,DONE,51.4234127,-2.6714146,0.003,0.0
2026-03-17 14:03:03.117984,DONE,51.4234127,-2.6714146,0.003,0.0
2026-03-17 14:03:04.766191,DONE,51.4234127,-2.6714147,0.003,0.0
2026-03-17 14:03:06.418124,DONE,51.4234127,-2.6714148,0.003,0.0
2026-03-17 14:03:08.006551,DONE,51.4234127,-2.6714149,0.003,0.0
2026-03-17 14:03:09.612223,DONE,51.4234127,-2.6714149,0.002,0.0
2026-03-17 14:03:11.218626,DONE,51.4234127,-2.671415,0.003,0.0
2026-03-17 14:03:12.795819,DONE,51.4234127,-2.671415,0.003,0.0
2026-03-17 14:03:14.362851,DONE,51.4234127,-2.671415,0.003,0.0
2026-03-17 14:03:15.914673,DONE,51.4234127,-2.671415,0.003,0.0
2026-03-17 14:03:17.516541,DONE,51.4234127,-2.671415,0.003,0.0
2026-03-17 14:03:19.079097,DONE,51.4234127,-2.671415,0.003,0.0
2026-03-17 14:03:20.759402,DONE,51.4234127,-2.671415,0.003,0.0
2026-03-17 14:03:22.356559,DONE,51.4234127,-2.671415,0.003,0.0
2026-03-17 14:03:23.946247,DONE,51.4234127,-2.671415,0.003,0.0
2026-03-17 14:03:25.602985,DONE,51.4234127,-2.671415,0.003,0.0
2026-03-17 14:03:27.260545,DONE,51.4234127,-2.671415,0.003,0.0
2026-03-17 14:03:28.971234,DONE,51.4234127,-2.671415,0.003,0.0
2026-03-17 14:03:30.609079,DONE,51.4234127,-2.671415,0.003,0.0
2026-03-17 14:03:32.204371,DONE,51.4234127,-2.671415,0.003,0.0
2026-03-17 14:03:33.762973,DONE,51.4234127,-2.671415,0.003,0.0
2026-03-17 14:03:35.379988,DONE,51.4234127,-2.671415,0.003,0.0
2026-03-17 14:03:36.960539,DONE,51.4234127,-2.671415,0.003,0.0
2026-03-17 14:03:38.531270,DONE,51.4234127,-2.671415,0.003,0.0
2026-03-17 14:03:40.103594,DONE,51.4234127,-2.671415,0.003,0.0
2026-03-17 14:03:41.718981,DONE,51.4234127,-2.671415,0.003,0.0
2026-03-17 14:03:43.304456,DONE,51.4234127,-2.671415,0.003,0.0
2026-03-17 14:03:44.863879,DONE,51.4234127,-2.671415,0.003,0.0
2026-03-17 14:03:46.428817,DONE,51.4234127,-2.671415,0.003,0.0
2026-03-17 14:03:47.992457,DONE,51.4234127,-2.671415,0.003,0.0
2026-03-17 14:03:49.617506,DONE,51.4234127,-2.671415,0.003,0.0
2026-03-17 14:03:51.181225,DONE,51.4234127,-2.671415,0.003,0.0
2026-03-17 14:03:52.717863,DONE,51.4234127,-2.671415,0.003,0.0
2026-03-17 14:03:54.439281,DONE,51.4234127,-2.671415,0.003,0.0
2026-03-17 14:03:56.275588,DONE,51.4234127,-2.671415,0.003,0.0
2026-03-17 14:03:57.881216,DONE,51.4234127,-2.671415,0.003,0.0
2026-03-17 14:03:59.442668,DONE,51.4234127,-2.671415,0.003,0.0
2026-03-17 14:04:01.091091,DONE,51.4234127,-2.671415,0.003,0.0
2026-03-17 14:04:02.695856,DONE,51.4234127,-2.671415,0.003,0.0
2026-03-17 14:04:04.263949,DONE,51.4234127,-2.671415,0.003,0.0
2026-03-17 14:04:05.905340,DONE,51.4234127,-2.6714148,0.003,0.0
2026-03-17 14:04:07.458043,DONE,51.4234127,-2.6714147,0.003,0.0
2026-03-17 14:04:09.061869,DONE,51.4234127,-2.6714147,0.003,0.0
2026-03-17 14:04:10.658780,DONE,51.4234127,-2.6714146,0.002,0.0
2026-03-17 14:04:12.248705,DONE,51.4234127,-2.6714146,0.002,0.0
2026-03-17 14:04:13.842632,DONE,51.4234127,-2.6714146,0.003,0.0
2026-03-17 14:04:15.603030,DONE,51.4234127,-2.6714146,0.003,0.0
2026-03-17 14:04:17.356513,DONE,51.4234127,-2.6714146,0.003,0.0
2026-03-17 14:04:18.959432,DONE,51.4234127,-2.6714146,0.003,0.0
2026-03-17 14:04:20.591185,DONE,51.4234127,-2.6714146,0.003,0.0
2026-03-17 14:04:22.155046,DONE,51.4234127,-2.6714146,0.003,0.0
2026-03-17 14:04:23.751290,DONE,51.4234127,-2.6714146,0.003,0.0
2026-03-17 14:04:25.321305,DONE,51.4234127,-2.6714146,0.003,0.0
2026-03-17 14:04:26.919906,DONE,51.4234127,-2.6714146,0.003,0.0
2026-03-17 14:04:28.518160,DONE,51.4234127,-2.6714146,0.003,0.0
2026-03-17 14:04:30.064550,DONE,51.4234127,-2.6714146,0.003,0.0
2026-03-17 14:04:31.640134,DONE,51.4234127,-2.6714146,0.003,0.0
2026-03-17 14:04:33.233041,DONE,51.4234127,-2.6714146,0.003,0.0
2026-03-17 14:04:34.812076,DONE,51.4234127,-2.6714146,0.003,0.0
2026-03-17 14:04:36.351463,DONE,51.4234127,-2.6714146,0.003,0.0
2026-03-17 14:04:37.918612,DONE,51.4234127,-2.6714146,0.003,0.0
2026-03-17 14:04:39.505191,DONE,51.4234127,-2.6714146,0.002,0.0
2026-03-17 14:04:41.040111,DONE,51.4234127,-2.6714146,0.003,0.0
2026-03-17 14:04:42.645028,DONE,51.4234127,-2.6714146,0.003,0.0
2026-03-17 14:04:44.246215,DONE,51.4234127,-2.6714146,0.003,0.0
2026-03-17 14:04:45.814494,DONE,51.4234127,-2.6714146,0.003,0.0
2026-03-17 14:04:47.381812,DONE,51.4234127,-2.6714146,0.003,0.0
2026-03-17 14:04:49.011238,DONE,51.4234127,-2.6714146,0.003,0.0
2026-03-17 14:04:50.581111,DONE,51.4234127,-2.6714146,0.003,0.0
2026-03-17 14:04:52.178418,DONE,51.4234127,-2.6714146,0.003,0.0
2026-03-17 14:04:53.875468,DONE,51.4234127,-2.6714146,0.003,0.0
2026-03-17 14:04:55.731615,DONE,51.4234127,-2.6714146,0.002,0.0
2026-03-17 14:04:57.369886,DONE,51.4234127,-2.6714146,0.003,0.0
2026-03-17 14:04:58.942428,DONE,51.4234127,-2.6714146,0.003,0.0
2026-03-17 14:05:00.571803,DONE,51.4234127,-2.6714146,0.003,0.0
2026-03-17 14:05:02.252096,DONE,51.4234127,-2.6714146,0.002,0.0
2026-03-17 14:05:03.854428,DONE,51.4234127,-2.6714146,0.003,0.0
2026-03-17 14:05:05.548887,DONE,51.4234127,-2.6714148,0.002,0.0
2026-03-17 14:05:07.160200,DONE,51.4234127,-2.6714149,0.003,0.0
2026-03-17 14:05:08.727814,DONE,51.4234127,-2.6714149,0.003,0.0
2026-03-17 14:05:10.324760,DONE,51.4234127,-2.6714149,0.003,0.0
2026-03-17 14:05:11.902803,DONE,51.4234127,-2.671415,0.003,0.0
2026-03-17 14:05:13.503947,DONE,51.4234127,-2.671415,0.003,0.0
2026-03-17 14:05:15.100821,DONE,51.4234127,-2.671415,0.003,0.0
2026-03-17 14:05:16.642768,DONE,51.4234127,-2.671415,0.003,0.0
2026-03-17 14:05:18.224736,DONE,51.4234127,-2.671415,0.003,0.0
2026-03-17 14:05:19.857725,DONE,51.4234127,-2.671415,0.003,0.0
2026-03-17 14:05:21.374607,DONE,51.4234127,-2.671415,0.003,0.0
2026-03-17 14:05:22.957252,DONE,51.4234127,-2.671415,0.003,0.0
2026-03-17 14:05:24.538719,DONE,51.4234127,-2.671415,0.003,0.0
2026-03-17 14:05:26.138533,DONE,51.4234127,-2.671415,0.003,0.0
2026-03-17 14:05:27.721253,DONE,51.4234127,-2.671415,0.003,0.0
2026-03-17 14:05:29.297193,DONE,51.4234127,-2.671415,0.003,0.0
2026-03-17 14:05:30.871860,DONE,51.4234127,-2.671415,0.003,0.0
2026-03-17 14:05:32.450765,DONE,51.4234127,-2.671415,0.003,0.0
2026-03-17 14:05:34.026218,DONE,51.4234127,-2.671415,0.003,0.0
2026-03-17 14:05:35.598391,DONE,51.4234127,-2.671415,0.003,0.0
2026-03-17 14:05:37.148044,DONE,51.4234127,-2.671415,0.003,0.0
2026-03-17 14:05:38.773035,DONE,51.4234127,-2.671415,0.003,0.0
2026-03-17 14:05:40.389406,DONE,51.4234127,-2.671415,0.003,0.0
2026-03-17 14:05:41.941860,DONE,51.4234127,-2.671415,0.003,0.0
2026-03-17 14:05:43.496276,DONE,51.4234127,-2.671415,0.003,0.0
2026-03-17 14:05:45.210090,DONE,51.4234127,-2.671415,0.003,0.0
2026-03-17 14:05:46.780139,DONE,51.4234127,-2.671415,0.003,0.0
2026-03-17 14:05:48.329927,DONE,51.4234127,-2.671415,0.003,0.0
2026-03-17 14:05:49.967331,DONE,51.4234127,-2.671415,0.003,0.0
2026-03-17 14:05:51.512448,DONE,51.4234127,-2.671415,0.003,0.0
2026-03-17 14:05:53.064033,DONE,51.4234127,-2.671415,0.003,0.0
2026-03-17 14:05:54.871952,DONE,51.4234127,-2.671415,0.003,0.0
2026-03-17 14:05:56.599978,DONE,51.4234127,-2.671415,0.003,0.0
2026-03-17 14:05:58.191836,DONE,51.4234127,-2.671415,0.003,0.0
2026-03-17 14:05:59.774721,DONE,51.4234127,-2.671415,0.003,0.0
2026-03-17 14:06:01.383930,DONE,51.4234127,-2.671415,0.003,0.0
2026-03-17 14:06:02.949606,DONE,51.4234127,-2.671415,0.003,0.0
2026-03-17 14:06:04.565523,DONE,51.4234127,-2.6714149,0.002,0.0
2026-03-17 14:06:06.231344,DONE,51.4234127,-2.6714148,0.003,0.0
2026-03-17 14:06:07.767001,DONE,51.4234127,-2.6714147,0.003,0.0
2026-03-17 14:06:09.318371,DONE,51.4234127,-2.6714147,0.002,0.0
2026-03-17 14:06:10.881642,DONE,51.4234127,-2.6714146,0.003,0.0
2026-03-17 14:06:12.448682,DONE,51.4234127,-2.6714146,0.002,0.0
2026-03-17 14:06:14.069379,DONE,51.4234127,-2.6714146,0.003,0.0
2026-03-17 14:06:15.675951,DONE,51.4234127,-2.6714146,0.003,0.0
2026-03-17 14:06:17.230056,DONE,51.4234127,-2.6714146,0.003,0.0
2026-03-17 14:06:18.796357,DONE,51.4234127,-2.6714146,0.003,0.0
2026-03-17 14:06:20.425003,DONE,51.4234127,-2.6714146,0.003,0.0
2026-03-17 14:06:21.998819,DONE,51.4234127,-2.6714146,0.003,0.0
2026-03-17 14:06:23.562114,DONE,51.4234127,-2.6714146,0.003,0.0
2026-03-17 14:06:25.181694,DONE,51.4234127,-2.6714146,0.003,0.0
2026-03-17 14:06:26.759438,DONE,51.4234127,-2.6714146,0.003,0.0
2026-03-17 14:06:28.343294,DONE,51.4234127,-2.6714146,0.003,0.0
2026-03-17 14:06:29.953790,DONE,51.4234127,-2.6714146,0.003,0.0
2026-03-17 14:06:31.520356,DONE,51.4234127,-2.6714146,0.003,0.0
2026-03-17 14:06:33.067073,DONE,51.4234127,-2.6714146,0.003,0.0
2026-03-17 14:06:34.702636,DONE,51.4234127,-2.6714146,0.003,0.0
2026-03-17 14:06:36.306906,DONE,51.4234127,-2.6714146,0.003,0.0
2026-03-17 14:06:37.865737,DONE,51.4234127,-2.6714146,0.003,0.0
2026-03-17 14:06:39.450064,DONE,51.4234127,-2.6714146,0.003,0.0
2026-03-17 14:06:41.023821,DONE,51.4234127,-2.6714146,0.002,0.0
2026-03-17 14:06:42.602447,DONE,51.4234127,-2.6714146,0.002,0.0
2026-03-17 14:06:44.192668,DONE,51.4234127,-2.6714146,0.003,0.0
2026-03-17 14:06:45.779904,DONE,51.4234127,-2.6714146,0.003,0.0
2026-03-17 14:06:47.354187,DONE,51.4234127,-2.6714146,0.003,0.0
2026-03-17 14:06:48.907182,DONE,51.4234127,-2.6714146,0.003,0.0
2026-03-17 14:06:50.526747,DONE,51.4234127,-2.6714146,0.002,0.0
2026-03-17 14:06:52.063120,DONE,51.4234127,-2.6714146,0.002,0.0
2026-03-17 14:06:53.644087,DONE,51.4234127,-2.6714146,0.003,0.0
2026-03-17 14:06:55.496500,DONE,51.4234127,-2.6714146,0.003,0.0
2026-03-17 14:06:57.108634,DONE,51.4234127,-2.6714146,0.003,0.0
2026-03-17 14:06:58.664843,DONE,51.4234127,-2.6714146,0.003,0.0
2026-03-17 14:07:00.266395,DONE,51.4234127,-2.6714146,0.003,0.0
2026-03-17 14:07:01.882196,DONE,51.4234127,-2.6714146,0.002,0.0
2026-03-17 14:07:03.471857,DONE,51.4234127,-2.6714146,0.003,0.0
2026-03-17 14:07:05.139236,DONE,51.4234127,-2.6714147,0.003,0.0
2026-03-17 14:07:06.717151,DONE,51.4234127,-2.6714148,0.003,0.0
2026-03-17 14:07:08.280362,DONE,51.4234127,-2.6714149,0.003,0.0
2026-03-17 14:07:09.904577,DONE,51.4234127,-2.6714149,0.003,0.0
2026-03-17 14:07:11.477124,DONE,51.4234127,-2.671415,0.003,0.0
2026-03-17 14:07:13.029856,DONE,51.4234127,-2.671415,0.003,0.0
2026-03-17 14:07:14.650057,DONE,51.4234127,-2.671415,0.003,0.0
2026-03-17 14:07:16.211339,DONE,51.4234127,-2.671415,0.003,0.0
2026-03-17 14:07:17.742666,DONE,51.4234127,-2.671415,0.003,0.0
2026-03-17 14:07:19.319470,DONE,51.4234127,-2.671415,0.003,0.0
2026-03-17 14:07:20.926493,DONE,51.4234127,-2.671415,0.003,0.0
2026-03-17 14:07:22.484329,DONE,51.4234127,-2.671415,0.003,0.0
2026-03-17 14:07:24.052582,DONE,51.4234127,-2.671415,0.003,0.0
2026-03-17 14:07:25.652674,DONE,51.4234127,-2.671415,0.003,0.0
2026-03-17 14:07:27.225011,DONE,51.4234127,-2.671415,0.002,0.0
2026-03-17 14:07:28.796613,DONE,51.4234127,-2.671415,0.003,0.0
2026-03-17 14:07:30.422977,DONE,51.4234127,-2.671415,0.003,0.0
2026-03-17 14:07:31.992123,DONE,51.4234127,-2.671415,0.003,0.0
2026-03-17 14:07:33.519675,DONE,51.4234127,-2.671415,0.003,0.0
2026-03-17 14:07:35.130891,DONE,51.4234127,-2.671415,0.003,0.0
2026-03-17 14:07:36.685962,DONE,51.4234127,-2.671415,0.003,0.0
2026-03-17 14:07:38.240921,DONE,51.4234127,-2.671415,0.003,0.0
2026-03-17 14:07:39.823134,DONE,51.4234127,-2.671415,0.003,0.0
2026-03-17 14:07:41.382228,DONE,51.4234127,-2.671415,0.003,0.0
2026-03-17 14:07:42.940494,DONE,51.4234127,-2.671415,0.003,0.0
2026-03-17 14:07:44.525217,DONE,51.4234127,-2.671415,0.003,0.0
2026-03-17 14:07:46.115759,DONE,51.4234127,-2.671415,0.003,0.0
2026-03-17 14:07:47.698801,DONE,51.4234127,-2.671415,0.003,0.0
2026-03-17 14:07:49.239738,DONE,51.4234127,-2.671415,0.003,0.0
2026-03-17 14:07:50.829541,DONE,51.4234127,-2.671415,0.003,0.0
2026-03-17 14:07:52.386851,DONE,51.4234127,-2.671415,0.003,0.0
2026-03-17 14:07:54.048569,DONE,51.4234127,-2.671415,0.003,0.0
2026-03-17 14:07:55.903748,DONE,51.4234127,-2.671415,0.003,0.0
2026-03-17 14:07:57.477773,DONE,51.4234127,-2.671415,0.003,0.0
2026-03-17 14:07:59.026349,DONE,51.4234127,-2.671415,0.003,0.0
2026-03-17 14:08:00.641379,DONE,51.4234127,-2.671415,0.003,0.0
2026-03-17 14:08:02.203065,DONE,51.4234127,-2.671415,0.003,0.0
2026-03-17 14:08:03.773761,DONE,51.4234127,-2.671415,0.003,0.0
2026-03-17 14:08:05.467447,DONE,51.4234127,-2.6714148,0.003,0.0
2026-03-17 14:08:07.108880,DONE,51.4234127,-2.6714147,0.003,0.0
2026-03-17 14:08:08.769151,DONE,51.4234127,-2.6714147,0.003,0.0
2026-03-17 14:08:10.391290,DONE,51.4234127,-2.6714146,0.003,0.0
2026-03-17 14:08:12.009268,DONE,51.4234127,-2.6714146,0.003,0.0
2026-03-17 14:08:13.594416,DONE,51.4234127,-2.6714146,0.003,0.0
2026-03-17 14:08:15.219363,DONE,51.4234127,-2.6714146,0.003,0.0
2026-03-17 14:08:16.789544,DONE,51.4234127,-2.6714146,0.003,0.0
2026-03-17 14:08:18.321302,DONE,51.4234127,-2.6714146,0.003,0.0
2026-03-17 14:08:19.894868,DONE,51.4234127,-2.6714146,0.003,0.0
2026-03-17 14:08:21.458368,DONE,51.4234127,-2.6714146,0.003,0.0
2026-03-17 14:08:23.044705,DONE,51.4234127,-2.6714146,0.002,0.0
2026-03-17 14:08:24.656274,DONE,51.4234127,-2.6714146,0.003,0.0
2026-03-17 14:08:26.380831,DONE,51.4234127,-2.6714146,0.002,0.0
2026-03-17 14:08:28.000336,DONE,51.4234127,-2.6714146,0.003,0.0
2026-03-17 14:08:29.625095,DONE,51.4234127,-2.6714146,0.003,0.0
2026-03-17 14:08:31.214537,DONE,51.4234127,-2.6714146,0.003,0.0
2026-03-17 14:08:32.794660,DONE,51.4234127,-2.6714146,0.003,0.0
2026-03-17 14:08:34.365512,DONE,51.4234127,-2.6714146,0.003,0.0
2026-03-17 14:08:35.927729,DONE,51.4234127,-2.6714146,0.003,0.0
2026-03-17 14:08:37.490921,DONE,51.4234127,-2.6714146,0.003,0.0
2026-03-17 14:08:39.047173,DONE,51.4234127,-2.6714146,0.003,0.0
2026-03-17 14:08:40.676310,DONE,51.4234127,-2.6714146,0.003,0.0
2026-03-17 14:08:42.225433,DONE,51.4234127,-2.6714146,0.003,0.0
2026-03-17 14:08:43.790617,DONE,51.4234127,-2.6714146,0.003,0.0
2026-03-17 14:08:45.462375,DONE,51.4234127,-2.6714146,0.003,0.0
2026-03-17 14:08:47.089167,DONE,51.4234127,-2.6714146,0.002,0.0
2026-03-17 14:08:48.788893,DONE,51.4234127,-2.6714146,0.003,0.0
2026-03-17 14:08:50.425039,DONE,51.4234127,-2.6714146,0.003,0.0
2026-03-17 14:08:52.037927,DONE,51.4234127,-2.6714146,0.003,0.0
2026-03-17 14:08:53.654721,DONE,51.4234127,-2.6714146,0.003,0.0
2026-03-17 14:08:55.512829,DONE,51.4234127,-2.6714146,0.003,0.0
2026-03-17 14:08:57.147227,DONE,51.4234127,-2.6714146,0.003,0.0
2026-03-17 14:08:58.708714,DONE,51.4234127,-2.6714146,0.003,0.0
2026-03-17 14:09:00.394624,DONE,51.4234127,-2.6714146,0.003,0.0
2026-03-17 14:09:01.978973,DONE,51.4234127,-2.6714146,0.003,0.0
2026-03-17 14:09:03.574110,DONE,51.4234127,-2.6714146,0.003,0.0
2026-03-17 14:09:05.226109,DONE,51.4234127,-2.6714148,0.003,0.0
2026-03-17 14:09:06.808242,DONE,51.4234127,-2.6714149,0.003,0.0
2026-03-17 14:09:08.381676,DONE,51.4234127,-2.6714149,0.003,0.0
2026-03-17 14:09:10.007259,DONE,51.4234127,-2.671415,0.002,0.0
2026-03-17 14:09:11.667869,DONE,51.4234127,-2.671415,0.003,0.0
2026-03-17 14:09:13.227545,DONE,51.4234127,-2.671415,0.003,0.0
2026-03-17 14:09:14.849712,DONE,51.4234127,-2.671415,0.003,0.0
2026-03-17 14:09:16.785868,DONE,51.4234127,-2.671415,0.003,0.0
2026-03-17 14:09:18.485170,DONE,51.4234127,-2.671415,0.003,0.0
2026-03-17 14:09:20.561699,DONE,51.4234127,-2.671415,0.003,0.0
2026-03-17 14:09:22.228093,DONE,51.4234127,-2.671415,0.003,0.0
2026-03-17 14:09:23.877285,DONE,51.4234127,-2.671415,0.003,0.0
2026-03-17 14:09:25.522072,DONE,51.4234127,-2.671415,0.003,0.0
2026-03-17 14:09:27.137269,DONE,51.4234127,-2.671415,0.003,0.0
2026-03-17 14:09:28.757259,DONE,51.4234127,-2.671415,0.003,0.0
2026-03-17 14:09:30.322698,DONE,51.4234127,-2.671415,0.003,0.0
2026-03-17 14:09:31.915251,DONE,51.4234127,-2.671415,0.003,0.0
2026-03-17 14:09:33.483872,DONE,51.4234127,-2.671415,0.003,0.0
2026-03-17 14:09:35.088578,DONE,51.4234127,-2.671415,0.002,0.0
2026-03-17 14:09:36.637204,DONE,51.4234127,-2.671415,0.003,0.0
2026-03-17 14:09:38.213832,DONE,51.4234127,-2.671415,0.003,0.0
2026-03-17 14:09:39.789941,DONE,51.4234127,-2.671415,0.003,0.0
2026-03-17 14:09:41.354408,DONE,51.4234127,-2.671415,0.003,0.0
2026-03-17 14:09:42.993691,DONE,51.4234127,-2.671415,0.003,0.0
2026-03-17 14:09:44.608915,DONE,51.4234127,-2.671415,0.003,0.0
2026-03-17 14:09:46.220349,DONE,51.4234127,-2.671415,0.003,0.0
2026-03-17 14:09:47.790740,DONE,51.4234127,-2.671415,0.003,0.0
2026-03-17 14:09:49.537242,DONE,51.4234127,-2.671415,0.003,0.0
2026-03-17 14:09:51.144536,DONE,51.4234127,-2.671415,0.003,0.0
2026-03-17 14:09:52.726017,DONE,51.4234127,-2.671415,0.003,0.0
2026-03-17 14:09:54.479422,DONE,51.4234127,-2.671415,0.003,0.0
2026-03-17 14:09:56.283182,DONE,51.4234127,-2.671415,0.003,0.0
2026-03-17 14:09:57.829115,DONE,51.4234127,-2.671415,0.003,0.0
2026-03-17 14:09:59.419804,DONE,51.4234127,-2.671415,0.003,0.0
2026-03-17 14:10:01.152072,DONE,51.4234127,-2.671415,0.003,0.0
2026-03-17 14:10:02.788459,DONE,51.4234127,-2.671415,0.003,0.0
2026-03-17 14:10:04.465838,DONE,51.4234127,-2.6714149,0.003,0.0
2026-03-17 14:10:06.132874,DONE,51.4234127,-2.6714148,0.002,0.0
2026-03-17 14:10:07.781653,DONE,51.4234127,-2.6714147,0.002,0.0
2026-03-17 14:10:09.417183,DONE,51.4234127,-2.6714147,0.003,0.0
2026-03-17 14:10:11.019436,DONE,51.4234127,-2.6714146,0.003,0.0
2026-03-17 14:10:12.655272,DONE,51.4234127,-2.6714146,0.003,0.0
2026-03-17 14:10:14.291988,DONE,51.4234127,-2.6714146,0.003,0.0
2026-03-17 14:10:15.892193,DONE,51.4234127,-2.6714146,0.003,0.0
2026-03-17 14:10:17.483003,DONE,51.4234127,-2.6714146,0.003,0.0
2026-03-17 14:10:19.133525,DONE,51.4234127,-2.6714146,0.002,0.0
2026-03-17 14:10:20.836330,DONE,51.4234127,-2.6714146,0.003,0.0
2026-03-17 14:10:22.407921,DONE,51.4234127,-2.6714146,0.003,0.0
2026-03-17 14:10:24.257112,DONE,51.4234127,-2.6714146,0.003,0.0
2026-03-17 14:10:25.846117,DONE,51.4234127,-2.6714146,0.003,0.0
2026-03-17 14:10:27.440740,DONE,51.4234127,-2.6714146,0.003,0.0
2026-03-17 14:10:29.037792,DONE,51.4234127,-2.6714146,0.003,0.0
2026-03-17 14:10:30.806315,DONE,51.4234127,-2.6714146,0.003,0.0
2026-03-17 14:10:32.392307,DONE,51.4234127,-2.6714146,0.003,0.0
2026-03-17 14:10:33.994777,DONE,51.4234127,-2.6714146,0.002,0.0
2026-03-17 14:10:35.565999,DONE,51.4234127,-2.6714146,0.003,0.0
2026-03-17 14:10:37.121497,DONE,51.4234127,-2.6714146,0.003,0.0
2026-03-17 14:10:38.727260,DONE,51.4234127,-2.6714146,0.003,0.0
2026-03-17 14:10:40.366818,DONE,51.4234127,-2.6714146,0.003,0.0
2026-03-17 14:10:41.945612,DONE,51.4234127,-2.6714146,0.003,0.0
2026-03-17 14:10:43.518352,DONE,51.4234127,-2.6714146,0.003,0.0
2026-03-17 14:10:45.139652,DONE,51.4234127,-2.6714146,0.003,0.0
2026-03-17 14:10:46.725116,DONE,51.4234127,-2.6714146,0.003,0.0
2026-03-17 14:10:48.344483,DONE,51.4234127,-2.6714146,0.003,0.0
2026-03-17 14:10:49.932845,DONE,51.4234127,-2.6714146,0.003,0.0
2026-03-17 14:10:51.529125,DONE,51.4234127,-2.6714146,0.003,0.0
2026-03-17 14:10:53.115304,DONE,51.4234127,-2.6714146,0.003,0.0
2026-03-17 14:10:54.974570,DONE,51.4234127,-2.6714146,0.003,0.0
2026-03-17 14:10:56.686476,DONE,51.4234127,-2.6714146,0.003,0.0
2026-03-17 14:10:58.224695,DONE,51.4234127,-2.6714146,0.003,0.0
2026-03-17 14:10:59.847862,DONE,51.4234127,-2.6714146,0.003,0.0
2026-03-17 14:11:01.473031,DONE,51.4234127,-2.6714146,0.003,0.0
2026-03-17 14:11:03.045866,DONE,51.4234127,-2.6714146,0.003,0.0
2026-03-17 14:11:04.688192,DONE,51.4234127,-2.6714147,0.003,0.0
2026-03-17 14:11:06.371997,DONE,51.4234127,-2.6714149,0.003,0.0
2026-03-17 14:11:07.942932,DONE,51.4234127,-2.6714149,0.003,0.0
2026-03-17 14:11:09.603695,DONE,51.4234127,-2.6714149,0.003,0.0
2026-03-17 14:11:11.213306,DONE,51.4234127,-2.671415,0.003,0.0
2026-03-17 14:11:12.809250,DONE,51.4234127,-2.671415,0.003,0.0
2026-03-17 14:11:14.425106,DONE,51.4234127,-2.671415,0.003,0.0
2026-03-17 14:11:16.203772,DONE,51.4234127,-2.671415,0.003,0.0
2026-03-17 14:11:17.823257,DONE,51.4234127,-2.671415,0.003,0.0
2026-03-17 14:11:19.425875,DONE,51.4234127,-2.671415,0.003,0.0
2026-03-17 14:11:20.992374,DONE,51.4234127,-2.671415,0.003,0.0
2026-03-17 14:11:22.559301,DONE,51.4234127,-2.671415,0.003,0.0
2026-03-17 14:11:24.123666,DONE,51.4234127,-2.671415,0.003,0.0
2026-03-17 14:11:25.787687,DONE,51.4234127,-2.671415,0.003,0.0
2026-03-17 14:11:27.371308,DONE,51.4234127,-2.671415,0.003,0.0
2026-03-17 14:11:28.954180,DONE,51.4234127,-2.671415,0.003,0.0
2026-03-17 14:11:30.542649,DONE,51.4234127,-2.671415,0.003,0.0
2026-03-17 14:11:32.114165,DONE,51.4234127,-2.671415,0.003,0.0
2026-03-17 14:11:33.671262,DONE,51.4234127,-2.671415,0.003,0.0
2026-03-17 14:11:35.272587,DONE,51.4234127,-2.671415,0.003,0.0
2026-03-17 14:11:36.817450,DONE,51.4234127,-2.671415,0.003,0.0
2026-03-17 14:11:38.380287,DONE,51.4234127,-2.671415,0.003,0.0
2026-03-17 14:11:39.961815,DONE,51.4234127,-2.671415,0.003,0.0
2026-03-17 14:11:41.696731,DONE,51.4234127,-2.671415,0.003,0.0
2026-03-17 14:11:43.574686,DONE,51.4234127,-2.671415,0.003,0.0
2026-03-17 14:11:45.196689,DONE,51.4234127,-2.671415,0.003,0.0
2026-03-17 14:11:46.768864,DONE,51.4234127,-2.671415,0.003,0.0
2026-03-17 14:11:48.344400,DONE,51.4234127,-2.671415,0.003,0.0
2026-03-17 14:11:49.985986,DONE,51.4234127,-2.671415,0.003,0.0
2026-03-17 14:11:51.598436,DONE,51.4234127,-2.671415,0.003,0.0
2026-03-17 14:11:53.204864,DONE,51.4234127,-2.671415,0.003,0.0
2026-03-17 14:11:55.037178,DONE,51.4234127,-2.671415,0.003,0.0
2026-03-17 14:11:56.753557,DONE,51.4234127,-2.671415,0.003,0.0
2026-03-17 14:11:58.352043,DONE,51.4234127,-2.671415,0.003,0.0
2026-03-17 14:11:59.979117,DONE,51.4234127,-2.671415,0.003,0.0
2026-03-17 14:12:01.567445,DONE,51.4234127,-2.671415,0.003,0.0
2026-03-17 14:12:03.146415,DONE,51.4234127,-2.671415,0.003,0.0
2026-03-17 14:12:04.816795,DONE,51.4234127,-2.6714148,0.003,0.0
2026-03-17 14:12:06.472345,DONE,51.4234127,-2.6714147,0.002,0.0
2026-03-17 14:12:08.049972,DONE,51.4234127,-2.6714147,0.003,0.0
2026-03-17 14:12:09.633077,DONE,51.4234127,-2.6714146,0.003,0.0
2026-03-17 14:12:11.212747,DONE,51.4234127,-2.6714146,0.003,0.0
2026-03-17 14:12:12.801810,DONE,51.4234127,-2.6714146,0.002,0.0
2026-03-17 14:12:14.470545,DONE,51.4234127,-2.6714146,0.003,0.0
2026-03-17 14:12:16.036604,DONE,51.4234127,-2.6714146,0.003,0.0
2026-03-17 14:12:17.584898,DONE,51.4234127,-2.6714146,0.003,0.0
2026-03-17 14:12:19.175236,DONE,51.4234127,-2.6714146,0.003,0.0
2026-03-17 14:12:20.820757,DONE,51.4234127,-2.6714146,0.002,0.0
2026-03-17 14:12:21.829148,DONE,51.4234127,-2.6714146,0.002,0.0
2026-03-17 14:12:23.536479,DONE,51.4234127,-2.6714146,0.003,0.0
2026-03-17 14:12:25.138125,DONE,51.4234127,-2.6714146,0.003,0.0
2026-03-17 14:12:26.718452,DONE,51.4234127,-2.6714146,0.003,0.0
2026-03-17 14:12:28.336369,DONE,51.4234127,-2.6714146,0.003,0.0
2026-03-17 14:12:29.925522,DONE,51.4234127,-2.6714146,0.003,0.0
2026-03-17 14:12:31.516290,DONE,51.4234127,-2.6714146,0.002,0.0
2026-03-17 14:12:33.129798,DONE,51.4234127,-2.6714146,0.003,0.0
2026-03-17 14:12:34.691785,DONE,51.4234127,-2.6714146,0.003,0.0
2026-03-17 14:12:36.253847,DONE,51.4234127,-2.6714146,0.003,0.0
2026-03-17 14:12:37.832244,DONE,51.4234127,-2.6714146,0.003,0.0
2026-03-17 14:12:39.442898,DONE,51.4234127,-2.6714146,0.003,0.0
2026-03-17 14:12:41.018559,DONE,51.4234127,-2.6714146,0.003,0.0
2026-03-17 14:12:42.581025,DONE,51.4234127,-2.6714146,0.003,0.0
2026-03-17 14:12:44.167779,DONE,51.4234127,-2.6714146,0.003,0.0
2026-03-17 14:12:45.742160,DONE,51.4234127,-2.6714146,0.003,0.0
2026-03-17 14:12:47.336666,DONE,51.4234127,-2.6714146,0.003,0.0
2026-03-17 14:12:48.894951,DONE,51.4234127,-2.6714146,0.003,0.0
2026-03-17 14:12:50.492022,DONE,51.4234127,-2.6714146,0.002,0.0
2026-03-17 14:12:52.026824,DONE,51.4234127,-2.6714146,0.003,0.0
2026-03-17 14:12:53.685074,DONE,51.4234127,-2.6714146,0.003,0.0
2026-03-17 14:12:55.539824,DONE,51.4234127,-2.6714146,0.003,0.0
2026-03-17 14:12:57.186926,DONE,51.4234127,-2.6714146,0.003,0.0
2026-03-17 14:12:58.756133,DONE,51.4234127,-2.6714146,0.003,0.0
2026-03-17 14:13:00.356443,DONE,51.4234127,-2.6714146,0.003,0.0
2026-03-17 14:13:01.934964,DONE,51.4234127,-2.6714146,0.003,0.0
2026-03-17 14:13:03.503413,DONE,51.4234127,-2.6714147,0.003,0.0
2026-03-17 14:13:05.148353,DONE,51.4234127,-2.6714148,0.003,0.0
2026-03-17 14:13:06.721252,DONE,51.4234127,-2.6714149,0.003,0.0
2026-03-17 14:13:08.282338,DONE,51.4234127,-2.6714149,0.003,0.0
2026-03-17 14:13:09.932121,DONE,51.4234127,-2.6714149,0.003,0.0
2026-03-17 14:13:11.475667,DONE,51.4234127,-2.671415,0.003,0.0
2026-03-17 14:13:13.045059,DONE,51.4234127,-2.671415,0.003,0.0
2026-03-17 14:13:14.643079,DONE,51.4234127,-2.671415,0.003,0.0
2026-03-17 14:13:16.204817,DONE,51.4234127,-2.671415,0.003,0.0
2026-03-17 14:13:17.738589,DONE,51.4234127,-2.671415,0.003,0.0
2026-03-17 14:13:19.357653,DONE,51.4234127,-2.671415,0.003,0.0
2026-03-17 14:13:20.949485,DONE,51.4234127,-2.671415,0.003,0.0
2026-03-17 14:13:22.499496,DONE,51.4234127,-2.671415,0.003,0.0
2026-03-17 14:13:24.031756,DONE,51.4234127,-2.671415,0.003,0.0
2026-03-17 14:13:25.718562,DONE,51.4234127,-2.671415,0.003,0.0
2026-03-17 14:13:27.371771,DONE,51.4234127,-2.671415,0.003,0.0
2026-03-17 14:13:29.059410,DONE,51.4234127,-2.671415,0.003,0.0
2026-03-17 14:13:31.015348,DONE,51.4234127,-2.671415,0.003,0.0
2026-03-17 14:13:32.798995,DONE,51.4234127,-2.671415,0.003,0.0
2026-03-17 14:13:34.543239,DONE,51.4234127,-2.671415,0.003,0.0
2026-03-17 14:13:36.143919,DONE,51.4234127,-2.671415,0.003,0.0
2026-03-17 14:13:37.716021,DONE,51.4234127,-2.671415,0.003,0.0
2026-03-17 14:13:39.237387,DONE,51.4234127,-2.671415,0.003,0.0
2026-03-17 14:13:40.366142,DONE,51.4234127,-2.671415,0.003,0.0
2026-03-17 14:13:42.184873,DONE,51.4234127,-2.671415,0.003,0.0
2026-03-17 14:13:43.809930,DONE,51.4234127,-2.671415,0.003,0.0
2026-03-17 14:13:45.662101,DONE,51.4234127,-2.671415,0.003,0.0
2026-03-17 14:13:47.346073,DONE,51.4234127,-2.671415,0.003,0.0
2026-03-17 14:13:48.924523,DONE,51.4234127,-2.671415,0.003,0.0
2026-03-17 14:13:50.616320,DONE,51.4234127,-2.671415,0.003,0.0
2026-03-17 14:13:52.172538,DONE,51.4234127,-2.671415,0.003,0.0
2026-03-17 14:13:53.882626,DONE,51.4234127,-2.671415,0.003,0.0
2026-03-17 14:13:55.883620,DONE,51.4234127,-2.671415,0.003,0.0
2026-03-17 14:13:56.889707,DONE,51.4234127,-2.671415,0.003,0.0
2026-03-17 14:13:57.920453,DONE,51.4234127,-2.671415,0.003,0.0
2026-03-17 14:13:59.824761,DONE,51.4234127,-2.671415,0.003,0.0
2026-03-17 14:14:01.751539,DONE,51.4234127,-2.671415,0.003,0.0
2026-03-17 14:14:03.551113,DONE,51.4234127,-2.6714149,0.003,0.0
2026-03-17 14:14:05.408721,DONE,51.4234127,-2.6714148,0.003,0.0
2026-03-17 14:14:07.255503,DONE,51.4234127,-2.6714147,0.003,0.0
2026-03-17 14:14:09.042929,DONE,51.4234127,-2.6714147,0.003,0.0
2026-03-17 14:14:10.853340,DONE,51.4234127,-2.6714146,0.003,0.0
2026-03-17 14:14:12.599771,DONE,51.4234127,-2.6714146,0.003,0.0
2026-03-17 14:14:14.228643,DONE,51.4234127,-2.6714146,0.002,0.0
2026-03-17 14:14:15.944821,DONE,51.4234127,-2.6714146,0.003,0.0
2026-03-17 14:14:17.626760,DONE,51.4234127,-2.6714146,0.003,0.0
2026-03-17 14:14:19.182664,DONE,51.4234127,-2.6714146,0.003,0.0
2026-03-17 14:14:20.775538,DONE,51.4234127,-2.6714146,0.002,0.0
2026-03-17 14:14:22.291361,DONE,51.4234127,-2.6714146,0.003,0.0
2026-03-17 14:14:23.824554,DONE,51.4234127,-2.6714146,0.003,0.0
2026-03-17 14:14:25.386726,DONE,51.4234127,-2.6714146,0.003,0.0
2026-03-17 14:14:26.975384,DONE,51.4234127,-2.6714146,0.003,0.0
2026-03-17 14:14:28.537117,DONE,51.4234127,-2.6714146,0.003,0.0
2026-03-17 14:14:30.093109,DONE,51.4234127,-2.6714146,0.003,0.0
2026-03-17 14:14:31.643365,DONE,51.4234127,-2.6714146,0.003,0.0
2026-03-17 14:14:33.199083,DONE,51.4234127,-2.6714146,0.003,0.0
2026-03-17 14:14:34.810263,DONE,51.4234127,-2.6714146,0.003,0.0
2026-03-17 14:14:36.358438,DONE,51.4234127,-2.6714146,0.002,0.0
2026-03-17 14:14:37.827983,DONE,51.4234127,-2.6714146,0.002,0.0
2026-03-17 14:14:39.400435,DONE,51.4234127,-2.6714146,0.003,0.0
2026-03-17 14:14:40.931325,DONE,51.4234127,-2.6714146,0.003,0.0
2026-03-17 14:14:42.472581,DONE,51.4234127,-2.6714146,0.003,0.0
2026-03-17 14:14:43.979750,DONE,51.4234127,-2.6714146,0.003,0.0
2026-03-17 14:14:45.525668,DONE,51.4234127,-2.6714146,0.002,0.0
2026-03-17 14:14:47.044252,DONE,51.4234127,-2.6714146,0.003,0.0
2026-03-17 14:14:48.572431,DONE,51.4234127,-2.6714146,0.003,0.0
2026-03-17 14:14:50.162765,DONE,51.4234127,-2.6714146,0.003,0.0
2026-03-17 14:14:51.706009,DONE,51.4234127,-2.6714146,0.003,0.0
2026-03-17 14:14:53.262086,DONE,51.4234127,-2.6714146,0.003,0.0
2026-03-17 14:14:55.092327,DONE,51.4234127,-2.6714146,0.003,0.0
2026-03-17 14:14:56.761476,DONE,51.4234127,-2.6714146,0.002,0.0
2026-03-17 14:14:58.311900,DONE,51.4234127,-2.6714146,0.002,0.0
2026-03-17 14:14:59.898315,DONE,51.4234127,-2.6714146,0.003,0.0
2026-03-17 14:15:01.470928,DONE,51.4234127,-2.6714146,0.003,0.0
2026-03-17 14:15:02.982323,DONE,51.4234127,-2.6714146,0.003,0.0
2026-03-17 14:15:04.556436,DONE,51.4234127,-2.6714148,0.003,0.0
2026-03-17 14:15:06.207988,DONE,51.4234127,-2.6714149,0.003,0.0
2026-03-17 14:15:07.733536,DONE,51.4234127,-2.6714149,0.003,0.0
2026-03-17 14:15:09.229982,DONE,51.4234127,-2.671415,0.003,0.0
2026-03-17 14:15:10.779044,DONE,51.4234127,-2.671415,0.003,0.0
2026-03-17 14:15:12.344539,DONE,51.4234127,-2.671415,0.003,0.0
2026-03-17 14:15:13.883307,DONE,51.4234127,-2.671415,0.003,0.0
2026-03-17 14:15:15.496091,DONE,51.4234127,-2.671415,0.003,0.0
2026-03-17 14:15:17.038419,DONE,51.4234127,-2.671415,0.003,0.0
2026-03-17 14:15:18.618185,DONE,51.4234127,-2.671415,0.003,0.0
2026-03-17 14:15:20.149161,DONE,51.4234127,-2.671415,0.003,0.0
2026-03-17 14:15:21.703694,DONE,51.4234127,-2.671415,0.003,0.0
2026-03-17 14:15:23.412442,DONE,51.4234127,-2.671415,0.003,0.0
2026-03-17 14:15:25.035224,DONE,51.4234127,-2.671415,0.003,0.0
2026-03-17 14:15:26.605438,DONE,51.4234127,-2.671415,0.003,0.0
2026-03-17 14:15:28.130063,DONE,51.4234127,-2.671415,0.003,0.0
2026-03-17 14:15:29.644101,DONE,51.4234127,-2.671415,0.003,0.0
2026-03-17 14:15:31.205663,DONE,51.4234127,-2.671415,0.003,0.0
2026-03-17 14:15:32.731140,DONE,51.4234127,-2.671415,0.003,0.0
2026-03-17 14:15:34.587840,DONE,51.4234127,-2.671415,0.003,0.0
2026-03-17 14:15:36.400386,DONE,51.4234127,-2.671415,0.003,0.0
2026-03-17 14:15:37.986332,DONE,51.4234127,-2.671415,0.003,0.0
2026-03-17 14:15:39.605131,DONE,51.4234127,-2.671415,0.003,0.0
2026-03-17 14:15:41.143403,DONE,51.4234127,-2.671415,0.003,0.0
2026-03-17 14:15:42.691571,DONE,51.4234127,-2.671415,0.003,0.0
2026-03-17 14:15:44.217481,DONE,51.4234127,-2.671415,0.003,0.0
2026-03-17 14:15:45.736194,DONE,51.4234127,-2.671415,0.003,0.0
2026-03-17 14:15:47.253568,DONE,51.4234127,-2.671415,0.003,0.0
2026-03-17 14:15:48.792629,DONE,51.4234127,-2.671415,0.003,0.0
2026-03-17 14:15:50.369790,DONE,51.4234127,-2.671415,0.003,0.0
2026-03-17 14:15:51.925941,DONE,51.4234127,-2.671415,0.003,0.0
2026-03-17 14:15:53.445307,DONE,51.4234127,-2.671415,0.003,0.0
2026-03-17 14:15:55.241511,DONE,51.4234127,-2.671415,0.003,0.0
2026-03-17 14:15:56.925546,DONE,51.4234127,-2.671415,0.003,0.0
2026-03-17 14:15:58.472594,DONE,51.4234127,-2.671415,0.003,0.0
2026-03-17 14:16:00.119345,DONE,51.4234127,-2.671415,0.003,0.0
2026-03-17 14:16:01.712904,DONE,51.4234127,-2.671415,0.003,0.0
2026-03-17 14:16:03.242231,DONE,51.4234127,-2.6714149,0.003,0.0
2026-03-17 14:16:04.827389,DONE,51.4234127,-2.6714148,0.003,0.0
2026-03-17 14:16:06.472798,DONE,51.4234127,-2.6714147,0.002,0.0
2026-03-17 14:16:07.980755,DONE,51.4234127,-2.6714147,0.003,0.0
2026-03-17 14:16:09.648995,DONE,51.4234127,-2.6714146,0.003,0.0
2026-03-17 14:16:11.175312,DONE,51.4234127,-2.6714146,0.003,0.0
2026-03-17 14:16:12.742926,DONE,51.4234127,-2.6714146,0.003,0.0
2026-03-17 14:16:14.327700,DONE,51.4234127,-2.6714146,0.003,0.0
2026-03-17 14:16:15.931243,DONE,51.4234127,-2.6714146,0.003,0.0
2026-03-17 14:16:17.514039,DONE,51.4234127,-2.6714146,0.003,0.0
2026-03-17 14:16:19.054341,DONE,51.4234127,-2.6714146,0.003,0.0
2026-03-17 14:16:20.612471,DONE,51.4234127,-2.6714146,0.003,0.0
2026-03-17 14:16:22.163685,DONE,51.4234127,-2.6714146,0.003,0.0
2026-03-17 14:16:23.695386,DONE,51.4234127,-2.6714146,0.003,0.0
2026-03-17 14:16:25.238515,DONE,51.4234127,-2.6714146,0.003,0.0
2026-03-17 14:16:26.754591,DONE,51.4234127,-2.6714146,0.003,0.0
2026-03-17 14:16:28.290422,DONE,51.4234127,-2.6714146,0.003,0.0
2026-03-17 14:16:29.859017,DONE,51.4234127,-2.6714146,0.002,0.0
2026-03-17 14:16:31.401948,DONE,51.4234127,-2.6714146,0.002,0.0
2026-03-17 14:16:32.953433,DONE,51.4234127,-2.6714146,0.003,0.0
2026-03-17 14:16:34.554022,DONE,51.4234127,-2.6714146,0.002,0.0
2026-03-17 14:16:36.148657,DONE,51.4234127,-2.6714146,0.003,0.0
2026-03-17 14:16:37.672509,DONE,51.4234127,-2.6714146,0.003,0.0
2026-03-17 14:16:39.266811,DONE,51.4234127,-2.6714146,0.003,0.0
2026-03-17 14:16:40.843966,DONE,51.4234127,-2.6714146,0.003,0.0
2026-03-17 14:16:42.381652,DONE,51.4234127,-2.6714146,0.003,0.0
2026-03-17 14:16:44.020850,DONE,51.4234127,-2.6714146,0.003,0.0
2026-03-17 14:16:45.565737,DONE,51.4234127,-2.6714146,0.003,0.0
2026-03-17 14:16:47.089761,DONE,51.4234127,-2.6714146,0.003,0.0
2026-03-17 14:16:48.607087,DONE,51.4234127,-2.6714146,0.003,0.0
2026-03-17 14:16:50.133066,DONE,51.4234127,-2.6714146,0.003,0.0
2026-03-17 14:16:51.668947,DONE,51.4234127,-2.6714146,0.003,0.0
2026-03-17 14:16:53.184348,DONE,51.4234127,-2.6714146,0.003,0.0
2026-03-17 14:16:54.976501,DONE,51.4234127,-2.6714146,0.003,0.0
2026-03-17 14:16:56.696099,DONE,51.4234127,-2.6714146,0.003,0.0
2026-03-17 14:16:58.255555,DONE,51.4234127,-2.6714146,0.003,0.0
2026-03-17 14:17:00.122465,DONE,51.4234127,-2.6714146,0.003,0.0
2026-03-17 14:17:02.216224,DONE,51.4234127,-2.6714146,0.003,0.0
2026-03-17 14:17:04.038908,DONE,51.4234127,-2.6714147,0.003,0.0
2026-03-17 14:17:05.714735,DONE,51.4234127,-2.6714148,0.003,0.0
2026-03-17 14:17:06.989612,DONE,51.4234127,-2.6714149,0.003,0.0
2026-03-17 14:32:10.473147,DONE,51.4234127,-2.6714149,0.003,0.0
2026-03-17 14:32:11.921984,DONE,51.4234127,-2.6714149,0.003,0.0
2026-03-17 16:17:20.277865,DONE,51.4234127,-2.6714149,0.003,0.0
2026-03-17 16:17:21.653278,DONE,51.4234127,-2.6714149,0.003,0.0
2026-03-17 16:17:24.372857,DONE,51.4234127,-2.6714149,0.003,0.0
2026-03-17 16:17:26.900741,DONE,51.4234127,-2.6714149,0.003,0.0
2026-03-17 16:17:28.425658,DONE,51.4234127,-2.6714149,0.003,0.0
2026-03-17 16:17:29.617632,DONE,51.4234127,-2.6714149,0.003,0.0
2026-03-17 16:17:30.860843,DONE,51.4234127,-2.6714149,0.003,0.0
2026-03-17 16:17:32.088167,DONE,51.4234127,-2.6714149,0.003,0.0
2026-03-17 16:17:33.178846,DONE,51.4234127,-2.6714149,0.003,0.0
2026-03-17 16:17:34.308395,DONE,51.4234127,-2.6714149,0.003,0.0
2026-03-17 16:17:35.465222,DONE,51.4234127,-2.6714149,0.003,0.0
2026-03-17 16:17:36.650110,DONE,51.4234127,-2.6714149,0.003,0.0
2026-03-17 16:17:37.700556,DONE,51.4234127,-2.6714149,0.003,0.0
2026-03-17 16:17:38.773048,DONE,51.4234127,-2.6714149,0.003,0.0
2026-03-17 16:17:39.838557,DONE,51.4234127,-2.6714149,0.003,0.0
2026-03-17 16:17:41.051650,DONE,51.4234127,-2.6714149,0.003,0.0
2026-03-17 16:17:42.342356,DONE,51.4234127,-2.6714149,0.003,0.0
2026-03-17 16:17:43.517489,DONE,51.4234127,-2.6714149,0.003,0.0
2026-03-17 16:17:44.629976,DONE,51.4234127,-2.6714149,0.003,0.0
2026-03-17 16:17:46.487019,DONE,51.4234127,-2.6714149,0.003,0.0
2026-03-17 16:17:48.252128,DONE,51.4234127,-2.6714149,0.003,0.0
2026-03-17 16:17:50.174814,DONE,51.4234127,-2.6714149,0.003,0.0
2026-03-17 16:17:52.213407,DONE,51.4234127,-2.6714149,0.003,0.0
2026-03-17 16:17:54.083630,DONE,51.4234127,-2.6714149,0.003,0.0
2026-03-17 16:17:56.794067,DONE,51.4234127,-2.6714149,0.003,0.0
2026-03-17 16:17:57.907702,DONE,51.4234127,-2.6714149,0.003,0.0
2026-03-17 16:17:59.860924,DONE,51.4234127,-2.6714149,0.003,0.0
2026-03-17 16:18:01.644963,DONE,51.4234127,-2.6714149,0.003,0.0
2026-03-17 16:18:03.236642,DONE,51.4234127,-2.6714149,0.003,0.0
2026-03-17 16:18:04.817042,DONE,51.4234127,-2.6714149,0.003,0.0
2026-03-17 16:18:06.238835,DONE,51.4234127,-2.6714149,0.003,0.0
2026-03-17 16:18:07.655064,DONE,51.4234127,-2.6714149,0.003,0.0
2026-03-17 16:18:09.093171,DONE,51.4234127,-2.6714149,0.003,0.0
2026-03-17 16:18:10.509861,DONE,51.4234127,-2.6714149,0.003,0.0
2026-03-17 16:18:11.928551,DONE,51.4234127,-2.6714149,0.003,0.0
2026-03-17 16:18:13.514489,DONE,51.4234127,-2.6714149,0.003,0.0
2026-03-17 16:18:14.945333,DONE,51.4234127,-2.6714149,0.003,0.0
2026-03-17 16:18:16.322238,DONE,51.4234127,-2.6714149,0.003,0.0
2026-03-17 16:18:17.672886,DONE,51.4234127,-2.6714149,0.003,0.0
2026-03-17 16:18:19.025822,DONE,51.4234127,-2.6714149,0.003,0.0
2026-03-17 16:18:20.384382,DONE,51.4234127,-2.6714149,0.003,0.0
2026-03-17 16:18:21.757482,DONE,51.4234127,-2.6714149,0.003,0.0
2026-03-17 16:18:23.104560,DONE,51.4234127,-2.6714149,0.003,0.0
2026-03-17 16:18:24.595150,DONE,51.4234127,-2.6714149,0.003,0.0
2026-03-17 16:18:25.981545,DONE,51.4234127,-2.6714149,0.003,0.0
2026-03-17 16:18:27.352672,DONE,51.4234127,-2.6714149,0.003,0.0
2026-03-17 16:18:28.695463,DONE,51.4234127,-2.6714149,0.003,0.0
2026-03-17 16:18:30.045158,DONE,51.4234127,-2.6714149,0.003,0.0
2026-03-17 16:18:31.388353,DONE,51.4234127,-2.6714149,0.003,0.0
2026-03-17 16:18:32.666950,DONE,51.4234127,-2.6714149,0.003,0.0
2026-03-17 16:18:33.915786,DONE,51.4234127,-2.6714149,0.003,0.0
2026-03-17 16:18:35.356065,DONE,51.4234127,-2.6714149,0.003,0.0
2026-03-17 16:18:36.670748,DONE,51.4234127,-2.6714149,0.003,0.0
2026-03-17 16:18:38.023039,DONE,51.4234127,-2.6714149,0.003,0.0
2026-03-17 16:18:39.321551,DONE,51.4234127,-2.6714149,0.003,0.0
2026-03-17 16:18:40.638775,DONE,51.4234127,-2.6714149,0.003,0.0
2026-03-17 16:18:41.946087,DONE,51.4234127,-2.6714149,0.003,0.0
2026-03-17 16:18:43.251950,DONE,51.4234127,-2.6714149,0.003,0.0
2026-03-17 16:18:44.639247,DONE,51.4234127,-2.6714149,0.003,0.0
2026-03-17 16:18:45.977349,DONE,51.4234127,-2.6714149,0.003,0.0
2026-03-17 16:18:47.233186,DONE,51.4234127,-2.6714149,0.003,0.0
2026-03-17 16:18:48.531136,DONE,51.4234127,-2.6714149,0.003,0.0
2026-03-17 16:18:50.001363,DONE,51.4234127,-2.6714149,0.003,0.0
2026-03-17 16:18:51.467902,DONE,51.4234127,-2.6714149,0.003,0.0
2026-03-17 16:18:52.752022,DONE,51.4234127,-2.6714149,0.003,0.0
2026-03-17 16:18:54.027760,DONE,51.4234127,-2.6714149,0.003,0.0
2026-03-17 16:18:55.430646,DONE,51.4234127,-2.6714149,0.003,0.0
2026-03-17 16:18:56.804957,DONE,51.4234127,-2.6714149,0.003,0.0
2026-03-17 16:18:58.128821,DONE,51.4234127,-2.6714149,0.003,0.0
2026-03-17 16:18:59.473494,DONE,51.4234127,-2.6714149,0.003,0.0
2026-03-17 16:19:00.764945,DONE,51.4234127,-2.6714149,0.003,0.0
2026-03-17 16:19:02.059327,DONE,51.4234127,-2.6714149,0.003,0.0
2026-03-17 16:19:03.455142,DONE,51.4234127,-2.6714149,0.003,0.0
2026-03-17 16:19:04.803812,DONE,51.4234127,-2.6714149,0.003,0.0
2026-03-17 16:19:06.122845,DONE,51.4234127,-2.6714149,0.003,0.0
2026-03-17 16:19:07.488312,DONE,51.4234127,-2.6714149,0.003,0.0
2026-03-17 16:19:08.893695,DONE,51.4234127,-2.6714149,0.003,0.0
2026-03-17 16:19:10.316704,DONE,51.4234127,-2.6714149,0.003,0.0
2026-03-17 16:19:11.846544,DONE,51.4234127,-2.6714149,0.003,0.0
2026-03-17 16:19:13.290336,DONE,51.4234127,-2.6714149,0.003,0.0
2026-03-17 16:19:14.652313,DONE,51.4234127,-2.6714149,0.003,0.0
2026-03-17 16:19:16.039265,DONE,51.4234127,-2.6714149,0.003,0.0
2026-03-17 16:19:17.416334,DONE,51.4234127,-2.6714149,0.003,0.0
2026-03-17 16:19:18.800915,DONE,51.4234127,-2.6714149,0.003,0.0
2026-03-17 16:19:20.220961,DONE,51.4234127,-2.6714149,0.003,0.0
2026-03-17 16:19:21.628142,DONE,51.4234127,-2.6714149,0.003,0.0
2026-03-17 16:19:23.017529,DONE,51.4234127,-2.6714149,0.003,0.0
2026-03-17 16:19:24.393303,DONE,51.4234127,-2.6714149,0.003,0.0
2026-03-17 16:19:25.721568,DONE,51.4234127,-2.6714149,0.003,0.0
2026-03-17 16:19:27.006773,DONE,51.4234127,-2.6714149,0.003,0.0
2026-03-17 16:19:28.391554,DONE,51.4234127,-2.6714149,0.003,0.0
2026-03-17 16:19:29.781103,DONE,51.4234127,-2.6714149,0.003,0.0
2026-03-17 16:19:31.117267,DONE,51.4234127,-2.6714149,0.003,0.0
2026-03-17 16:19:32.387841,DONE,51.4234127,-2.6714149,0.003,0.0
2026-03-17 16:19:33.683520,DONE,51.4234127,-2.6714149,0.003,0.0
2026-03-17 16:19:34.996021,DONE,51.4234127,-2.6714149,0.003,0.0
2026-03-17 16:19:36.386232,DONE,51.4234127,-2.6714149,0.003,0.0
2026-03-17 16:19:37.758512,DONE,51.4234127,-2.6714149,0.003,0.0
2026-03-17 16:19:39.238770,DONE,51.4234127,-2.6714149,0.003,0.0
2026-03-17 16:19:40.572118,DONE,51.4234127,-2.6714149,0.003,0.0
2026-03-17 16:19:41.935781,DONE,51.4234127,-2.6714149,0.003,0.0
2026-03-17 16:19:43.284328,DONE,51.4234127,-2.6714149,0.003,0.0
2026-03-17 16:19:44.613812,DONE,51.4234127,-2.6714149,0.003,0.0
2026-03-17 16:19:45.946720,DONE,51.4234127,-2.6714149,0.003,0.0
2026-03-17 16:19:47.255740,DONE,51.4234127,-2.6714149,0.003,0.0
2026-03-17 16:19:48.609449,DONE,51.4234127,-2.6714149,0.003,0.0
2026-03-17 16:19:50.197698,DONE,51.4234127,-2.6714149,0.003,0.0
2026-03-17 16:19:51.755392,DONE,51.4234127,-2.6714149,0.003,0.0
2026-03-17 16:19:53.249504,DONE,51.4234127,-2.6714149,0.003,0.0
2026-03-17 16:19:54.617985,DONE,51.4234127,-2.6714149,0.003,0.0
2026-03-17 16:19:55.962848,DONE,51.4234127,-2.6714149,0.003,0.0
2026-03-17 16:19:57.302049,DONE,51.4234127,-2.6714149,0.003,0.0
2026-03-17 16:19:58.641893,DONE,51.4234127,-2.6714149,0.003,0.0
2026-03-17 16:19:59.915469,DONE,51.4234127,-2.6714149,0.003,0.0
2026-03-17 16:20:01.192907,DONE,51.4234127,-2.6714149,0.003,0.0
2026-03-17 16:20:02.481545,DONE,51.4234127,-2.6714149,0.003,0.0
2026-03-17 16:20:03.799527,DONE,51.4234127,-2.6714149,0.003,0.0
2026-03-17 16:20:05.135851,DONE,51.4234127,-2.6714149,0.003,0.0
2026-03-17 16:20:06.436183,DONE,51.4234127,-2.6714149,0.003,0.0
2026-03-17 16:20:07.753730,DONE,51.4234127,-2.6714149,0.003,0.0
2026-03-17 16:20:09.115553,DONE,51.4234127,-2.6714149,0.003,0.0
2026-03-17 16:20:10.496666,DONE,51.4234127,-2.6714149,0.003,0.0
2026-03-17 16:20:11.849322,DONE,51.4234127,-2.6714149,0.003,0.0
2026-03-17 16:20:13.194232,DONE,51.4234127,-2.6714149,0.003,0.0
2026-03-17 16:20:14.479534,DONE,51.4234127,-2.6714149,0.003,0.0
2026-03-17 16:20:15.776657,DONE,51.4234127,-2.6714149,0.003,0.0
2026-03-17 16:20:17.106742,DONE,51.4234127,-2.6714149,0.003,0.0
2026-03-17 16:20:18.458418,DONE,51.4234127,-2.6714149,0.003,0.0
2026-03-17 16:20:19.801110,DONE,51.4234127,-2.6714149,0.003,0.0
2026-03-17 16:20:21.105515,DONE,51.4234127,-2.6714149,0.003,0.0
2026-03-17 16:20:22.421088,DONE,51.4234127,-2.6714149,0.003,0.0
2026-03-17 16:20:23.772080,DONE,51.4234127,-2.6714149,0.003,0.0
2026-03-17 16:20:25.192729,DONE,51.4234127,-2.6714149,0.003,0.0
2026-03-17 16:20:26.656288,DONE,51.4234127,-2.6714149,0.003,0.0
2026-03-17 16:20:28.024824,DONE,51.4234127,-2.6714149,0.003,0.0
2026-03-17 16:20:29.364049,DONE,51.4234127,-2.6714149,0.003,0.0
2026-03-17 16:20:30.695020,DONE,51.4234127,-2.6714149,0.003,0.0
2026-03-17 16:20:32.002692,DONE,51.4234127,-2.6714149,0.003,0.0
2026-03-17 16:20:33.317275,DONE,51.4234127,-2.6714149,0.003,0.0
2026-03-17 16:20:34.716296,DONE,51.4234127,-2.6714149,0.003,0.0
2026-03-17 16:20:36.036829,DONE,51.4234127,-2.6714149,0.003,0.0
2026-03-17 16:20:37.423395,DONE,51.4234127,-2.6714149,0.003,0.0
2026-03-17 16:20:38.735476,DONE,51.4234127,-2.6714149,0.003,0.0
2026-03-17 16:20:40.054927,DONE,51.4234127,-2.6714149,0.003,0.0
2026-03-17 16:20:41.472624,DONE,51.4234127,-2.6714149,0.003,0.0
2026-03-17 16:20:42.830014,DONE,51.4234127,-2.6714149,0.003,0.0
2026-03-17 16:20:44.131754,DONE,51.4234127,-2.6714149,0.003,0.0
2026-03-17 16:20:45.459415,DONE,51.4234127,-2.6714149,0.003,0.0
2026-03-17 16:20:46.769785,DONE,51.4234127,-2.6714149,0.003,0.0
2026-03-17 16:20:48.333599,DONE,51.4234127,-2.6714149,0.003,0.0
2026-03-17 16:20:49.890872,DONE,51.4234127,-2.6714149,0.003,0.0
2026-03-17 16:20:51.365163,DONE,51.4234127,-2.6714149,0.003,0.0
2026-03-17 16:20:52.735317,DONE,51.4234127,-2.6714149,0.003,0.0
2026-03-17 16:20:54.062632,DONE,51.4234127,-2.6714149,0.003,0.0
2026-03-17 16:20:55.534353,DONE,51.4234127,-2.6714149,0.003,0.0
2026-03-17 16:20:56.871289,DONE,51.4234127,-2.6714149,0.003,0.0
2026-03-17 16:20:58.201355,DONE,51.4234127,-2.6714149,0.003,0.0
2026-03-17 16:20:59.547138,DONE,51.4234127,-2.6714149,0.003,0.0
2026-03-17 16:21:00.907659,DONE,51.4234127,-2.6714149,0.003,0.0
2026-03-17 16:21:02.264905,DONE,51.4234127,-2.6714149,0.003,0.0
2026-03-17 16:21:03.549658,DONE,51.4234127,-2.6714149,0.003,0.0
2026-03-17 16:21:04.911189,DONE,51.4234127,-2.6714149,0.003,0.0
2026-03-17 16:21:06.269057,DONE,51.4234127,-2.6714149,0.003,0.0
2026-03-17 16:21:07.576702,DONE,51.4234127,-2.6714149,0.003,0.0
2026-03-17 16:21:08.973558,DONE,51.4234127,-2.6714149,0.003,0.0
2026-03-17 16:21:10.359493,DONE,51.4234127,-2.6714149,0.003,0.0
2026-03-17 16:21:11.705120,DONE,51.4234127,-2.6714149,0.003,0.0
2026-03-17 16:21:13.205764,DONE,51.4234127,-2.6714149,0.003,0.0
2026-03-17 16:21:14.686019,DONE,51.4234127,-2.6714149,0.003,0.0
2026-03-17 16:21:16.111871,DONE,51.4234127,-2.6714149,0.003,0.0
2026-03-17 16:21:17.460163,DONE,51.4234127,-2.6714149,0.003,0.0
2026-03-17 16:21:18.823868,DONE,51.4234127,-2.6714149,0.003,0.0
2026-03-17 16:21:20.140206,DONE,51.4234127,-2.6714149,0.003,0.0
2026-03-17 16:21:21.478347,DONE,51.4234127,-2.6714149,0.003,0.0
2026-03-17 16:21:22.841878,DONE,51.4234127,-2.6714149,0.003,0.0
2026-03-17 16:21:24.199045,DONE,51.4234127,-2.6714149,0.003,0.0
2026-03-17 16:21:25.559884,DONE,51.4234127,-2.6714149,0.003,0.0
2026-03-17 16:21:26.859534,DONE,51.4234127,-2.6714149,0.003,0.0
2026-03-17 16:21:28.199513,DONE,51.4234127,-2.6714149,0.003,0.0
2026-03-17 16:21:29.615751,DONE,51.4234127,-2.6714149,0.003,0.0
2026-03-17 16:21:31.012600,DONE,51.4234127,-2.6714149,0.003,0.0
2026-03-17 16:21:32.356265,DONE,51.4234127,-2.6714149,0.003,0.0
2026-03-17 16:21:33.738298,DONE,51.4234127,-2.6714149,0.003,0.0
2026-03-17 16:21:35.110620,DONE,51.4234127,-2.6714149,0.003,0.0
2026-03-17 16:21:36.419163,DONE,51.4234127,-2.6714149,0.003,0.0
2026-03-17 16:21:37.755037,DONE,51.4234127,-2.6714149,0.003,0.0
2026-03-17 16:21:39.155635,DONE,51.4234127,-2.6714149,0.003,0.0
2026-03-17 16:21:40.490826,DONE,51.4234127,-2.6714149,0.003,0.0
2026-03-17 16:21:41.851542,DONE,51.4234127,-2.6714149,0.003,0.0
2026-03-17 16:21:43.197371,DONE,51.4234127,-2.6714149,0.003,0.0
2026-03-17 16:21:44.475439,DONE,51.4234127,-2.6714149,0.003,0.0
2026-03-17 16:21:45.864414,DONE,51.4234127,-2.6714149,0.003,0.0
2026-03-17 16:21:47.247063,DONE,51.4234127,-2.6714149,0.003,0.0
2026-03-17 16:21:48.601466,DONE,51.4234127,-2.6714149,0.003,0.0
2026-03-17 16:21:50.138363,DONE,51.4234127,-2.6714149,0.003,0.0
2026-03-17 16:21:51.567661,DONE,51.4234127,-2.6714149,0.003,0.0
2026-03-17 16:21:52.945927,DONE,51.4234127,-2.6714149,0.003,0.0
2026-03-17 16:21:54.338475,DONE,51.4234127,-2.6714149,0.003,0.0
2026-03-17 16:21:55.800894,DONE,51.4234127,-2.6714149,0.003,0.0
2026-03-17 16:21:57.170030,DONE,51.4234127,-2.6714149,0.003,0.0
2026-03-17 16:21:58.522756,DONE,51.4234127,-2.6714149,0.003,0.0
2026-03-17 16:21:59.886800,DONE,51.4234127,-2.6714149,0.003,0.0
2026-03-17 16:22:01.309571,DONE,51.4234127,-2.6714149,0.003,0.0
2026-03-17 16:22:02.681173,DONE,51.4234127,-2.6714149,0.003,0.0
2026-03-17 16:22:03.998240,DONE,51.4234127,-2.6714149,0.003,0.0
2026-03-17 16:22:05.406710,DONE,51.4234127,-2.6714149,0.003,0.0
2026-03-17 16:22:06.691220,DONE,51.4234127,-2.6714149,0.003,0.0
2026-03-17 16:22:08.082569,DONE,51.4234127,-2.6714149,0.003,0.0
2026-03-17 16:22:09.430798,DONE,51.4234127,-2.6714149,0.003,0.0
2026-03-17 16:22:10.790246,DONE,51.4234127,-2.6714149,0.003,0.0
2026-03-17 16:22:12.136967,DONE,51.4234127,-2.6714149,0.003,0.0
2026-03-17 16:22:13.515238,DONE,51.4234127,-2.6714149,0.003,0.0
2026-03-17 16:22:15.116272,DONE,51.4234127,-2.6714149,0.003,0.0
2026-03-17 16:22:16.668268,DONE,51.4234127,-2.6714149,0.003,0.0
2026-03-17 16:22:17.996730,DONE,51.4234127,-2.6714149,0.003,0.0
2026-03-17 16:22:19.337048,DONE,51.4234127,-2.6714149,0.003,0.0
2026-03-17 16:22:20.792777,DONE,51.4234127,-2.6714149,0.003,0.0
2026-03-17 16:22:22.184372,DONE,51.4234127,-2.6714149,0.003,0.0
2026-03-17 16:22:23.544585,DONE,51.4234127,-2.6714149,0.003,0.0
2026-03-17 16:22:24.862364,DONE,51.4234127,-2.6714149,0.003,0.0
2026-03-17 16:22:26.201465,DONE,51.4234127,-2.6714149,0.003,0.0
2026-03-17 16:22:27.572000,DONE,51.4234127,-2.6714149,0.003,0.0
2026-03-17 16:22:28.980301,DONE,51.4234127,-2.6714149,0.003,0.0
2026-03-17 16:22:30.354501,DONE,51.4234127,-2.6714149,0.003,0.0
2026-03-17 16:22:31.716065,DONE,51.4234127,-2.6714149,0.003,0.0
2026-03-17 16:22:33.048831,DONE,51.4234127,-2.6714149,0.003,0.0
2026-03-17 16:22:34.520095,DONE,51.4234127,-2.6714149,0.003,0.0
2026-03-17 16:22:35.945016,DONE,51.4234127,-2.6714149,0.003,0.0
2026-03-17 16:22:37.378309,DONE,51.4234127,-2.6714149,0.003,0.0
2026-03-17 16:22:38.788118,DONE,51.4234127,-2.6714149,0.003,0.0
2026-03-17 16:22:40.204981,DONE,51.4234127,-2.6714149,0.003,0.0
2026-03-17 16:22:41.584188,DONE,51.4234127,-2.6714149,0.003,0.0
2026-03-17 16:22:42.908288,DONE,51.4234127,-2.6714149,0.003,0.0
2026-03-17 16:22:44.272510,DONE,51.4234127,-2.6714149,0.003,0.0
2026-03-17 16:22:45.655802,DONE,51.4234127,-2.6714149,0.003,0.0
2026-03-17 16:22:47.044105,DONE,51.4234127,-2.6714149,0.003,0.0
2026-03-17 16:22:48.482408,DONE,51.4234127,-2.6714149,0.003,0.0
2026-03-17 16:22:50.017110,DONE,51.4234127,-2.6714149,0.003,0.0
2026-03-17 16:22:51.512847,DONE,51.4234127,-2.6714149,0.003,0.0
2026-03-17 16:22:52.884831,DONE,51.4234127,-2.6714149,0.003,0.0
2026-03-17 16:22:54.377267,DONE,51.4234127,-2.6714149,0.003,0.0
2026-03-17 16:22:55.831320,DONE,51.4234127,-2.6714149,0.003,0.0
2026-03-17 16:22:57.232533,DONE,51.4234127,-2.6714149,0.003,0.0
2026-03-17 16:22:58.631189,DONE,51.4234127,-2.6714149,0.003,0.0
2026-03-17 16:23:00.010213,DONE,51.4234127,-2.6714149,0.003,0.0
2026-03-17 16:23:01.362167,DONE,51.4234127,-2.6714149,0.003,0.0
2026-03-17 16:23:02.775159,DONE,51.4234127,-2.6714149,0.003,0.0
2026-03-17 16:23:04.117109,DONE,51.4234127,-2.6714149,0.003,0.0
2026-03-17 16:23:05.521019,DONE,51.4234127,-2.6714149,0.003,0.0
2026-03-17 16:23:06.832585,DONE,51.4234127,-2.6714149,0.003,0.0
2026-03-17 16:23:08.218597,DONE,51.4234127,-2.6714149,0.003,0.0
2026-03-17 16:23:09.623789,DONE,51.4234127,-2.6714149,0.003,0.0
2026-03-17 16:23:10.957301,DONE,51.4234127,-2.6714149,0.003,0.0
2026-03-17 16:23:12.300291,DONE,51.4234127,-2.6714149,0.003,0.0
2026-03-17 16:23:13.673088,DONE,51.4234127,-2.6714149,0.003,0.0
2026-03-17 16:23:15.076113,DONE,51.4234127,-2.6714149,0.003,0.0
2026-03-17 16:23:16.455282,DONE,51.4234127,-2.6714149,0.003,0.0
2026-03-17 16:23:17.786613,DONE,51.4234127,-2.6714149,0.003,0.0
2026-03-17 16:23:19.104669,DONE,51.4234127,-2.6714149,0.003,0.0
2026-03-17 16:23:20.478896,DONE,51.4234127,-2.6714149,0.003,0.0
2026-03-17 16:23:21.893593,DONE,51.4234127,-2.6714149,0.003,0.0
2026-03-17 16:23:23.302559,DONE,51.4234127,-2.6714149,0.003,0.0
2026-03-17 16:23:24.724828,DONE,51.4234127,-2.6714149,0.003,0.0
2026-03-17 16:23:26.039711,DONE,51.4234127,-2.6714149,0.003,0.0
2026-03-17 16:23:27.392626,DONE,51.4234127,-2.6714149,0.003,0.0
2026-03-17 16:23:28.821602,DONE,51.4234127,-2.6714149,0.003,0.0
2026-03-17 16:23:30.292521,DONE,51.4234127,-2.6714149,0.003,0.0
2026-03-17 16:23:31.704364,DONE,51.4234127,-2.6714149,0.003,0.0
2026-03-17 16:23:33.015099,DONE,51.4234127,-2.6714149,0.003,0.0
2026-03-17 16:23:34.440248,DONE,51.4234127,-2.6714149,0.003,0.0
2026-03-17 16:23:35.859168,DONE,51.4234127,-2.6714149,0.003,0.0
2026-03-17 16:23:37.200167,DONE,51.4234127,-2.6714149,0.003,0.0
2026-03-17 16:23:38.529825,DONE,51.4234127,-2.6714149,0.003,0.0
2026-03-17 16:23:39.930428,DONE,51.4234127,-2.6714149,0.003,0.0
2026-03-17 16:23:41.349939,DONE,51.4234127,-2.6714149,0.003,0.0
2026-03-17 16:23:42.761314,DONE,51.4234127,-2.6714149,0.003,0.0
2026-03-17 16:23:44.198599,DONE,51.4234127,-2.6714149,0.003,0.0
2026-03-17 16:23:45.595790,DONE,51.4234127,-2.6714149,0.003,0.0
2026-03-17 16:23:47.010968,DONE,51.4234127,-2.6714149,0.003,0.0
2026-03-17 16:23:48.382149,DONE,51.4234127,-2.6714149,0.003,0.0
2026-03-17 16:23:49.933052,DONE,51.4234127,-2.6714149,0.003,0.0
2026-03-17 16:23:51.664213,DONE,51.4234127,-2.6714149,0.003,0.0
2026-03-17 16:23:53.235297,DONE,51.4234127,-2.6714149,0.003,0.0
2026-03-17 16:23:54.723131,DONE,51.4234127,-2.6714149,0.003,0.0
2026-03-17 16:23:56.266679,DONE,51.4234127,-2.6714149,0.003,0.0
2026-03-17 16:23:57.659582,DONE,51.4234127,-2.6714149,0.003,0.0
2026-03-17 16:23:59.029442,DONE,51.4234127,-2.6714149,0.003,0.0
2026-03-17 16:24:00.404212,DONE,51.4234127,-2.6714149,0.003,0.0
2026-03-17 16:24:01.724959,DONE,51.4234127,-2.6714149,0.003,0.0
2026-03-17 16:24:03.107255,DONE,51.4234127,-2.6714149,0.003,0.0
2026-03-17 16:24:04.459519,DONE,51.4234127,-2.6714149,0.003,0.0
2026-03-17 16:24:05.808510,DONE,51.4234127,-2.6714149,0.003,0.0
2026-03-17 16:24:07.144161,DONE,51.4234127,-2.6714149,0.003,0.0
2026-03-17 16:24:08.510888,DONE,51.4234127,-2.6714149,0.003,0.0
2026-03-17 16:24:09.888658,DONE,51.4234127,-2.6714149,0.003,0.0
2026-03-17 16:24:11.298809,DONE,51.4234127,-2.6714149,0.003,0.0
2026-03-17 16:24:12.665718,DONE,51.4234127,-2.6714149,0.003,0.0
2026-03-17 16:24:14.029493,DONE,51.4234127,-2.6714149,0.003,0.0
2026-03-17 16:24:15.458127,DONE,51.4234127,-2.6714149,0.003,0.0
2026-03-17 16:24:16.890667,DONE,51.4234127,-2.6714149,0.003,0.0
2026-03-17 16:24:18.297993,DONE,51.4234127,-2.6714149,0.003,0.0
2026-03-17 16:24:19.655275,DONE,51.4234127,-2.6714149,0.003,0.0
2026-03-17 16:24:21.055465,DONE,51.4234127,-2.6714149,0.003,0.0
2026-03-17 16:24:22.396187,DONE,51.4234127,-2.6714149,0.003,0.0
2026-03-17 16:24:23.844743,DONE,51.4234127,-2.6714149,0.003,0.0
2026-03-17 16:24:25.196449,DONE,51.4234127,-2.6714149,0.003,0.0
2026-03-17 16:24:26.518193,DONE,51.4234127,-2.6714149,0.003,0.0
2026-03-17 16:24:27.871935,DONE,51.4234127,-2.6714149,0.003,0.0
2026-03-17 16:24:29.395444,DONE,51.4234127,-2.6714149,0.003,0.0
2026-03-17 16:24:30.795748,DONE,51.4234127,-2.6714149,0.003,0.0
2026-03-17 16:24:32.119558,DONE,51.4234127,-2.6714149,0.003,0.0
2026-03-17 16:24:33.486486,DONE,51.4234127,-2.6714149,0.003,0.0
2026-03-17 16:24:34.876584,DONE,51.4234127,-2.6714149,0.003,0.0
2026-03-17 16:24:36.272079,DONE,51.4234127,-2.6714149,0.003,0.0
2026-03-17 16:24:37.682612,DONE,51.4234127,-2.6714149,0.003,0.0
2026-03-17 16:24:39.033221,DONE,51.4234127,-2.6714149,0.003,0.0
2026-03-17 16:24:40.447610,DONE,51.4234127,-2.6714149,0.003,0.0
2026-03-17 16:24:41.874485,DONE,51.4234127,-2.6714149,0.003,0.0
2026-03-17 16:24:43.324570,DONE,51.4234127,-2.6714149,0.003,0.0
2026-03-17 16:24:44.778142,DONE,51.4234127,-2.6714149,0.003,0.0
2026-03-17 16:24:46.177754,DONE,51.4234127,-2.6714149,0.003,0.0
2026-03-17 16:24:47.543068,DONE,51.4234127,-2.6714149,0.003,0.0
2026-03-17 16:24:49.016323,DONE,51.4234127,-2.6714149,0.003,0.0
2026-03-17 16:24:50.588210,DONE,51.4234127,-2.6714149,0.003,0.0
2026-03-17 16:24:52.057962,DONE,51.4234127,-2.6714149,0.003,0.0
2026-03-17 16:24:53.530537,DONE,51.4234127,-2.6714149,0.003,0.0
2026-03-17 16:24:55.093973,DONE,51.4234127,-2.6714149,0.003,0.0
2026-03-17 16:24:56.479333,DONE,51.4234127,-2.6714149,0.003,0.0
2026-03-17 16:24:57.805087,DONE,51.4234127,-2.6714149,0.003,0.0
2026-03-17 16:24:59.151861,DONE,51.4234127,-2.6714149,0.003,0.0
2026-03-17 16:25:00.607837,DONE,51.4234127,-2.6714149,0.003,0.0
2026-03-17 16:25:02.050411,DONE,51.4234127,-2.6714149,0.003,0.0
2026-03-17 16:25:03.467961,DONE,51.4234127,-2.6714149,0.003,0.0
2026-03-17 16:25:04.842741,DONE,51.4234127,-2.6714149,0.003,0.0
2026-03-17 16:25:06.188925,DONE,51.4234127,-2.6714149,0.003,0.0
2026-03-17 16:25:07.586352,DONE,51.4234127,-2.6714149,0.003,0.0
2026-03-17 16:25:09.003476,DONE,51.4234127,-2.6714149,0.003,0.0
2026-03-17 16:25:10.401030,DONE,51.4234127,-2.6714149,0.003,0.0
2026-03-17 16:25:11.809800,DONE,51.4234127,-2.6714149,0.003,0.0
2026-03-17 16:25:13.186324,DONE,51.4234127,-2.6714149,0.003,0.0
2026-03-17 16:25:14.568270,DONE,51.4234127,-2.6714149,0.003,0.0
2026-03-17 16:25:15.991483,DONE,51.4234127,-2.6714149,0.003,0.0
2026-03-17 16:25:17.419108,DONE,51.4234127,-2.6714149,0.003,0.0
2026-03-17 16:25:18.840752,DONE,51.4234127,-2.6714149,0.003,0.0
2026-03-17 16:25:20.222611,DONE,51.4234127,-2.6714149,0.003,0.0
2026-03-17 16:25:21.526328,DONE,51.4234127,-2.6714149,0.003,0.0
2026-03-17 16:25:22.906575,DONE,51.4234127,-2.6714149,0.003,0.0
2026-03-17 16:25:24.320435,DONE,51.4234127,-2.6714149,0.003,0.0
2026-03-17 16:25:25.679818,DONE,51.4234127,-2.6714149,0.003,0.0
2026-03-17 16:25:27.000765,DONE,51.4234127,-2.6714149,0.003,0.0
2026-03-17 16:25:28.358123,DONE,51.4234127,-2.6714149,0.003,0.0
2026-03-17 16:25:29.798101,DONE,51.4234127,-2.6714149,0.003,0.0
2026-03-17 16:25:31.299587,DONE,51.4234127,-2.6714149,0.003,0.0
2026-03-17 16:25:32.637618,DONE,51.4234127,-2.6714149,0.003,0.0
2026-03-17 16:25:33.970400,DONE,51.4234127,-2.6714149,0.003,0.0
2026-03-17 16:25:35.386374,DONE,51.4234127,-2.6714149,0.003,0.0
2026-03-17 16:25:36.746506,DONE,51.4234127,-2.6714149,0.003,0.0
2026-03-17 16:25:38.180125,DONE,51.4234127,-2.6714149,0.003,0.0
2026-03-17 16:25:39.562194,DONE,51.4234127,-2.6714149,0.003,0.0
2026-03-17 16:25:40.899963,DONE,51.4234127,-2.6714149,0.003,0.0
2026-03-17 16:25:42.281505,DONE,51.4234127,-2.6714149,0.003,0.0
2026-03-17 16:25:43.680380,DONE,51.4234127,-2.6714149,0.003,0.0
2026-03-17 16:25:45.085966,DONE,51.4234127,-2.6714149,0.003,0.0
2026-03-17 16:25:46.441346,DONE,51.4234127,-2.6714149,0.003,0.0
2026-03-17 16:25:47.795541,DONE,51.4234127,-2.6714149,0.003,0.0
2026-03-17 16:25:49.260506,DONE,51.4234127,-2.6714149,0.003,0.0
2026-03-17 16:25:50.863698,DONE,51.4234127,-2.6714149,0.003,0.0
2026-03-17 16:25:52.193455,DONE,51.4234127,-2.6714149,0.003,0.0
2026-03-17 16:25:53.583995,DONE,51.4234127,-2.6714149,0.003,0.0
2026-03-17 16:25:55.029674,DONE,51.4234127,-2.6714149,0.003,0.0
2026-03-17 16:25:56.456766,DONE,51.4234127,-2.6714149,0.003,0.0
2026-03-17 16:25:57.913832,DONE,51.4234127,-2.6714149,0.003,0.0
2026-03-17 16:25:59.353256,DONE,51.4234127,-2.6714149,0.003,0.0
2026-03-17 16:26:00.793816,DONE,51.4234127,-2.6714149,0.003,0.0
2026-03-17 16:26:02.151610,DONE,51.4234127,-2.6714149,0.003,0.0
2026-03-17 16:26:03.570487,DONE,51.4234127,-2.6714149,0.003,0.0
2026-03-17 16:26:05.006576,DONE,51.4234127,-2.6714149,0.003,0.0
2026-03-17 16:26:06.454870,DONE,51.4234127,-2.6714149,0.003,0.0
2026-03-17 16:26:07.860387,DONE,51.4234127,-2.6714149,0.003,0.0
2026-03-17 16:26:09.306082,DONE,51.4234127,-2.6714149,0.003,0.0
2026-03-17 16:26:10.764374,DONE,51.4234127,-2.6714149,0.003,0.0
2026-03-17 16:26:12.230868,DONE,51.4234127,-2.6714149,0.003,0.0
2026-03-17 16:26:13.697325,DONE,51.4234127,-2.6714149,0.003,0.0
2026-03-17 16:26:15.166059,DONE,51.4234127,-2.6714149,0.003,0.0
2026-03-17 16:26:16.581239,DONE,51.4234127,-2.6714149,0.003,0.0
2026-03-17 16:26:18.048728,DONE,51.4234127,-2.6714149,0.003,0.0
2026-03-17 16:26:19.468145,DONE,51.4234127,-2.6714149,0.003,0.0
2026-03-17 16:26:20.869898,DONE,51.4234127,-2.6714149,0.003,0.0
2026-03-17 16:26:22.295355,DONE,51.4234127,-2.6714149,0.003,0.0
2026-03-17 16:26:23.692069,DONE,51.4234127,-2.6714149,0.003,0.0
2026-03-17 16:26:25.168140,DONE,51.4234127,-2.6714149,0.003,0.0
2026-03-17 16:26:26.626017,DONE,51.4234127,-2.6714149,0.003,0.0
2026-03-17 16:26:28.163913,DONE,51.4234127,-2.6714149,0.003,0.0
2026-03-17 16:26:29.641160,DONE,51.4234127,-2.6714149,0.003,0.0
2026-03-17 16:26:31.083322,DONE,51.4234127,-2.6714149,0.003,0.0
2026-03-17 16:26:32.487486,DONE,51.4234127,-2.6714149,0.003,0.0
2026-03-17 16:26:33.953668,DONE,51.4234127,-2.6714149,0.003,0.0
2026-03-17 16:26:35.379244,DONE,51.4234127,-2.6714149,0.003,0.0
2026-03-17 16:26:36.801777,DONE,51.4234127,-2.6714149,0.003,0.0
2026-03-17 16:26:38.214780,DONE,51.4234127,-2.6714149,0.003,0.0
2026-03-17 16:26:39.670589,DONE,51.4234127,-2.6714149,0.003,0.0
2026-03-17 16:26:41.103338,DONE,51.4234127,-2.6714149,0.003,0.0
2026-03-17 16:26:42.521758,DONE,51.4234127,-2.6714149,0.003,0.0
2026-03-17 16:26:43.908076,DONE,51.4234127,-2.6714149,0.003,0.0
2026-03-17 16:26:45.348877,DONE,51.4234127,-2.6714149,0.003,0.0
2026-03-17 16:26:46.775652,DONE,51.4234127,-2.6714149,0.003,0.0
2026-03-17 16:26:48.206346,DONE,51.4234127,-2.6714149,0.003,0.0
2026-03-17 16:26:49.968064,DONE,51.4234127,-2.6714149,0.003,0.0
2026-03-17 16:26:51.830601,DONE,51.4234127,-2.6714149,0.003,0.0
2026-03-17 16:26:53.352445,DONE,51.4234127,-2.6714149,0.003,0.0
2026-03-17 16:26:55.310021,DONE,51.4234127,-2.6714149,0.003,0.0
2026-03-17 16:26:56.354822,DONE,51.4234127,-2.6714149,0.003,0.0
2026-03-17 16:26:57.659959,DONE,51.4234127,-2.6714149,0.003,0.0
2026-03-17 16:26:59.352405,DONE,51.4234127,-2.6714149,0.003,0.0
2026-03-17 16:27:00.375007,DONE,51.4234127,-2.6714149,0.003,0.0
2026-03-17 16:27:02.321421,DONE,51.4234127,-2.6714149,0.003,0.0
2026-03-17 16:27:04.074375,DONE,51.4234127,-2.6714149,0.003,0.0
2026-03-17 16:27:05.899628,DONE,51.4234127,-2.6714149,0.003,0.0
2026-03-17 16:27:07.089780,DONE,51.4234127,-2.6714149,0.003,0.0
2026-03-17 16:27:08.124072,DONE,51.4234127,-2.6714149,0.003,0.0
2026-03-17 16:27:09.874781,DONE,51.4234127,-2.6714149,0.003,0.0
2026-03-17 16:27:11.700609,DONE,51.4234127,-2.6714149,0.003,0.0
2026-03-17 16:27:12.879776,DONE,51.4234127,-2.6714149,0.003,0.0
2026-03-17 16:27:13.888703,DONE,51.4234127,-2.6714149,0.003,0.0
2026-03-17 16:27:15.889321,DONE,51.4234127,-2.6714149,0.003,0.0
2026-03-17 16:27:17.752043,DONE,51.4234127,-2.6714149,0.003,0.0
2026-03-17 16:27:19.564539,DONE,51.4234127,-2.6714149,0.003,0.0
2026-03-17 16:27:21.159810,DONE,51.4234127,-2.6714149,0.003,0.0
2026-03-17 16:27:22.899146,DONE,51.4234127,-2.6714149,0.003,0.0
2026-03-17 16:27:24.645561,DONE,51.4234127,-2.6714149,0.003,0.0
2026-03-17 16:27:26.412170,DONE,51.4234127,-2.6714149,0.003,0.0
2026-03-17 16:27:28.006853,DONE,51.4234127,-2.6714149,0.003,0.0
2026-03-17 16:27:29.748116,DONE,51.4234127,-2.6714149,0.003,0.0
2026-03-17 16:27:31.445491,DONE,51.4234127,-2.6714149,0.003,0.0
2026-03-17 16:27:33.255457,DONE,51.4234127,-2.6714149,0.003,0.0
2026-03-17 16:27:35.011385,DONE,51.4234127,-2.6714149,0.003,0.0
2026-03-17 16:27:36.812511,DONE,51.4234127,-2.6714149,0.003,0.0
2026-03-17 16:27:38.536444,DONE,51.4234127,-2.6714149,0.003,0.0
2026-03-17 16:27:40.234483,DONE,51.4234127,-2.6714149,0.003,0.0
2026-03-17 16:27:42.025572,DONE,51.4234127,-2.6714149,0.003,0.0
2026-03-17 16:27:43.796778,DONE,51.4234127,-2.6714149,0.003,0.0
2026-03-17 16:27:44.915765,DONE,51.4234127,-2.6714149,0.003,0.0
2026-03-17 16:27:45.938951,DONE,51.4234127,-2.6714149,0.003,0.0
2026-03-17 16:27:47.769488,DONE,51.4234127,-2.6714149,0.003,0.0
2026-03-17 16:27:49.625086,DONE,51.4234127,-2.6714149,0.003,0.0
2026-03-17 16:27:51.432829,DONE,51.4234127,-2.6714149,0.003,0.0
2026-03-17 16:27:53.427404,DONE,51.4234127,-2.6714149,0.003,0.0
2026-03-17 16:27:54.709174,DONE,51.4234127,-2.6714149,0.003,0.0
2026-03-17 16:27:55.998427,DONE,51.4234127,-2.6714149,0.003,0.0
2026-03-17 16:27:57.042796,DONE,51.4234127,-2.6714149,0.003,0.0
2026-03-17 16:27:58.586273,DONE,51.4234127,-2.6714149,0.003,0.0
2026-03-17 16:28:00.644998,DONE,51.4234127,-2.6714149,0.003,0.0
2026-03-17 16:28:05.562736,DONE,51.4234127,-2.6714149,0.003,0.0
2026-03-17 16:28:08.272634,DONE,51.4234127,-2.6714149,0.003,0.0
2026-03-17 16:28:09.776105,DONE,51.4234127,-2.6714149,0.003,0.0
2026-03-17 16:28:11.192639,DONE,51.4234127,-2.6714149,0.003,0.0
2026-03-17 16:28:12.526138,DONE,51.4234127,-2.6714149,0.003,0.0
2026-03-17 16:28:13.844623,DONE,51.4234127,-2.6714149,0.003,0.0
2026-03-17 16:28:15.071863,DONE,51.4234127,-2.6714149,0.003,0.0
2026-03-17 16:28:16.110368,DONE,51.4234127,-2.6714149,0.003,0.0
2026-03-17 16:28:17.227824,DONE,51.4234127,-2.6714149,0.003,0.0
2026-03-17 16:28:18.407788,DONE,51.4234127,-2.6714149,0.003,0.0
2026-03-17 16:28:19.551669,DONE,51.4234127,-2.6714149,0.003,0.0
2026-03-17 16:28:21.597381,DONE,51.4234127,-2.6714149,0.003,0.0
2026-03-17 16:28:22.678562,DONE,51.4234127,-2.6714149,0.003,0.0
2026-03-17 16:28:24.768579,DONE,51.4234127,-2.6714149,0.003,0.0
2026-03-17 16:28:25.927766,DONE,51.4234127,-2.6714149,0.003,0.0
2026-03-17 16:28:27.347264,DONE,51.4234127,-2.6714149,0.003,0.0
2026-03-17 16:28:28.783522,DONE,51.4234127,-2.6714149,0.003,0.0
2026-03-17 16:28:30.144264,DONE,51.4234127,-2.6714149,0.003,0.0
2026-03-17 16:28:31.225097,DONE,51.4234127,-2.6714149,0.003,0.0
2026-03-17 16:28:32.396733,DONE,51.4234127,-2.6714149,0.003,0.0
2026-03-17 16:28:33.571876,DONE,51.4234127,-2.6714149,0.003,0.0
2026-03-17 16:28:34.668576,DONE,51.4234127,-2.6714149,0.003,0.0
2026-03-17 16:28:36.422391,DONE,51.4234127,-2.6714149,0.003,0.0
2026-03-17 16:28:38.106557,DONE,51.4234127,-2.6714149,0.003,0.0
2026-03-17 16:28:39.744708,DONE,51.4234127,-2.6714149,0.003,0.0
2026-03-17 16:28:41.448623,DONE,51.4234127,-2.6714149,0.003,0.0
2026-03-17 16:28:43.073453,DONE,51.4234127,-2.6714149,0.003,0.0
2026-03-17 16:28:44.807658,DONE,51.4234127,-2.6714149,0.003,0.0
2026-03-17 16:28:46.567674,DONE,51.4234127,-2.6714149,0.003,0.0
2026-03-17 16:28:48.306590,DONE,51.4234127,-2.6714149,0.003,0.0
2026-03-17 16:28:50.110748,DONE,51.4234127,-2.6714149,0.003,0.0
2026-03-17 16:28:51.123657,DONE,51.4234127,-2.6714149,0.003,0.0
2026-03-17 16:28:52.892579,DONE,51.4234127,-2.6714149,0.003,0.0
2026-03-17 16:28:54.615023,DONE,51.4234127,-2.6714149,0.003,0.0
2026-03-17 16:28:56.437569,DONE,51.4234127,-2.6714149,0.003,0.0
2026-03-17 16:28:58.318463,DONE,51.4234127,-2.6714149,0.003,0.0
2026-03-17 16:28:59.347849,DONE,51.4234127,-2.6714149,0.003,0.0
2026-03-17 16:29:00.391096,DONE,51.4234127,-2.6714149,0.003,0.0
2026-03-17 16:29:02.128216,DONE,51.4234127,-2.6714149,0.003,0.0
2026-03-17 16:29:03.764010,DONE,51.4234127,-2.6714149,0.003,0.0
2026-03-17 16:29:05.453931,DONE,51.4234127,-2.6714149,0.003,0.0
2026-03-17 16:29:07.206482,DONE,51.4234127,-2.6714149,0.003,0.0
2026-03-17 16:29:09.029694,DONE,51.4234127,-2.6714149,0.003,0.0
2026-03-17 16:29:10.728217,DONE,51.4234127,-2.6714149,0.003,0.0
2026-03-17 16:29:12.547527,DONE,51.4234127,-2.6714149,0.003,0.0
2026-03-17 16:29:14.251993,DONE,51.4234127,-2.6714149,0.003,0.0
2026-03-17 16:29:16.077224,DONE,51.4234127,-2.6714149,0.003,0.0
2026-03-17 16:29:17.798614,DONE,51.4234127,-2.6714149,0.003,0.0
2026-03-17 16:29:19.599282,DONE,51.4234127,-2.6714149,0.003,0.0
2026-03-17 16:29:21.333771,DONE,51.4234127,-2.6714149,0.003,0.0
2026-03-17 16:29:23.022858,DONE,51.4234127,-2.6714149,0.003,0.0
2026-03-17 16:29:24.622772,DONE,51.4234127,-2.6714149,0.003,0.0
2026-03-17 16:29:26.217897,DONE,51.4234127,-2.6714149,0.003,0.0
2026-03-17 16:29:27.837423,DONE,51.4234127,-2.6714149,0.003,0.0
2026-03-17 16:29:29.472960,DONE,51.4234127,-2.6714149,0.003,0.0
2026-03-17 16:29:31.165149,DONE,51.4234127,-2.6714149,0.003,0.0
2026-03-17 16:29:32.816378,DONE,51.4234127,-2.6714149,0.003,0.0
2026-03-17 16:29:34.521037,DONE,51.4234127,-2.6714149,0.003,0.0
2026-03-17 16:29:36.246077,DONE,51.4234127,-2.6714149,0.003,0.0
2026-03-17 16:29:37.950420,DONE,51.4234127,-2.6714149,0.003,0.0
2026-03-17 16:29:39.715647,DONE,51.4234127,-2.6714149,0.003,0.0
2026-03-17 16:29:41.399074,DONE,51.4234127,-2.6714149,0.003,0.0
2026-03-17 16:29:43.124967,DONE,51.4234127,-2.6714149,0.003,0.0
2026-03-17 16:29:44.813075,DONE,51.4234127,-2.6714149,0.003,0.0
2026-03-17 16:29:46.434278,DONE,51.4234127,-2.6714149,0.003,0.0
2026-03-17 16:29:48.108130,DONE,51.4234127,-2.6714149,0.003,0.0
2026-03-17 16:29:49.810913,DONE,51.4234127,-2.6714149,0.003,0.0
2026-03-17 16:29:51.591206,DONE,51.4234127,-2.6714149,0.003,0.0
2026-03-17 16:29:53.390754,DONE,51.4234127,-2.6714149,0.003,0.0
2026-03-17 16:29:55.070898,DONE,51.4234127,-2.6714149,0.003,0.0
2026-03-17 16:29:56.916488,DONE,51.4234127,-2.6714149,0.003,0.0
2026-03-17 16:29:58.583198,DONE,51.4234127,-2.6714149,0.003,0.0
2026-03-17 16:30:00.263772,DONE,51.4234127,-2.6714149,0.003,0.0
2026-03-17 16:30:01.947151,DONE,51.4234127,-2.6714149,0.003,0.0
2026-03-17 16:30:03.606737,DONE,51.4234127,-2.6714149,0.003,0.0
2026-03-17 16:30:05.332431,DONE,51.4234127,-2.6714149,0.003,0.0
2026-03-17 16:30:06.739854,DONE,51.4234127,-2.6714149,0.003,0.0
2026-03-17 16:30:08.093640,DONE,51.4234127,-2.6714149,0.003,0.0
2026-03-17 16:30:09.545810,DONE,51.4234127,-2.6714149,0.003,0.0
2026-03-17 16:30:10.900973,DONE,51.4234127,-2.6714149,0.003,0.0
2026-03-17 16:30:12.236069,DONE,51.4234127,-2.6714149,0.003,0.0
2026-03-17 16:30:13.629656,DONE,51.4234127,-2.6714149,0.003,0.0
2026-03-17 16:30:15.055331,DONE,51.4234127,-2.6714149,0.003,0.0
2026-03-17 16:30:16.394183,DONE,51.4234127,-2.6714149,0.003,0.0
2026-03-17 16:30:17.754001,DONE,51.4234127,-2.6714149,0.003,0.0
2026-03-17 16:30:19.159901,DONE,51.4234127,-2.6714149,0.003,0.0
2026-03-17 16:30:20.799379,DONE,51.4234127,-2.6714149,0.003,0.0
2026-03-17 16:30:22.314390,DONE,51.4234127,-2.6714149,0.003,0.0
2026-03-17 16:30:23.692327,DONE,51.4234127,-2.6714149,0.003,0.0
2026-03-17 16:30:25.117549,DONE,51.4234127,-2.6714149,0.003,0.0
2026-03-17 16:30:26.469029,DONE,51.4234127,-2.6714149,0.003,0.0
2026-03-17 16:30:27.847207,DONE,51.4234127,-2.6714149,0.003,0.0
2026-03-17 16:30:29.212779,DONE,51.4234127,-2.6714149,0.003,0.0
2026-03-17 16:30:30.544832,DONE,51.4234127,-2.6714149,0.003,0.0
2026-03-17 16:30:31.927781,DONE,51.4234127,-2.6714149,0.003,0.0
2026-03-17 16:30:33.421291,DONE,51.4234127,-2.6714149,0.003,0.0
2026-03-17 16:30:34.768034,DONE,51.4234127,-2.6714149,0.003,0.0
2026-03-17 16:30:36.077612,DONE,51.4234127,-2.6714149,0.003,0.0
2026-03-17 16:30:37.450175,DONE,51.4234127,-2.6714149,0.003,0.0
2026-03-17 16:30:38.783302,DONE,51.4234127,-2.6714149,0.003,0.0
2026-03-17 16:30:40.120686,DONE,51.4234127,-2.6714149,0.003,0.0
2026-03-17 16:30:41.460229,DONE,51.4234127,-2.6714149,0.003,0.0
2026-03-17 16:30:42.759022,DONE,51.4234127,-2.6714149,0.003,0.0
2026-03-17 16:30:44.117433,DONE,51.4234127,-2.6714149,0.003,0.0
2026-03-17 16:30:45.521813,DONE,51.4234127,-2.6714149,0.003,0.0
2026-03-17 16:30:46.814293,DONE,51.4234127,-2.6714149,0.003,0.0
2026-03-17 16:30:48.125726,DONE,51.4234127,-2.6714149,0.003,0.0
2026-03-17 16:30:49.671449,DONE,51.4234127,-2.6714149,0.003,0.0
2026-03-17 16:30:51.239507,DONE,51.4234127,-2.6714149,0.003,0.0
2026-03-17 16:30:52.605558,DONE,51.4234127,-2.6714149,0.003,0.0
2026-03-17 16:30:53.932645,DONE,51.4234127,-2.6714149,0.003,0.0
2026-03-17 16:30:55.298351,DONE,51.4234127,-2.6714149,0.003,0.0
2026-03-17 16:30:56.598607,DONE,51.4234127,-2.6714149,0.003,0.0
2026-03-17 16:30:57.932680,DONE,51.4234127,-2.6714149,0.003,0.0
2026-03-17 16:30:59.527708,DONE,51.4234127,-2.6714149,0.003,0.0
2026-03-17 16:31:01.018293,DONE,51.4234127,-2.6714149,0.003,0.0
2026-03-17 16:31:02.367524,DONE,51.4234127,-2.6714149,0.003,0.0
2026-03-17 16:31:03.711326,DONE,51.4234127,-2.6714149,0.003,0.0
2026-03-17 16:31:05.015836,DONE,51.4234127,-2.6714149,0.003,0.0
2026-03-17 16:31:06.422941,DONE,51.4234127,-2.6714149,0.003,0.0
2026-03-17 16:31:07.975899,DONE,51.4234127,-2.6714149,0.003,0.0
2026-03-17 16:31:09.545982,DONE,51.4234127,-2.6714149,0.003,0.0
2026-03-17 16:31:10.854779,DONE,51.4234127,-2.6714149,0.003,0.0
2026-03-17 16:31:12.179326,DONE,51.4234127,-2.6714149,0.003,0.0
2026-03-17 16:31:13.549548,DONE,51.4234127,-2.6714149,0.003,0.0
2026-03-17 16:31:15.050287,DONE,51.4234127,-2.6714149,0.003,0.0
2026-03-17 16:31:16.400009,DONE,51.4234127,-2.6714149,0.003,0.0
2026-03-17 16:31:17.712600,DONE,51.4234127,-2.6714149,0.003,0.0
2026-03-17 16:31:19.030540,DONE,51.4234127,-2.6714149,0.003,0.0
2026-03-17 16:31:20.416953,DONE,51.4234127,-2.6714149,0.003,0.0
2026-03-17 16:31:21.748939,DONE,51.4234127,-2.6714149,0.003,0.0
2026-03-17 16:31:23.080287,DONE,51.4234127,-2.6714149,0.003,0.0
2026-03-17 16:31:24.461243,DONE,51.4234127,-2.6714149,0.003,0.0
2026-03-17 16:31:25.802596,DONE,51.4234127,-2.6714149,0.003,0.0
2026-03-17 16:31:27.101128,DONE,51.4234127,-2.6714149,0.003,0.0
2026-03-17 16:31:28.397959,DONE,51.4234127,-2.6714149,0.003,0.0
2026-03-17 16:31:29.786148,DONE,51.4234127,-2.6714149,0.003,0.0
2026-03-17 16:31:31.087774,DONE,51.4234127,-2.6714149,0.003,0.0
2026-03-17 16:31:32.426298,DONE,51.4234127,-2.6714149,0.003,0.0
2026-03-17 16:31:33.754084,DONE,51.4234127,-2.6714149,0.003,0.0
2026-03-17 16:31:35.123373,DONE,51.4234127,-2.6714149,0.003,0.0
2026-03-17 16:31:36.439849,DONE,51.4234127,-2.6714149,0.003,0.0
2026-03-17 16:31:37.746231,DONE,51.4234127,-2.6714149,0.003,0.0
2026-03-17 16:31:39.046258,DONE,51.4234127,-2.6714149,0.003,0.0
2026-03-17 16:31:40.412925,DONE,51.4234127,-2.6714149,0.003,0.0
2026-03-17 16:31:41.788711,DONE,51.4234127,-2.6714149,0.003,0.0
2026-03-17 16:31:43.172266,DONE,51.4234127,-2.6714149,0.003,0.0
2026-03-17 16:31:44.664969,DONE,51.4234127,-2.6714149,0.003,0.0
2026-03-17 16:31:46.029848,DONE,51.4234127,-2.6714149,0.003,0.0
2026-03-17 16:31:47.426770,DONE,51.4234127,-2.6714149,0.003,0.0
2026-03-17 16:31:48.838707,DONE,51.4234127,-2.6714149,0.003,0.0
2026-03-17 16:31:50.430634,DONE,51.4234127,-2.6714149,0.003,0.0
2026-03-17 16:31:51.847064,DONE,51.4234127,-2.6714149,0.003,0.0
2026-03-17 16:31:53.182549,DONE,51.4234127,-2.6714149,0.003,0.0
2026-03-17 16:31:54.572780,DONE,51.4234127,-2.6714149,0.003,0.0
2026-03-17 16:31:55.991902,DONE,51.4234127,-2.6714149,0.003,0.0
2026-03-17 16:31:57.367240,DONE,51.4234127,-2.6714149,0.003,0.0
2026-03-17 16:31:58.783261,DONE,51.4234127,-2.6714149,0.003,0.0
2026-03-17 16:32:00.158823,DONE,51.4234127,-2.6714149,0.003,0.0
2026-03-17 16:32:01.483844,DONE,51.4234127,-2.6714149,0.003,0.0
2026-03-17 16:32:02.840945,DONE,51.4234127,-2.6714149,0.003,0.0
2026-03-17 16:32:04.185827,DONE,51.4234127,-2.6714149,0.003,0.0
2026-03-17 16:32:05.524878,DONE,51.4234127,-2.6714149,0.003,0.0
2026-03-17 16:32:06.855301,DONE,51.4234127,-2.6714149,0.003,0.0
2026-03-17 16:32:08.229947,DONE,51.4234127,-2.6714149,0.003,0.0
2026-03-17 16:32:09.571273,DONE,51.4234127,-2.6714149,0.003,0.0
2026-03-17 16:32:10.905385,DONE,51.4234127,-2.6714149,0.003,0.0
2026-03-17 16:32:12.265973,DONE,51.4234127,-2.6714149,0.003,0.0
2026-03-17 16:32:13.761361,DONE,51.4234127,-2.6714149,0.003,0.0
2026-03-17 16:32:15.110501,DONE,51.4234127,-2.6714149,0.003,0.0
2026-03-17 16:32:16.470718,DONE,51.4234127,-2.6714149,0.003,0.0
2026-03-17 16:32:17.773565,DONE,51.4234127,-2.6714149,0.003,0.0
2026-03-17 16:32:19.110299,DONE,51.4234127,-2.6714149,0.003,0.0
2026-03-17 16:32:20.521526,DONE,51.4234127,-2.6714149,0.003,0.0
2026-03-17 16:32:21.849291,DONE,51.4234127,-2.6714149,0.003,0.0
2026-03-17 16:32:23.190937,DONE,51.4234127,-2.6714149,0.003,0.0
2026-03-17 16:32:24.558269,DONE,51.4234127,-2.6714149,0.003,0.0
2026-03-17 16:32:25.931047,DONE,51.4234127,-2.6714149,0.003,0.0
2026-03-17 16:32:27.398216,DONE,51.4234127,-2.6714149,0.003,0.0
2026-03-17 16:32:28.763686,DONE,51.4234127,-2.6714149,0.003,0.0
2026-03-17 16:32:30.123385,DONE,51.4234127,-2.6714149,0.003,0.0
2026-03-17 16:32:31.526232,DONE,51.4234127,-2.6714149,0.003,0.0
2026-03-17 16:32:32.944315,DONE,51.4234127,-2.6714149,0.003,0.0
2026-03-17 16:32:34.362025,DONE,51.4234127,-2.6714149,0.003,0.0
2026-03-17 16:32:35.798552,DONE,51.4234127,-2.6714149,0.003,0.0
2026-03-17 16:32:37.406266,DONE,51.4234127,-2.6714149,0.003,0.0
2026-03-17 16:32:38.755349,DONE,51.4234127,-2.6714149,0.003,0.0
2026-03-17 16:32:40.241576,DONE,51.4234127,-2.6714149,0.003,0.0
2026-03-17 16:32:41.675379,DONE,51.4234127,-2.6714149,0.003,0.0
2026-03-17 16:32:43.223495,DONE,51.4234127,-2.6714149,0.003,0.0
2026-03-17 16:32:44.645325,DONE,51.4234127,-2.6714149,0.003,0.0
2026-03-17 16:32:45.993921,DONE,51.4234127,-2.6714149,0.003,0.0
2026-03-17 16:32:47.339890,DONE,51.4234127,-2.6714149,0.003,0.0
2026-03-17 16:32:48.972574,DONE,51.4234127,-2.6714149,0.003,0.0
2026-03-17 16:32:50.657994,DONE,51.4234127,-2.6714149,0.003,0.0
2026-03-17 16:32:52.151657,DONE,51.4234127,-2.6714149,0.003,0.0
2026-03-17 16:32:53.587370,DONE,51.4234127,-2.6714149,0.003,0.0
2026-03-17 16:32:55.248855,DONE,51.4234127,-2.6714149,0.003,0.0
2026-03-17 16:32:57.129348,DONE,51.4234127,-2.6714149,0.003,0.0
2026-03-17 16:32:58.835429,DONE,51.4234127,-2.6714149,0.003,0.0
2026-03-17 16:33:00.605432,DONE,51.4234127,-2.6714149,0.003,0.0
2026-03-17 16:33:02.196635,DONE,51.4234127,-2.6714149,0.003,0.0
2026-03-17 16:33:03.981678,DONE,51.4234127,-2.6714149,0.003,0.0
2026-03-17 16:33:05.697114,DONE,51.4234127,-2.6714149,0.003,0.0
2026-03-17 16:33:07.332212,DONE,51.4234127,-2.6714149,0.003,0.0
2026-03-17 16:33:08.869233,DONE,51.4234127,-2.6714149,0.003,0.0
2026-03-17 16:33:10.254661,DONE,51.4234127,-2.6714149,0.003,0.0
2026-03-17 16:33:11.661190,DONE,51.4234127,-2.6714149,0.003,0.0
2026-03-17 16:33:13.073258,DONE,51.4234127,-2.6714149,0.003,0.0
2026-03-17 16:33:14.539409,DONE,51.4234127,-2.6714149,0.003,0.0
2026-03-17 16:33:16.082653,DONE,51.4234127,-2.6714149,0.003,0.0
2026-03-17 16:33:17.496614,DONE,51.4234127,-2.6714149,0.003,0.0
2026-03-17 16:33:18.889988,DONE,51.4234127,-2.6714149,0.003,0.0
2026-03-17 16:33:20.325332,DONE,51.4234127,-2.6714149,0.003,0.0
2026-03-17 16:33:21.839436,DONE,51.4234127,-2.6714149,0.003,0.0
2026-03-17 16:33:23.382897,DONE,51.4234127,-2.6714149,0.003,0.0
2026-03-17 16:33:24.944024,DONE,51.4234127,-2.6714149,0.003,0.0
2026-03-17 16:33:26.390182,DONE,51.4234127,-2.6714149,0.003,0.0
2026-03-17 16:33:27.842230,DONE,51.4234127,-2.6714149,0.003,0.0
2026-03-17 16:33:29.315478,DONE,51.4234127,-2.6714149,0.003,0.0
2026-03-17 16:33:30.999172,DONE,51.4234127,-2.6714149,0.003,0.0
2026-03-17 16:33:32.689123,DONE,51.4234127,-2.6714149,0.003,0.0
2026-03-17 16:33:34.325572,DONE,51.4234127,-2.6714149,0.003,0.0
2026-03-17 16:33:35.782374,DONE,51.4234127,-2.6714149,0.003,0.0
2026-03-17 16:33:37.110907,DONE,51.4234127,-2.6714149,0.003,0.0
2026-03-17 16:33:38.448977,DONE,51.4234127,-2.6714149,0.003,0.0
2026-03-17 16:33:39.824617,DONE,51.4234127,-2.6714149,0.003,0.0
2026-03-17 16:33:41.266683,DONE,51.4234127,-2.6714149,0.003,0.0
2026-03-17 16:33:42.815282,DONE,51.4234127,-2.6714149,0.003,0.0
2026-03-17 16:33:44.224254,DONE,51.4234127,-2.6714149,0.003,0.0
2026-03-17 16:33:45.634197,DONE,51.4234127,-2.6714149,0.003,0.0
2026-03-17 16:33:47.025898,DONE,51.4234127,-2.6714149,0.003,0.0
2026-03-17 16:33:48.495825,DONE,51.4234127,-2.6714149,0.003,0.0
2026-03-17 16:33:50.403251,DONE,51.4234127,-2.6714149,0.003,0.0
2026-03-17 16:33:52.331044,DONE,51.4234127,-2.6714149,0.003,0.0
2026-03-17 16:33:54.259789,DONE,51.4234127,-2.6714149,0.003,0.0
2026-03-17 16:33:56.161785,DONE,51.4234127,-2.6714149,0.003,0.0
2026-03-17 16:33:57.185725,DONE,51.4234127,-2.6714149,0.003,0.0
2026-03-17 16:33:59.027875,DONE,51.4234127,-2.6714149,0.003,0.0
2026-03-17 16:34:00.833033,DONE,51.4234127,-2.6714149,0.003,0.0
2026-03-17 16:34:02.507273,DONE,51.4234127,-2.6714149,0.003,0.0
2026-03-17 16:34:04.392932,DONE,51.4234127,-2.6714149,0.003,0.0
2026-03-17 16:34:06.052553,DONE,51.4234127,-2.6714149,0.003,0.0
2026-03-17 16:34:07.785746,DONE,51.4234127,-2.6714149,0.003,0.0
2026-03-17 16:34:09.340587,DONE,51.4234127,-2.6714149,0.003,0.0
2026-03-17 16:34:11.064163,DONE,51.4234127,-2.6714149,0.003,0.0
2026-03-17 16:34:12.899038,DONE,51.4234127,-2.6714149,0.003,0.0
2026-03-17 16:34:14.776691,DONE,51.4234127,-2.6714149,0.003,0.0
2026-03-17 16:34:16.379879,DONE,51.4234127,-2.6714149,0.003,0.0
2026-03-17 16:34:17.739378,DONE,51.4234127,-2.6714149,0.003,0.0
2026-03-17 16:34:19.069523,DONE,51.4234127,-2.6714149,0.003,0.0
2026-03-17 16:34:20.476661,DONE,51.4234127,-2.6714149,0.003,0.0
2026-03-17 16:34:21.860774,DONE,51.4234127,-2.6714149,0.003,0.0
2026-03-17 16:34:23.359726,DONE,51.4234127,-2.6714149,0.003,0.0
2026-03-17 16:34:24.986494,DONE,51.4234127,-2.6714149,0.003,0.0
2026-03-17 16:34:26.554951,DONE,51.4234127,-2.6714149,0.003,0.0
2026-03-17 16:34:28.131112,DONE,51.4234127,-2.6714149,0.003,0.0
2026-03-17 16:34:29.621586,DONE,51.4234127,-2.6714149,0.003,0.0
2026-03-17 16:34:31.011147,DONE,51.4234127,-2.6714149,0.003,0.0
2026-03-17 16:34:32.349731,DONE,51.4234127,-2.6714149,0.003,0.0
2026-03-17 16:34:33.672448,DONE,51.4234127,-2.6714149,0.003,0.0
2026-03-17 16:34:35.105814,DONE,51.4234127,-2.6714149,0.003,0.0
2026-03-17 16:34:36.425897,DONE,51.4234127,-2.6714149,0.003,0.0
2026-03-17 16:34:37.743240,DONE,51.4234127,-2.6714149,0.003,0.0
2026-03-17 16:34:39.093834,DONE,51.4234127,-2.6714149,0.003,0.0
2026-03-17 16:34:40.445205,DONE,51.4234127,-2.6714149,0.003,0.0
2026-03-17 16:34:41.759208,DONE,51.4234127,-2.6714149,0.003,0.0
2026-03-17 16:34:43.092189,DONE,51.4234127,-2.6714149,0.003,0.0
2026-03-17 16:34:44.405279,DONE,51.4234127,-2.6714149,0.003,0.0
2026-03-17 16:34:45.822195,DONE,51.4234127,-2.6714149,0.003,0.0
2026-03-17 16:34:47.165752,DONE,51.4234127,-2.6714149,0.003,0.0
2026-03-17 16:34:48.554950,DONE,51.4234127,-2.6714149,0.003,0.0
2026-03-17 16:34:50.181850,DONE,51.4234127,-2.6714149,0.003,0.0
2026-03-17 16:34:51.711061,DONE,51.4234127,-2.6714149,0.003,0.0
2026-03-17 16:34:53.067998,DONE,51.4234127,-2.6714149,0.003,0.0
2026-03-17 16:34:54.423966,DONE,51.4234127,-2.6714149,0.003,0.0
2026-03-17 16:34:55.796613,DONE,51.4234127,-2.6714149,0.003,0.0
2026-03-17 16:34:57.132470,DONE,51.4234127,-2.6714149,0.003,0.0
2026-03-17 16:34:58.496191,DONE,51.4234127,-2.6714149,0.003,0.0
2026-03-17 16:34:59.875991,DONE,51.4234127,-2.6714149,0.003,0.0
2026-03-17 16:35:01.237909,DONE,51.4234127,-2.6714149,0.003,0.0
2026-03-17 16:35:02.590483,DONE,51.4234127,-2.6714149,0.003,0.0
2026-03-17 16:35:03.977917,DONE,51.4234127,-2.6714149,0.003,0.0
2026-03-17 16:35:05.328470,DONE,51.4234127,-2.6714149,0.003,0.0
2026-03-17 16:35:06.639411,DONE,51.4234127,-2.6714149,0.003,0.0
2026-03-17 16:35:07.974862,DONE,51.4234127,-2.6714149,0.003,0.0
2026-03-17 16:35:09.378169,DONE,51.4234127,-2.6714149,0.003,0.0
2026-03-17 16:35:10.888549,DONE,51.4234127,-2.6714149,0.003,0.0
2026-03-17 16:35:12.353477,DONE,51.4234127,-2.6714149,0.003,0.0
2026-03-17 16:35:13.732512,DONE,51.4234127,-2.6714149,0.003,0.0
2026-03-17 16:35:15.155483,DONE,51.4234127,-2.6714149,0.003,0.0
2026-03-17 16:35:16.762702,DONE,51.4234127,-2.6714149,0.003,0.0
2026-03-17 16:35:18.522503,DONE,51.4234127,-2.6714149,0.003,0.0
2026-03-17 16:35:20.140050,DONE,51.4234127,-2.6714149,0.003,0.0
2026-03-17 16:35:21.653990,DONE,51.4234127,-2.6714149,0.003,0.0
2026-03-17 16:35:23.353848,DONE,51.4234127,-2.6714149,0.003,0.0
2026-03-17 16:35:25.080975,DONE,51.4234127,-2.6714149,0.003,0.0
2026-03-17 16:35:26.635421,DONE,51.4234127,-2.6714149,0.003,0.0
2026-03-17 16:35:28.175357,DONE,51.4234127,-2.6714149,0.003,0.0
2026-03-17 16:35:29.896289,DONE,51.4234127,-2.6714149,0.003,0.0
2026-03-17 16:35:31.336221,DONE,51.4234127,-2.6714149,0.003,0.0
2026-03-17 16:35:32.912011,DONE,51.4234127,-2.6714149,0.003,0.0
2026-03-17 16:35:34.600820,DONE,51.4234127,-2.6714149,0.003,0.0
2026-03-17 16:35:36.136343,DONE,51.4234127,-2.6714149,0.003,0.0
2026-03-17 16:35:37.535435,DONE,51.4234127,-2.6714149,0.003,0.0
2026-03-17 16:35:38.925485,DONE,51.4234127,-2.6714149,0.003,0.0
2026-03-17 16:35:40.308591,DONE,51.4234127,-2.6714149,0.003,0.0
2026-03-17 16:35:41.633642,DONE,51.4234127,-2.6714149,0.003,0.0
2026-03-17 16:35:43.002165,DONE,51.4234127,-2.6714149,0.003,0.0
2026-03-17 16:35:44.335648,DONE,51.4234127,-2.6714149,0.003,0.0
2026-03-17 16:35:45.758266,DONE,51.4234127,-2.6714149,0.003,0.0
2026-03-17 16:35:47.337346,DONE,51.4234127,-2.6714149,0.003,0.0
2026-03-17 16:35:48.760230,DONE,51.4234127,-2.6714149,0.003,0.0
2026-03-17 16:35:50.444308,DONE,51.4234127,-2.6714149,0.003,0.0
2026-03-17 16:35:51.924180,DONE,51.4234127,-2.6714149,0.003,0.0
2026-03-17 16:35:53.302544,DONE,51.4234127,-2.6714149,0.003,0.0
2026-03-17 16:35:54.745021,DONE,51.4234127,-2.6714149,0.003,0.0
2026-03-17 16:35:56.122100,DONE,51.4234127,-2.6714149,0.003,0.0
2026-03-17 16:35:57.497434,DONE,51.4234127,-2.6714149,0.003,0.0
2026-03-17 16:35:58.850384,DONE,51.4234127,-2.6714149,0.003,0.0
2026-03-17 16:36:00.224641,DONE,51.4234127,-2.6714149,0.003,0.0
2026-03-17 16:36:01.553562,DONE,51.4234127,-2.6714149,0.003,0.0
2026-03-17 16:36:02.913559,DONE,51.4234127,-2.6714149,0.003,0.0
2026-03-17 16:36:04.375372,DONE,51.4234127,-2.6714149,0.003,0.0
2026-03-17 16:36:05.709813,DONE,51.4234127,-2.6714149,0.003,0.0
2026-03-17 16:36:07.049917,DONE,51.4234127,-2.6714149,0.003,0.0
2026-03-17 16:36:08.391776,DONE,51.4234127,-2.6714149,0.003,0.0
2026-03-17 16:36:09.729486,DONE,51.4234127,-2.6714149,0.003,0.0
2026-03-17 16:36:11.059555,DONE,51.4234127,-2.6714149,0.003,0.0
2026-03-17 16:36:12.399575,DONE,51.4234127,-2.6714149,0.003,0.0
2026-03-17 16:36:13.803564,DONE,51.4234127,-2.6714149,0.003,0.0
2026-03-17 16:36:15.454025,DONE,51.4234127,-2.6714149,0.003,0.0
2026-03-17 16:36:16.964142,DONE,51.4234127,-2.6714149,0.003,0.0
2026-03-17 16:36:18.617576,DONE,51.4234127,-2.6714149,0.003,0.0
2026-03-17 16:36:19.680355,DONE,51.4234127,-2.6714149,0.003,0.0
2026-03-17 16:36:21.604891,DONE,51.4234127,-2.6714149,0.003,0.0
2026-03-17 16:36:23.337020,DONE,51.4234127,-2.6714149,0.003,0.0
2026-03-17 16:36:24.924992,DONE,51.4234127,-2.6714149,0.003,0.0
2026-03-17 16:36:26.575498,DONE,51.4234127,-2.6714149,0.003,0.0
2026-03-17 16:36:27.998552,DONE,51.4234127,-2.6714149,0.003,0.0
2026-03-17 16:36:29.411281,DONE,51.4234127,-2.6714149,0.003,0.0
2026-03-17 16:36:30.840235,DONE,51.4234127,-2.6714149,0.003,0.0
2026-03-17 16:36:32.479672,DONE,51.4234127,-2.6714149,0.003,0.0
2026-03-17 16:36:33.936120,DONE,51.4234127,-2.6714149,0.003,0.0
2026-03-17 16:36:35.628406,DONE,51.4234127,-2.6714149,0.003,0.0
2026-03-17 16:36:37.341610,DONE,51.4234127,-2.6714149,0.003,0.0
2026-03-17 16:36:38.693312,DONE,51.4234127,-2.6714149,0.003,0.0
2026-03-17 16:36:40.070457,DONE,51.4234127,-2.6714149,0.003,0.0
2026-03-17 16:36:41.423267,DONE,51.4234127,-2.6714149,0.003,0.0
2026-03-17 16:36:42.769968,DONE,51.4234127,-2.6714149,0.003,0.0
2026-03-17 16:36:44.105214,DONE,51.4234127,-2.6714149,0.003,0.0
2026-03-17 16:36:45.544905,DONE,51.4234127,-2.6714149,0.003,0.0
2026-03-17 16:36:46.895386,DONE,51.4234127,-2.6714149,0.003,0.0
2026-03-17 16:36:48.402437,DONE,51.4234127,-2.6714149,0.003,0.0
2026-03-17 16:36:50.010756,DONE,51.4234127,-2.6714149,0.003,0.0
2026-03-17 16:36:51.471626,DONE,51.4234127,-2.6714149,0.003,0.0
2026-03-17 16:36:52.857847,DONE,51.4234127,-2.6714149,0.003,0.0
2026-03-17 16:36:54.292455,DONE,51.4234127,-2.6714149,0.003,0.0
2026-03-17 16:36:55.728170,DONE,51.4234127,-2.6714149,0.003,0.0
2026-03-17 16:36:57.100420,DONE,51.4234127,-2.6714149,0.003,0.0
2026-03-17 16:36:58.477258,DONE,51.4234127,-2.6714149,0.003,0.0
2026-03-17 16:36:59.862450,DONE,51.4234127,-2.6714149,0.003,0.0
2026-03-17 16:37:01.223528,DONE,51.4234127,-2.6714149,0.003,0.0
2026-03-17 16:37:02.565561,DONE,51.4234127,-2.6714149,0.003,0.0
2026-03-17 16:37:03.953046,DONE,51.4234127,-2.6714149,0.003,0.0
2026-03-17 16:37:05.338674,DONE,51.4234127,-2.6714149,0.003,0.0
2026-03-17 16:37:06.677053,DONE,51.4234127,-2.6714149,0.003,0.0
2026-03-17 16:37:08.015901,DONE,51.4234127,-2.6714149,0.003,0.0
2026-03-17 16:37:09.361025,DONE,51.4234127,-2.6714149,0.003,0.0
2026-03-17 16:37:10.693779,DONE,51.4234127,-2.6714149,0.003,0.0
2026-03-17 16:37:12.442823,DONE,51.4234127,-2.6714149,0.003,0.0
2026-03-17 16:37:13.863819,DONE,51.4234127,-2.6714149,0.003,0.0
2026-03-17 16:37:15.223437,DONE,51.4234127,-2.6714149,0.003,0.0
2026-03-17 16:37:16.600022,DONE,51.4234127,-2.6714149,0.003,0.0
2026-03-17 16:37:18.145728,DONE,51.4234127,-2.6714149,0.003,0.0
2026-03-17 16:37:19.639650,DONE,51.4234127,-2.6714149,0.003,0.0
2026-03-17 16:37:20.984690,DONE,51.4234127,-2.6714149,0.003,0.0
2026-03-17 16:37:22.318188,DONE,51.4234127,-2.6714149,0.003,0.0
2026-03-17 16:37:23.662300,DONE,51.4234127,-2.6714149,0.003,0.0
2026-03-17 16:37:25.007085,DONE,51.4234127,-2.6714149,0.003,0.0
2026-03-17 16:37:26.344291,DONE,51.4234127,-2.6714149,0.003,0.0
2026-03-17 16:37:27.675615,DONE,51.4234127,-2.6714149,0.003,0.0
2026-03-17 16:37:28.986969,DONE,51.4234127,-2.6714149,0.003,0.0
2026-03-17 16:37:30.347077,DONE,51.4234127,-2.6714149,0.003,0.0
2026-03-17 16:37:31.671957,DONE,51.4234127,-2.6714149,0.003,0.0
2026-03-17 16:37:33.019168,DONE,51.4234127,-2.6714149,0.003,0.0
2026-03-17 16:37:34.363281,DONE,51.4234127,-2.6714149,0.003,0.0
2026-03-17 16:37:35.771402,DONE,51.4234127,-2.6714149,0.003,0.0
2026-03-17 16:37:37.129442,DONE,51.4234127,-2.6714149,0.003,0.0
2026-03-17 16:37:38.517357,DONE,51.4234127,-2.6714149,0.003,0.0
2026-03-17 16:37:39.864897,DONE,51.4234127,-2.6714149,0.003,0.0
2026-03-17 16:37:41.236380,DONE,51.4234127,-2.6714149,0.003,0.0
2026-03-17 16:37:42.725016,DONE,51.4234127,-2.6714149,0.003,0.0
2026-03-17 16:37:44.079446,DONE,51.4234127,-2.6714149,0.003,0.0
2026-03-17 16:37:45.482997,DONE,51.4234127,-2.6714149,0.003,0.0
2026-03-17 16:37:46.807744,DONE,51.4234127,-2.6714149,0.003,0.0
2026-03-17 16:37:48.162210,DONE,51.4234127,-2.6714149,0.003,0.0
2026-03-17 16:37:49.691214,DONE,51.4234127,-2.6714149,0.003,0.0
2026-03-17 16:37:51.215306,DONE,51.4234127,-2.6714149,0.003,0.0
